text,isFake,isHateSpeech,isToxic,predicted_isFake,predicted_isHateSpeech,predicted_isToxic
"... sie ist für jede/n anders und manche Menschen können einen Verlust ihrer Heimat nie verwinden, zerbrechen daran.",-1,-1,0,0,0,0
: Alles klar. Anscheinend kann der Gute den Beweis eh nicht führen. Aber mit dem Finger auf andere zeigen kann er schon mal ganz gut...,-1,-1,0,0,0,1
Wir werden überall benachteiligt.  Viele Mütter in Leipzig suchen seit Jahren Kindergartenplätze.  Die Neuhinzugekommenen aus Arabien kriegen ihn hinterhergeworfen. Vong Integration wegen...,-1,-1,0,1,1,1
kannst du dann ja indem du widersprichst!! Aber nehmen würdest du eines oder lieber sterben?,-1,-1,0,0,0,1
"da wird einmal etwas positives über Frau Schulze gesagt und schon fragen Sie nach. Bei den anderen Kommentaren, die wirklich grenzwertig sind, wird nicht moderiert. Ärgerlich.",-1,-1,0,0,0,0
Wahl der Schöffen für die  wird durchgeführt -,-1,-1,0,0,0,0
Jaja...es wird noch schlimmer bevor es richtig schlimm wird... |LBR| Mal ehrlich: Denis Yücel hatte irgendwie recht,-1,-1,0,0,0,0
Gleich bei Markus Lanz diskutiere ich über Leitkultur und Integration!,-1,-1,0,0,0,0
Ohne Verschwörungswahn geht im völkischen Milieu auch wirklich gar nichts mehr.,-1,-1,0,0,1,1
Die haben genug mit sich selbst zu tun. Da können sie sich nicht noch um die Belange des Volkes kümmern...,-1,-1,0,0,0,0
Ist doch klar: der Kampf Männer gegen Frauen und umgekehrt soll geschürt werden. Das ist Kulturmarxismus.,-1,-1,0,1,1,1
"Mitglieder des Bundestages drohen nicht mit Krieg, sondern werben parlamentarisch für Ihre Inhalte.",-1,-1,0,0,0,0
Überfüllter Held*innenplatz. Wir gehen von über 60.000 Menschen aus.,-1,-1,0,0,0,0
ich war immer dafür das wie beim letzten mal die mitglieder entscheiden und nicht die funktionäre.,-1,-1,0,0,0,0
fröhlicher gruß aus dem metronom in meine alte heimat,-1,-1,0,0,0,0
NEEEEIN - immer noch der? Ich blockier Dich gleich,-1,-1,0,0,0,1
"Moin, moin  ""Für die Grünen geht es abwärts"" &gt; verstehe ich nicht, wo sie uns doch nun auch die Kosten für den ""Kohleausstieg"" aufbürden",-1,-1,0,0,0,0
"Es geht doch nicht darum , irgendetwas gegeneinander aufzurechnen. Jetzt zu diesem Zeitpunkt geht es um die Gefahr von rechts.",-1,-1,0,0,0,0
"Hat eigentlich mal ein Deutscher Diplomat die anderen Gefangenen in der Türkei besucht und nicht nur Denis""wünscheSaraziendenTod""Yücsel ??",-1,-1,0,1,1,1
sehr gern. Wir von der www.Pflegestimme.de würden gern hierzu die Möglichkeit erhalten dürfen.,-1,-1,0,0,0,0
"Ja, viele Migranten fühlen sich diesem Land eindeutig verbundener als viele „Eingeborenen“ - vielleicht weil angeborenes nicht so selbstverständlich ist? Oder weil ihre Vorfahren zur Zeit Hitlers diesen nicht gewählt haben, sie also diese Schuldgefühle nicht haben?",-1,-1,0,1,1,1
Auf dem Land gute Luft und schnelles Internet reicht vollkommen..,-1,-1,0,0,0,0
"Ein falsches Bild über PL zu erzeugen gehört heute genauso zur Tagespolitik, wie eine massive Hetze gg. RU und Putin (über bezahlte Kräfte!)",-1,-1,0,1,1,1
Folgende Frage stelle ich mal in den Raum. Wieviel Krankenhäuser gibt es in Deutschland ? Und wieviel sind davon überhaupt in der Lage Organe zu entnehmen ? Weiterhin kommt hinzu das die Kosten sehr hoch sind für diese Entnahme der Organe . Das Krankenhaus kann daran nicht verdienen.,-1,-1,0,0,0,0
Ich war zu Zeiten des kalten Krieges 1979 bei der BW. Damals war es noch eine Armee. Heute lacht die Welt über den Verein. Leider!!,-1,-1,0,0,0,0
"Nur weil Rechte etwas fordern, muss es ja nicht falsch sein. Beamter der  übt sich mit dem einzigen Protestierenden im Dialog übers Grundgesetz.",-1,-1,0,0,0,0
"Guter satirischer Schlusssatz vom CDU - Typ: ""Wir sind die Niedersachsen, stockdoof und krummgewachsen...""",-1,-1,0,0,1,0
Gebetsmühlenartige Aufrufe dem Terror nur zu trotzen sind Zeichen der Unfähigkeit dieser Politiker wirksam gegen diesen vorzugehen!,-1,-1,0,1,0,1
"""Der einzige Grund, warum viele Leute denken, die Existenz Gottes und das Wesen der Seele seien schwer zu erkennen liegt darin, das Sie Ihren Geist niemals von den Sinnen ablenken und über die Körperwelten erheben."" — René Descartes (1596-1650), französischer Philosoph, Mathematiker und Naturwissenschaftler",-1,-1,0,0,0,0
"Genau wie fast alle Türkei-Gefangenen mit deutschen Pass (Sind für mich keine Deutschen), sind Türken und unterstehen türkischer Justiz!",-1,-1,0,1,1,1
"Antrag 31 wird aufgerufen: Es soll geklärt werden, wer als Geistlicher im Ehrenamt betrachtet wird und wer nicht -",-1,-1,0,0,0,0
"Es ist gar nicht unsere Veranstaltung, sondern wir haben hier hingewiesen. Sieht man aber auch im Link ...",-1,-1,0,0,0,0
"Das schlimme daran ist, das dieser sogenannte Eid, nicht mehr als ein Lippen Bekenntnis ist und man Merkel bei zuwiederhandlung nicht einmal Strafrechtlich belangen kann.",-1,-1,0,1,0,1
"Veranstaltet von  in Kooperation mit , -GISEP und -Economic and Trade Mission",-1,-1,0,0,0,0
Jedes 4 Kind in Deutschland ist arm. Rentner sammeln Flaschen. Familien bekommen keine Wohnungen. Arbeiten bis 67. Aber wir holen uns noch mehr Sozialfälle ins Land!!! Alles zum Wohl des Deutschen Volkes. Zeit dieses Land zu verlassen.,-1,-1,0,1,1,1
Der werte Herr soll mal lieber die muslimbrüder im Auge behalten und die Grauen Wölfe und die Islamisten die unter uns sind hat er genug mit zu tun,-1,-1,0,1,1,1
"Ab heute kooperieren wir offiziell mit dem Berliner , um den vielen Menschen dort zu helfen eine Unterkunft zu finden",-1,-1,0,0,0,0
Täglich lese ich über Notarzteinsätze bei der DB aber ohne Hintergrundinformationen.Was macht ein Arzteinsatz erforderlich.,-1,-1,0,0,0,0
"Dummheit kann sehr hässlich sein, wie man hier sieht!",-1,-1,0,0,1,1
Wenn ich mir sowas wie Maischberger und Co anschaue fällt mir immer wieder Stasi Journalismus ein. |LBR|,-1,-1,0,0,0,0
Wer Kinder hat sollte schleunigst aufs Land ziehen. Am besten nicht in Germonney,-1,-1,0,1,1,1
"Die ""Rentenreform"" der SPD ist ein schlechter Scherz. Warum sollten nur Renter die länger als 35 Jahre gearbeitet haben eine Grundrente von 900 Euro bekommen, was noch unterhalb der Armutsgrenze liegt? Warum sollen Rentner, die weniger gearbeitet haben in noch größerer Armut leben müssen?",-1,-1,0,0,0,0
"Um den Kugelschreiber und die Handschriften, kommt man nicht drumrum, das sind eindeutige Beweise. In der internat. Presse ist man sich einig.",-1,-1,0,0,0,0
Sie sprechen mir aus dem Herzen und sicherlich Millionen anderer auch . Wir sind viele die so denken und Stolz sind Deutsche zu sein . Es ist auch Deutsche Tugend hilfreich anderen gegenüber zu sein doch dieses Land kann allein nicht die Welt retten .,-1,-1,0,0,0,0
und viele wissen nicht dass bei dem Spender der Blutdruck steigt und manche stark schwitzen was bei einer normalen OP auf starke Schmerzen hinweist.....und warum werden sie angeschnallt!? ...... sie sind doch tot......,-1,-1,0,1,0,1
"ein Wunder, das Thomas Gottschalk nach der heutigen Eilmeldung, nicht eingeladen wurde...!",-1,-1,0,0,0,0
"Blödsinn hört halt auf die Städte so vollzustopfen Macht das Leben ausserhalb der Städte angenehmer mit besseren Strassen und besserem ÖPNV, besserem Internet, besserer Alltagsversorgung zum Beispiel",-1,-1,0,0,0,0
Als ilegalisierter Refugee im Iran natürlich undenkbar. Aber Rohollah gibt nicht auf - er ist momentan als Hilfsarbeiter tätig und hat sich genügend Geld für einen gebrauchten Laptop gespart - abends bringt er sich grad Adobe Illustrator mit Youtube-Tutorials bei.,-1,-1,0,0,0,0
"AfD-Banner bei Merkel-Auftritt: Polizei prüft Genehmigung  Die Stasi überwachte einst Honeckers ""Wahlkampf""  Merkel kennt sich aus",-1,-1,0,1,0,0
nicht nur das denn wenn du Glück hast dann bekommst du auch was nur halt mit irrsinnigen Zinsen die die Banken bei diesen Menschen mit wenig draufknallen. Hast du mehr bekommst du deinen Kredit mit so niedrigen Zinsen das diese Menschen den fast umsonst bekommen.,-1,-1,0,0,0,0
"ist das Medium für den linksgrünen Mob, der die Hetze gegen die AfD dann in Taten und Gewalt auslebt. Furchtbar.",-1,-1,0,1,1,1
Früher waren Templer ein Ort für Mönche und Kämpfer. Wir aber suchen Denker und wahre Ritter. Der wahre Ritter kam immer aus dem Volk.,-1,-1,0,0,0,0
", hier betreibt Rainer Wellnitz victim blaming bezüglich Mehmet Daimagüler. Finden Sie das in Ordnung?",-1,-1,0,0,1,0
"das wird sicher denjenigen, die akut suchen, nicht mehr helfen. Und nur wril es möglich ist, ist es nicht richtig. Das würde auch bedeuten , wril andere schlecht bezahlen, zahl ich auch schlecht. Es ist und bleibt unanständig!",-1,-1,0,0,0,1
"Was der Tauber, CDU neulich von sich gab, ist aber auch nicht gerade harmlos..",-1,-1,0,0,0,0
"Hätte das Volk das recht den Kanzler direkt zu wählen, wäre Merkel lange Geschichte.",-1,-1,0,0,0,0
Also ein Deutscher kann sich noch so anstellen er wird nie ein Österreicher...die besten Chancen haben die Bayern...,-1,-1,0,0,1,1
"Typen, wie die Kahane sind eine Geißel für die freie Meinungsäußerung (jetzt falle ich um vor Müdigkeit).",-1,-1,0,0,1,1
Verstanden habe ich Bericht und die Nachricht. Jedoch nicht verstanden habe ich warum das jetzt erst veröffentlicht wird!,-1,-1,0,0,0,0
"Und da ich selbst Vermieter bin, habe ich in einem absoluten Notfall ausgeholfen und einem Flüchtling ein Zimmer vermietet. Der hat, als seine Frau und die beiden Kinder nachkamen, eine Wohnung in Köln bekommen und die Miete von 1500 € wurde von der Stadt übernommen.",-1,-1,0,0,0,0
der tolle Kapitalismus bringt einem zum enteignen. Im Übrigen ist es legal jemanden zu enteignen wenn dieser horrende Summen einfordert.,-1,-1,0,1,0,1
Nicht nur posten.... Kosten mitteilen denn alles andere läuft nicht. Nicht einmal diese Website,-1,-1,0,0,0,0
"Ich schreibe nichts von Rassismus, ich erkläre dem Herrn  lediglich den Shitstorm, den er für den Titel bekommen hat.",-1,-1,0,0,0,0
", wäre es da nicht auch angebracht für eine ausgewogene Gästestruktur zu sorgen?",-1,-1,0,0,0,0
"Diese ""Retter"" bringen illegale Einwanderer, die keine Chance |LBR| auf ein Bleiberecht in Europa haben, in großer Zahl nach Italien. |LBR| Das schadet",-1,-1,0,1,1,1
mit freundlicher Unterstützung und Genehmigung der örtlichen Liberalen und Konservativen und eines damaligen Beschluss der gleichnamigen Bundesregierung für eine Marktorientierte Lösung. Ich bitte dies bei den nächsten einseitigen Behauptungen zu berücksichtigen und zu ergänzen!,-1,-1,0,0,0,0
fröhlicher gruß aus der schönsten stadt der welt theo,-1,-1,0,0,0,0
Wann fängt denn die Historie an? Und wann hört sie Ihrer Meinung nach auf?,-1,-1,0,0,0,0
blau hat auch Argumente. Aber die wollt ihr nicht hören,-1,-1,0,0,0,0
Ne bitte keine grüne. Ist ja nicht auszuhalten die Sendung,-1,-1,0,0,0,1
"Die ganzen Razzien in NRW, die Reul veranlasst, dienen ja nur dazu, der AFD den Wind aus den Segeln zu nehmen. Leider haben die Razzien aber keinerlei Konsequenzen. Alles vergebens.",-1,-1,0,1,0,0
Politik wir gut bezahlt...und bis auf deinen Namen fehlerfrei schreiben benötigst du keine weitere Qualifikation...,-1,-1,0,0,0,1
"Gelesen. Und festgestellt, dass ich hier NICHTS pauschal abwertendes über ""die Deutschen"" geschrieben habe. Auf der anderen Seite werde ich hier als Ausländer tituliert und genau das bemerkte und bemängelte ich im Eingangskommentar.",-1,-1,0,0,0,0
Merkels Sprecher stellt sich in die Ecke und schämt sich .das wars dann wohl!,-1,-1,0,0,0,1
Sehr gut die Diskursstrategie der Neuen Rechten und ihren rechten Gramscismus auf den Punkt gebracht.,-1,-1,0,0,0,0
"Ich bin Deutsche, liebe jedoch Europa in seiner Vielfalt.",-1,-1,0,0,0,0
Wenn man nicht mehr fliegen darf damit die Malediven nicht absaufen kann man genauso gut mal hinfliegen. Dann hat man sie wenigstens mal gesehen. Ist ne einfache Sache.,-1,-1,0,0,0,0
"Es handelt sich um völkische, diktatorische Einparteien-Fantasien, bei denen der politische Gegner vor dem Volksgerichtshof landen soll. Das ist klassisches antiparlamentarisches und antidemokratisches Geschwätz, wie man es von den Vordenkern der Neuen Rechten, der sog. ""Konservativen Revolution"" der Weimarer Republik, kennt.",-1,-1,0,0,1,1
"Das will ich hoffen, denn es gibt ja verifizierte öffentlich einsehbare Listen, die belegen wie krass überproportional die Grünen bei den öffentlichen rechtlichem Sendern ihre Ideologien verbreiten dürfen. DAS NERVT! Und es ist eine Ungleichbehandlung gegenüber den anderen Parteien.",-1,-1,0,0,0,0
freut mich sehr wenn ich ihnen die Bestätigung gegeben hab .,-1,-1,0,0,0,0
"Dann müssten die Grünen nur noch eben schnell erklären, wie es ohne Import während Dunkelflauten wie am Freitag um 1700 Uhr gehen soll.  CL",-1,-1,0,0,0,0
"Sie werden in den Sendungen von  und  grundsätzlich nie ein Interview zu Themen wie Euro, Diesel, Bienensterben, Hambacher Forst und alles andere erleben. B-Debatte müssen sie bringen, zu oft mit dummen Antikommentaren begleitet. Ob uns Höcke passt oder nicht. Es steht den Sendern nicht zu, zu filtern.",-1,-1,0,0,0,0
"dürfen hier nur ""kollegen"" ihre meinung und ihr wissen mitteilen?",-1,-1,0,0,0,0
Ich schlage vor jedem Abgeordneten im Bundestag den Koran zur Pflicht Lektüre werden zu lassen. 90%kennen ihn gar nicht.,-1,-1,0,0,0,0
Ich hätte den Link aber gerne von ihnen!,-1,-1,0,0,0,0
"Nein, so sieht es nicht das Gesetz. Es gibt das Strafrecht und das Asylrecht. Straftäter sollten hier vor Gericht.",-1,-1,0,0,0,0
"Ist das wirklich das produktivste was du hinzuzufügen hast, während wir ein Zimmer für eine geflüchtete Person suchen?",-1,-1,0,0,0,1
"Wir sind selbstverständlich regierungsfähig und bereit, Regierungsverantwortung zu übernehmen. |LBR| Wer legt eigentlich fest, wer regierungsfähig ist?",-1,-1,0,0,0,0
"Nun ja, diese Aufgeregtheit in den Untiefen der Extremismustheorie und den damit verbundenen autoritären Charakteren haben Lipset, Adorno und auch Fromm bereits vor vielen Jahrzehnten eindrücklich beschrieben.",-1,-1,0,0,0,0
Heute vor 100 Jahren konnte  seine Unabhängigkeit erklären - und zwar erst dank der russischen Revolution. !,-1,-1,0,0,0,0
Das ist doch nicht wirklich ernst gemeint,-1,-1,0,0,0,0
Ethnische Deutsche also schon einige Generationen,-1,-1,0,0,0,0
"Er ist gerecht, ein Helfer wert, |LBR| Sanftmütigkeit ist sein Gefährt, |LBR| sein Königskron' ist Heiligkeit, |LBR| sein Zepter ist Barmherzigkeit; |LBR| all uns're Not zum End' er bringt, |LBR| derhalben jauchzt, mit Freuden singt: |LBR| Gelobet sei mein Gott, |LBR| mein Heiland groß von Tat.",-1,-1,0,0,0,0
Weil die gestörten Deutschen sich alles gefallen lassen obwohl sie die Macht hätten es zu ändern,-1,-1,0,1,1,1
"Der Ausnahmezustand ist zum 6x verlängert worden. |LBR| Die Regierung in der Türkei regiert nicht demokratisch, sondern nur durch Notstandsgesetze.",-1,-1,0,1,0,0
", das versuchen Sie mal, egal wie man politisch eingestellt ist! Heute wird nicht mehr vernünftig diskutiert und andere Meinungen akzeptiert...",-1,-1,0,0,0,0
Längere Diskussion auf |er  über die Frage der Anlage-Richtlinien für die Gemeinden -,-1,-1,0,0,0,0
bitte sie können doch dann gerne die ungenannten kosten übernehmen,-1,-1,0,0,0,0
Zur Erinnerung es gibt eine große Bürgerliche Mehrheit im Bundestag aber Grundvoraussetzung ist Merkel u Schergen müssen weg |LBR| AFD wählen,-1,-1,0,1,1,1
", ich kenne sehr viele Menschen. Aber nicht einer wurde schon einmal befragt oder kennt einen, der befragt wurde. Woher kommen die Hochrechnungen und Umfragewerte? Auf jedem Fall nicht von Befragungen des Durchschnittbürgers!",-1,-1,0,1,0,0
"Viele der sogenannten Eliten werden bald in den Knast gehen,",-1,-1,0,1,1,1
"Die Mär vom »unausweichlichen Dienst in « ist längst geschichtswissenschaftlich widerlegt worden. Außerdem meldete  sich FREIWILLIG zur SS &amp; unterstützte so ideologisch das deutsche NS-System! Er war genauso ein Teil des , wie jeder andere  auch!",-1,-1,0,1,1,1
: Und was hat das mit dem Thema zu tun?,-1,-1,0,0,0,0
Na hoffentlich fallen die diensthabenden -Beauftragten angesichts solcher Artikel nicht gerade reihenweise in Ohnmacht.,-1,-1,0,0,0,1
"Hier in diesem Vortrag wird der Umverteilungmechanismus über den Produktionsf. ""Boden"" erklärt. Ab Minute 33:00 wird an einem Beispiel das ""Henry George Theorem"" mit dem Resultat des höheren Einkommens dargestellt. , wieso ladet ihr eigentlich nicht mal Experten zu diesem Thema wie Professor Dirk Löhr in die Sendung ein? https://www.youtube.com/watch?v=TMOStc_Zys4",-1,-1,0,0,0,0
"Haben Sie keine Angst, Ihre Vorurteile ehrlich zu prüfen und die Wahrheit selber zu suchen, so wie die Männer im Artikel. Das ist spannend.",-1,-1,0,0,0,0
"Also, wie macht man es richtig, wenn man gefragt wird? Man antwortet doch mit der bekannten Position, oder? Und die ist unverändert... CL",-1,-1,0,0,0,0
"Politiker sind Schauspieler, aber äußerst fiese, da sie ihre Rollen nicht nur spielen, sonder sie leben und sich noch selbst hoch bezahlen.",-1,-1,0,0,1,1
"Ähm, lass mich in diesem Zusammenhang mal Jesus zitieren: ""Was zeigst du auf den Splitter in deines Bruders Auge, und siehst den Balken in deinem eigenen Auge nicht!?""",-1,-1,0,0,0,0
"Riesiger Sturm in D - die ersten Toten gibts auch - Züge dürfen nicht mehr fahren - alles also ganz normal, bis auf den Umstand, dass der CERN auf Hochtouren läuft. Aber Geoengeneering gibts ja angeblich nicht. Hier in Ungarn ist übrigens nichts.",-1,-1,0,1,0,0
"Argumente wirken besser, wenn man sachlich bleibt. Unfähig u.unehrlich ist das richtige Wort..",-1,-1,0,0,0,1
Kleinstaat Tschechei läßt keine Moslems in Land. Die  schon. Also lieber Kleinstaat der Interessen seiner Bürger vertritt,-1,-1,0,1,1,1
"Ach, wieder die Passbeschenkte. Ginge es nach der AfD, wären Sie gar nicht in Deutschland!",-1,-1,0,1,1,1
Yep....ich laufe...nicht weg sondern hinterher..! |LBR| und jetzt heul lauter...aber in die andere Richtung.,-1,-1,0,0,0,1
"Sie war freundlich, mäßigend, absolut sympathisch. Sogar  gegenüber.",-1,-1,0,0,0,0
das trifft leider auch auf erschreckend viele Deutsche zu. ..,-1,-1,0,0,0,0
Wegen antisemitischer Rufe von Fans wurde Energie Cottbus mit einer Geldstrafe und umfassenden Auflagen zur Prävention bedacht. Dieses Urteil des NOFV-Sportgerichts wurde nach einer Berufung nun aufgehoben. |LBR| Die Vorfälle bleiben für den Verein straffrei. |LBR|,-1,-1,0,0,1,0
"Sanktionen gegen Russland sind Eigentore und schaden den |LBR| Europäern. Jagt sie davon, diese ""Verhänger"". Wir brauchen sie nicht.",-1,-1,0,1,1,1
Besser kann man ein Bild des Grauens nicht malen.... |LBR| Was kommt als nächstes..?,-1,-1,0,0,0,1
Wir sind fassungslos und traurig. Unsere Gedanken sind bei den Opfern der furchtbaren Schießerei in Orlando und ihren Angehörigen. ^ml,-1,-1,0,0,0,0
"Wie würde denn jetzt in der Praxis sein, große Bauträger werden sich für ein paar Euro Verkäufer einstellen die für sie die Wohnungen verkaufen... Super SPD wieder eine Branche ruiniert Ihr könnt stolz auf euch sein",-1,-1,0,0,0,1
Die Dame besitzt ein Haus! Für das Geld hätte sie auch eine kleine Wohnung in Düsseldorf mieten können! Man kann nicht alles haben im Leben. Und beim Hausbau war es ihre Entscheidung...also bitte mit den Konsequenzen leben oder versetzen lassen!,-1,-1,0,0,0,0
"Ingrid Hitz Deine Lesekompetenz lässt doch arg zu wünschen übrig. Ich bin übrigens Deutscher. Und Neo-Eugenik ist scheisse, warum, muss ich Dir bestimmt nicht erklären.",-1,-1,0,0,1,1
Schlechte bezahlung für richtige Arbeit ?????? Wieviel verdienen eingentlich die Redakteure im Monat ????? Was?,-1,-1,0,0,0,0
"Man achte auf die Bemerkung... Das Motiv der Attacke sei unklar, so der NDR. |LBR| Die bei NDR brauchen dringendst schlauere Köpfe...",-1,-1,0,0,0,1
"Ich bin selbst Vermieter. Absoluter Blödsinn, Paul Lenz. Die Flüchtlinge wollen in die Stadt weil dort ihre Landsleute leben. Sie fliehen aus den Flüchtlingsheimen auf dem Land in die Stadt.",-1,-1,0,0,0,0
Welcher deutsche Ureinwohner? Der Franke? Oder der Bayer oder Sachse? Welchen der vielen Autochthonen meinst Du?,-1,-1,0,0,0,0
dann geh doch zurück in dein land wenns dir nicht passt,-1,-1,0,0,1,1
"Guten Morgen an alle, die hier schon länger leben |LBR| Eure Kanzlerin",-1,-1,0,0,0,0
Amis hätten alles und jeden gewählt...nur Hillary wollten sie nicht und eine Fortsetzung von Obama-Politik erst recht nicht..!,-1,-1,0,1,0,0
Jo Mann...du hast es drauf..du weißt wovon du redest...,-1,-1,0,0,0,0
"Peter Filzmaier gefällt uns sehr gut, er hakt ein, wenn  leider noch zuhört... //Team Boris Palmer Watch",-1,-1,0,0,0,0
"Es ist schön zu sehen, wie viel Unterstützung der Hashtag  hat. Homophobie ist keine Meinung.",-1,-1,0,0,1,0
"Ich bin ganz klar für die Besteuerung. Nur müssen Einkommen bis 7.100 Euro entlastet werden und darüber hinaus wesentlich stärker belastet. Speziell bei Renten benötigen wir nicht nur eine Untergrenze, sondern auch eine Obergrenze.",-1,-1,0,0,0,0
"Rund 200-300 Demonstrierende bei pro-palästinensischer Kundgebung am . Alles halbwegs ruhig, keine auffälligen Flaggen.",-1,-1,0,0,0,0
"Normal denkend und als Dolmetscher einer slawischen Sprache über ausreichend Kenntnisse verfügend, die den Osten betreffen",-1,-1,0,0,0,0
"Pech würde ich nicht sagen,dass war kein halten des Niveaus um nach vorne zukommen.Also noch eine Alltagsfliege wie Hopp!",-1,-1,0,0,0,0
"Nein, wer solche blasphemischen Fragen wie Sie stellt, ist natürlich ein ganz harter brauner Nazi. :D Und ja, das war Ironie ;)",-1,-1,0,1,1,1
Übrigens auch neben  eine sehr passende Botschaft zum . Allen Teilnehmerinnen und Teilnehmern heute viel Spaß.,-1,-1,0,0,0,0
Gibt es irgendwann irgendwo auch fähiges Personal?...da könnte man doch glatt Absicht unterstellen,-1,-1,0,0,0,1
Sehr gut ! Dann die Komments von Leuten die sich lieber Pol.Korrekt bescheißen lassen und sich über Fäk-nee Scheißsprache beklagen!,-1,-1,0,1,1,1
"Es ist schon blöd, wenn man das Wort Heimat und Besitz, nicht trennen kann!",-1,-1,0,0,0,0
"war mal , sie leben in der Vergangenheit, tut ihrer seele nicht gut",-1,-1,0,0,0,0
"Wenn ich die Mieten von Berlin und Düsseldorf vergleiche, dann ist Berlin immer noch günstiger",-1,-1,0,0,0,0
"Noch nix von Neusprech und political correctness gehört?  Linke zeigen einen an und mobben einen aus der Gesellschaft,  wenn man unbequeme Wahrheiten benennt. Man ist ein Hetzer... Im alten Testament nannte man solche Leute Propheten",-1,-1,0,1,1,1
Unter  wird über das Protestzelt gegen  nach  getwittert.,-1,-1,0,0,0,0
ist ja schlimmer hier als damals in der DDR,-1,-1,0,0,0,1
Demokratie in Spanien? |LBR| Wer anderer Meinung ist wird entmachtet! |LBR| Kämpft für eure Freiheit! |LBR|,-1,-1,0,1,1,1
Warum kann man den Ausweis nicht digital über die Gesundheitskarte speichern..,-1,-1,0,0,0,0
Bravo.....meine Worte. Es steigt beim Spender der Blutdruck und manche schwitzen stark was bei einer normalen OP auf starke Schmerzen hinweist..... sie werden fest geschnallt weil sie Regung zeigen..... tot ist anders !,-1,-1,0,1,0,1
"Norbert der Grüne, willst ne Packung Mitleid? schenke ich dir und all deine Lauchfreunden. |LBR| Das du mir die Mauer wünscht ist aber nicht nett.",-1,-1,0,1,1,1
"Mag sein, geht aber nur bei ausreichenden Einkommen, wenn man nicht das Risiko eingehen möchte, den eigenen Hauskredit nach der 10 Jahre Zinsbindung nicht mehr bedienen zu können ;) Zudem fordert gerade die FDP die maximal Flexibilität des Arbeitnehmers, was einem Immobilienbesitz zur Eigennutzung widerstrebt",-1,-1,0,0,0,0
"Alles ein Riesengeschäft,Ich bin überzeugt das ein finanzstarker Patient schneller ein Organ bekommt als Lieschen Müller! Geld regiert die Welt!",-1,-1,0,1,0,1
"Ich wünsch mir Mitte-Links, aber die Zeiten, als wünschen noch geholfen hat, sind vorbei..",-1,-1,0,0,0,0
"welcher? der deutschen, der eurotransplant? kein franzose gäbe uns auch nur seinen wurmfortsatz! - oder der weltgemeinschaft?",-1,-1,0,1,1,1
"ich entschuldige mich für meine Ausdrucksweise, trotzdem denke ich, dass die Menschen die es miterlebt haben, nicht mehr so sorgenfrei die Grünen wählen.",-1,-1,0,0,0,0
"Würde gern ""gefällt mir"" klicken, aber keine Urlaubstage haben, gefällt mir gar nicht ;-)",-1,-1,0,0,0,0
Ok falls sie mal eines brauchen sollten würden sie diese Aussage auch machen? Ich bezweifle das stark! Es sei denn sie haben sich selbst aufgegeben!,-1,-1,0,0,0,1
"Das wird das Problem sein, statt Bildung bekommen sie „Aus-bildung“",-1,-1,0,0,1,1
wo steht denn was ich gewählt habe.Mir geht es um eigene Meinung,-1,-1,0,0,0,0
"damit ihnen alle nach dem mund quatschen? stimmt, dann wirds bestimmt besser...  off |LBR| aber gut, hatten wir ja alles schon mal",-1,-1,0,0,0,1
"Mittlerweile spielt der AfD-Politiker und Reichsbürger aus Franken die ganze Klaviatur des völkischen Nationalismus, nämlich neben antisemitischem Verschwörungswahn auch knallharten Rassismus.",-1,-1,0,0,1,1
"Heute ist der dritte Tag der Sondierungsgespräche mit der Union. |LBR| Gestern ganztägig bis Mitternacht verhandelt. Konzentrierte, teilweise schwierige und kontroverse, aber weitgehend professionelle Verhandlungen. |LBR| Wie immer gilt: Nichts ist vereinbart, bevor alles vereinbart ist.",-1,-1,0,0,0,0
"Aus gutem Grund ist die AfDerpartei um Faschist Landolf Ladig, aka Bernd Höcke abzulehnen.",-1,-1,0,1,1,1
Gehte hin und verbreitet Freude.... schon wieder futsch das Motto? :D,-1,-1,0,0,0,0
"Wer bewertet denn in Zukunft für die ganzen Immobilienbesitzer die Häuser nach Sachwertverfahren Vergleichswertverfahren, das örtliche Schiedsgericht die machen dann Gefälligkeitsgutachten, das kann man sich in die Haare schmieren!",-1,-1,0,0,0,1
"... und vor allem örtlich zuständiger MdB. Und ja: Machen Sie mal Urlaub im . Entspannt total. Achtung, Werbung: Saar-Hunsrück-Steig, Baumwipfelpfad, Vauban-Stadt, Saar-Polygon,.... Schönen Sonntag!",-1,-1,0,0,0,0
2/2 Unsere Position zu Iran ist deutlich und unsere Stellungnahme hat diese reflektiert. Sie hatte nichts mit deutschen Politikern oder Bundesbehörden zu tun. Im Journalismus sollte es keinen Platz für solches Vorgehen geben.,-1,-1,0,0,0,0
SPD Sonderparteitag in Bonn. |LBR| Öffentliche Auszählung der Stimmen. Wer mit Nein gestimmt hat wird bestimmt saniert. |LBR| Das ist Demokratie! |LBR| Warum hat man nicht geheim abgestimmt und ausgezählt. Um Druck auf die Mitglieder der SPD auszuüben. Der Vorstand tut alles um weiter zu machen.,-1,-1,0,0,0,0
"Eine bürgerliche Mehrheit ist machbar, wenn man den klaren Kurs der CSU unterstützt.",-1,-1,0,0,0,0
"Wer für das Recht und die Gerechtigkeit unter den Völkern demonstriert und gleichsam zu Gewalt gegen Juden aufruft, der ist klar zu verurteilen, der hat sein Recht auf Demonstration verwirkt und handelt im Widerspruch zum Recht - Islam ist antirassitisch",-1,-1,0,1,1,1
Einmal ins Netz geschrieben wird es für immer bleiben. Sollte jeder vorher überdenken was er von sich gibt.,-1,-1,0,0,0,0
"Das sind im Dez. lt.  die wichtigsten Themen der Deutschen: Flüchtlinge 44%, Regierungsbildung 33%, Rente 13%, Soziale Gerechtigkeit 12%. Scheint bei der  aber niemanden zu interessieren.",-1,-1,0,0,0,0
"Wenn die Heimatgefühle zur Türkei so groß sind ,sollten sie zurück gehen",-1,-1,0,0,1,1
"Ibrahim Aydin weil er einen Diktator als seinen Präsidenten bezeichnet hat, aber in der deutschen Nationalmannschaft spielte?",-1,-1,0,0,1,0
"Bin ich froh, dass ich die seit Jahren boykottiere. Ein Mal VW und nie wieder",-1,-1,0,0,0,1
Der hat aber sein üppiges Gehalt im Griff . Diese Ausgabe konnte man voll in der Tonne hauen.....,-1,-1,0,0,0,1
"Den Terroristen dürfte es völlig egal sein, wer schuld ist, Hauptseite dem Ziel der Zwietracht, und jenen, die sich d beteiligen, nutzt es",-1,-1,0,1,1,1
"ähem, pausenlos wurde das vor Allem von den Grünen thematisiert.",-1,-1,0,0,0,0
"nicht das gefühl, sondern die heimat muss man sich verdienen.",-1,-1,0,0,0,0
"Erneut Bekanntschaft mit linkem Philosemitismus aus , der bevormundet, gemacht. Meinen kritischen Retweet der  vom »3. Weg« warf man mir sogar als Sympathie vor. Dass diese Partei doch gegen  sei, erklärte man mir oberlehrerhaft. Was ein Shmock!",-1,-1,0,1,1,1
"Ähem, die Luft in unseren Städten ist sauber wie schon lange nicht mehr, Waldsterben und Ozonloch sind Geschichte...",-1,-1,0,1,0,0
Es sollte doch heißen Sie wissen doch. Wissen ist Macht. Nichts wissen macht nix.Nun den quasseln kann Jeder. Handeln ist angesagt.,-1,-1,0,0,0,0
die Kritik ist in dem Fall auch total daneben. Ich bezweifle dass die Sendung angeschaut wurde.,-1,-1,0,0,0,0
Den Mann nehme ich nicht mehr für voll.Gegen ihn wird auch noch ermittelt im Rahmen des Diesel Skandale bei VW. Er ist ein ausgesprochener Machtmensch und führt sich bei VW auf wie ein Sonnenkönig.,-1,-1,0,0,0,1
"Kein Problem, ich fuhr gestern mit Gartenlatschen in die Stadt. Meine Tochter kaufte mir daraufhin ein Lätzchen ""Wer kleckert muss ins Heim""",-1,-1,0,0,0,0
Es gibt Kommentatoren denen kann und mag man keine Rückantwort geben!,-1,-1,0,0,0,1
"und jetzt? Allein schon die Tatsache, dass VW von sich aus nichts gemacht hat zeigt wie schuldbewusst VW ist.",-1,-1,0,0,0,0
"Das muss ich nicht Merkel fragen, das frage ich die Deutschen!",-1,-1,0,0,0,0
"Zusammen sind wir(stark)  . Gleich Ök.Gottesd., Festakt&amp;Empfang beim BP, dann",-1,-1,0,0,0,0
"Wer Millionen von Migranten unkontrolliert ins Land lässt, braucht sich über steigende Mieten nicht wundern. Haben die Politiker noch nie was von Angebot und Nachfrage gehört? Millionen Neubürger die keine Wohnungen, kein Kapital und keine Qualifikationen mitgebracht haben, sind Konkurenz für die ärmeren Einheimischen.",-1,-1,0,1,1,1
Es wird kein Politiker die erforderlichen Maßnahmen vertreten die Klimaveränderungen auch nur bremsen könnten.Er würde nicht wiedergewählt werden.,-1,-1,0,1,0,0
Kinder u.Enkelkinder - stimmt - allerdings meine ich damit was ganz anderes als Sie ;),-1,-1,0,0,0,0
Abends kommen immer Themen für Ältere. Und dann Bernd das Brot,-1,-1,0,0,0,0
"aber leider schade, dass nur einer davon da ist, der wird dann wieder von allen angegriffen.",-1,-1,0,0,0,1
"Richtig, die deutsche Küche ist vielfältig und jeder Landstrich hat seine besonderen kulinarischen Eigenheiten. Diese werden in der Regel von den Eltern an die Kinder weitergeben und das ist auch eine Tradition.",-1,-1,0,0,0,0
"Dann hätte der Osten Lafontaine und nicht Kohl wählen dürfen, dann wäre die Landung sanfter gewesen.",-1,-1,0,0,0,0
"Diese Dankbarkeit erwartest Du sicherlich auch von den Neubürgern aus dem sehr nahen Osten, nicht wahr? Aber davon ab: NATÜRLICH bin ich sehr froh darüber, in einem Land wie Deutschland zu leben, es ist eines der grossartigsten Länder dieser Welt, sehen leider immer weniger (edit sag: BIO-)Deutsche so.",-1,-1,0,1,1,1
"Wenn ich körperlich nicht in der Lage bin eine Unterschrift zu leisten, werde ich sehr wohl gezwungen. Eine mündliche Äusserung zählt nämlich nicht. Schwerstbehinderte zum Beispiel.",-1,-1,0,0,0,0
"Anscheinend geht es nicht anders um der Profitgier einen Riegel vorzuschieben. Das gefällt hier einigen nicht. Aber wenn der Ottonormalverbraucher sich keine Wohnung mehr leisten kann , muss was passieren.",-1,-1,0,0,0,0
Das ist in Deutschland nicht strafbar...nur wenn deutsche Diebstähle begehen dann ist es anders...,-1,-1,0,1,1,1
"Ein Asylantrag der abgelehnt ist, darf nicht beanstandet werden! Basta! Dieser Blödsinn kostet Millionen und die Absahner tausende Anwälte!",-1,-1,0,1,1,1
"ja, es ist chic geworden Linksextremisten zu hofieren. Und  und Konsorten weiß das. Die sind nicht naiv.",-1,-1,0,1,1,1
""" Islamisierung,"" Das ist das schwachsinnigste Argument der letzen Jahre, was ich gehört habe. Wie oft wurdest du jetzt schon dazu gezwungen, zu einem islamischen Gottesdienst zu gehen?",-1,-1,0,1,1,1
"""Zustände, wie in Berlin und Köln""? Das ist realitätsfernes Feindbild-Geschwafel. Fehlen jetzt nur noch die blühenden Landschaften im Osten",-1,-1,0,1,1,1
Der Verfassungsbeschwerde steht im Stau. Räumt mal die Autobahnen frei dass sie es pünktlich schafft!,-1,-1,0,0,0,0
Ich muss dabei z. B. an Sylt denken... W A H N S I N N! Oder London.... Man könnte weiter aufzählen... Es geht nicht mehr ums Wohnen. Das ist so schrecklich..,-1,-1,0,0,0,1
"Die EU ist doch so gespalten, wenn die Engländer warten würden und zur EU-Wahl mitantreten würden würde es noch beschleunigt..",-1,-1,0,0,0,0
SPD hat fertig. Wenn nicht jetzt dann spätestens in 4 Jahren. 5% und selbst das ist noch zuviel,-1,-1,0,0,0,1
fragen sie mal die Bildzeitung . Mein lieber zinni ey,-1,-1,0,0,0,1
Die haben noch nichtmal ein funktionierendes Pfandsystem für Plastikflaschen,-1,-1,0,0,0,0
"Ich habe Ihnen die Kommunikationsstrategie der Neuen Rechten aufgezeigt, deren parlamentarischer Arm die AfD ist. Wissen Sie, was rechter Gramscismus bedeutet? Haben Sie sich schon einmal mit den Diskursverschiebungsstrategien der Neuen Rechten zur Erlangung der Diskurshegemonie beschäftigt?",-1,-1,0,0,0,0
"Endlich mal Tacheles zu unfairen Handelsbeziehungen und Waffenexporten als Auslöser von Fluchtbewegungen, danke!",-1,-1,0,0,0,0
"Monika, leider gibt es zu viele Menschendie das glauben, was in irgendeinem deutschen Käseblatt geschrieben steht.",-1,-1,0,1,1,1
"Uns Berliner erkannte man ja an unserer Sprechweise. Heute bin ich ein Fremder, denn unsere Kultur geht unter",-1,-1,0,0,0,0
"Um 23:15 diskutiere ich im ZDF mit Margot Kässmann und Friedich Delius zum Thema ""Wozu glauben?"". Adel Tawila singt und deskutiert mit!",-1,-1,0,0,0,0
Absolut korrekt..war zu erwarten. Ich liebe diese Art der Meldungen....!!,-1,-1,0,0,0,0
Den Gedankengang müssen Sie uns wirklich nochmal in Ruhe erklären.,-1,-1,0,0,0,0
"heute um 19 Uhr halte ich in Dortmund einen Vortrag. |LBR| Thema: Ist der Islam demokratiefaehig? |LBR| wo: Auslandsgesellschaft, Steinstrasse 44",-1,-1,0,0,0,0
Genau. Und Europa judenfrei. Parallelen zur Islamparanoia der AFD sind rein zufällig. Ihr in eurer Opferrolle. Lächerliche Heuchler.,-1,-1,0,1,1,1
"Stimmt. Assad hat die schlimmsten Extremisten bekämpft,  ist selber Alevit - irgendetwas zwischen Moslem und Katholik.",-1,-1,0,0,0,0
": Erster, kleiner Schritt. Weitere müssen folgen. Ende der Schummelei, Verbraucherinteressen wieder im Mittelpunkt stellen. (1)",-1,-1,0,0,0,0
Egal wie groß die Familie samt derer Gefolgschaft....es wird nur als eine Person gewertet...!,-1,-1,0,0,0,1
wofür stehen denn die Grünen? Und sie ist erst 25 Jahre und sehr übergewichtig. Das hat auch gesundheitliche Aspekte.,-1,-1,0,0,1,1
"Wer bei  stimmberechtigter Parteitagsdelegierter sein möchte, muss sich von seiner Gliederung wählen lassen. Da spielt es keine Rolle, MdB zu sein oder nicht.",-1,-1,0,0,0,0
ich habe geschrieben Zwang GEZ und Inhalte ARD ZDF sind zu kritisieren,-1,-1,0,0,0,0
"Und genau darum geht es uns nicht, wenn dieser Tage Flaggen mit Davidsternen brennen (nicht nur die israelische Flagge) und Jüdinnen und Juden offen mit dem Tod bedroht. Über diesen Antisemitismus werden wir berichten, egal was Sie von Israel halten. Schönen Tag.",-1,-1,0,0,1,0
"In gewissen Kreisen wird diskutiert, welche Tat mehr ""Gewichtung"" als solche hat.  oder  . Man findet, Köln ist richtungs-&amp;stimmungs weisend (gewesen). ""Nach Köln""höre man noch sehr häufig,hoffe, dass sich ein ""nach Kandel"" nicht etabliert.Finde den tweet grad nicht.",-1,-1,0,0,0,0
"Was Sie schon immer über achtwöchige Sondierungsverhandlungen wissen wollten, aber nie zu fragen wagten ... |LBR| ... beantworte ich gleich bei .  #",-1,-1,0,0,0,0
Wenn der Staat seinen Aufgaben nachkommen und Gesetze umsetzen würde gäbe es keinen Populismus.,-1,-1,0,0,0,0
"Wie wäre es mit ? Haben wir in den letzten Jahren genutzt, passt auch dieses Jahr wieder. :)",-1,-1,0,0,0,0
Ja die Deutschen identifizieren sich nicht mehr mit Deutschland....3/4 aller hier lebenden ist Deutschland egal...,-1,-1,0,1,1,1
Europäer sind ja auch Christen und haben keine Probleme mit unserer Religion und Weltanschauung. Wie sagte Helmut Schmidt bei Maischberger ! Der Islam gehört nicht zu Deutschland,-1,-1,0,1,1,1
"Was DIES hier erklären würde: ""Persönlichkeitsveränderung nach Organtransplantation: Führen Fremdorgane ein Eigenleben?"" https://sciencefiles.org/2016/06/17/persoenlichkeitsveraenderung-nach-organtransplantation-fuehren-fremdorgane-ein-eigenleben/",-1,-1,0,0,0,0
Manche Kommentare hier sind unterirdisch! Empathie mit todkranken Menschen auf der Warteliste ist gleich null! Armes Deutschland!,-1,-1,0,0,0,1
Mehr als 1 Million Menschen haben unsere Unterstützer mit Haustürbesuchen erreicht und mit ihnen diskutiert.28.000 km zu Fuß! We go for you!,-1,-1,0,0,0,0
Die aktuellen Geschehnisse in den Ballungsräumen NRWs sind Wahlwerbung genug..,-1,-1,0,0,0,0
ist Hirntod wirklich tot.....da scheiden sich die Geister !,-1,-1,0,1,0,0
"Ich werbe auf Basis der Sondierung für Koalitionsverhandlungen mit der Union, auch wenn meine Skepsis gegenüber der GroKo nach wie vor groß ist. |LBR| Wir sollten hart verhandeln- da muss noch mehr kommen! Am Ende haben unsere Mitglieder das letzte Wort, das ist meine Auffassung.",-1,-1,0,0,0,0
"Achso, darf man sich in seiner Wohnung nun nicht mal mehr wohlfühlen und soll noch in den 60 Jahren leben mit Wc auf halber Treppe, sorry .....",-1,-1,0,0,0,0
Reisewarnung der Türkei gegen D ist ein schlechter Witz!Grundlose Haft für viele Deutsche ist Unrecht!Nazivergleiche verletzen unsere Ehre!,-1,-1,0,1,1,1
"Gott hat zuviel Humor, als dass er über die Stöckchen springen würde, die Sie ihm hinhalten.",-1,-1,0,0,0,0
"SPD und Grüne haben uns die Türkei-Probleme erst eingebrockt, weil sie Erdogan den Despoten vom Bosporus jahrelang hofiert haben.",-1,-1,0,1,1,1
"Bleibe skeptisch mit Blick auf mögliche große Koalition.Will, dass wir harte Verhandlungen führen+SPD Mitglieder über Endergebnis entscheiden.Aber andere politische Konstellationen sind gegen fast alle Verbesserungen,die wir schon jetzt für Arbeitnehmer+Familien erreicht haben.",-1,-1,0,0,0,0
Macht weiter so und nachfolgende Generationen werden später fragen : was habt ihr damals nur gemacht.,-1,-1,0,0,0,0
Wählt mal was anderes . Wenn die Altparteien einmal raus sind von der Macht werden Sie beim nächsten mal gewählt sein vielleicht anders reagieren,-1,-1,0,0,0,0
wenn man humor nicht versteht (s. kurz übrigens schon).,-1,-1,0,0,0,0
"Das hängt von den Transpersonen ab. Wenn sie sich eindeutig als Mann bzw. Frau definieren - dann ja. Es gibt aber auch Transpersonen, die nicht in die Kategorien Mann/Frau passen.",-1,-1,0,0,0,0
"In deutschen Medien erscheinen wöchentlich so viele falsche Infos über PL, dass sich mir die Haare sträuben. Meine halbe Familie lebt dort!",-1,-1,0,1,0,0
"Und bitte an die Kinder , Menschen denken die In Afrika , Südamerika, Asien für unsere Elektromobilität das Lithium und andere seltene Erden mit ihren Händen ausgraben. Moderne Sklavenarbeit",-1,-1,0,1,1,1
"Wie so ein ThinktankARSCH sagte, es ist ein Krieg der Eliten gegen die Völker und die Eliten gewinnen immo!Das muß sich drehen !",-1,-1,0,1,1,1
Sie brauchen das vielleicht nicht. Andere brauchen oder möchten das schon. Es lebe die Vielfalt und besonders die Freiheit.,-1,-1,0,0,0,0
"Ich habe ja immer noch die Option nach Koszalin, od. Bialogard zu ziehen",-1,-1,0,0,0,0
"Es ist fatal die einen hilfesuchenden Menschen, gegen andere hilfesuchende Menschen auszuspielen. Anstatt nach unten zu treten müssen wir endlich nach oben die die Augen unserer Ausbeuter schauen.",-1,-1,0,0,0,0
Mal eine kleine Frage. Ging es dir vor den Flüchtlingen besser oder schlechter?,-1,-1,0,0,1,0
"Treblinka, Sobibor dort mordeten mehrheitlich ukrainische SS-Angehörige. Bis 50er Jahre mordeten sie auch in Polen, unterstützt vom Westen!",-1,-1,0,1,1,1
Herr Lübke ist nicht mehr wert als jeder andere Mensch der täglich in Deutschland hier Gewalt ausgesetzt ist wo die Medien aber nicht so ein Hype drum machen selbstverständlich ist die Tat zu verurteilen.,-1,-1,0,0,1,0
"Selbst die Lüge, das es keinen Anstieg der Kriminalität in Altena gibt ist mit wenigen klicks im Netz wiederlegbar",-1,-1,0,1,0,0
bemühen.... am besten den widerspruch auf das gesäß tätowieren lassen....,-1,-1,0,0,0,1
"Ich gehe jetzt hinutner und nehme sie in den Arm, Wenn sie sich wehrt, umarme ich sie umso fester und singe ein Lullaby. Bewährte Methode bei Autisten...",-1,-1,0,0,1,1
Ich freue mich ja schon auf die TV-Kritiken morgen zum  .,-1,-1,0,0,0,0
"Das ist dann ein seltsamer Einstieg in eine Debatte um Familiennachzug für subsidiär Schutzberechtigte.;) Jedenfalls: Angehörige in Griechenl. haben auch bei subs. Geschützten (&amp; sogar im laufenden Verfahren) Anrecht auf Zusammenführung. Anders, als der Text den Eindruck erweckt.",-1,-1,0,0,0,0
"Zeit d. inhaltlichen Rücksichtnahme ist vorbei. Es geht darum, keine faulen Kompromisse zu machen, sondern Themen d. Bayernplans umzusetzen",-1,-1,0,0,0,0
"Das mit Religion in Verbindung zu bringen,  ist schon sehr... gewagt,  um nicht zu sagen tendentioes.  Vielleicht liegt es auch am Inzest?  Studiere mal die Einwanderungsgeschichte Englands",-1,-1,0,1,1,1
noch mehr Bürokratie? Gleiches Geld für alle und fertig!,-1,-1,0,0,0,0
Dann müssten aber auch die Versicherungen die Prämien für abgeschlossene Verträge bezahlen... nicht nur bei Immobilien... aber ob da nur eine Wohnung gebaut wird weil die Makler Gebühren billiger werden kann ich mir nicht vorstellen... Grunderwerb Steuer abschaffen wäre eine Möglichkeit... aber Frau Barley arbeitet nach dem St Florians Prinzip...,-1,-1,0,0,0,0
"Steht da irgendwo das ich irgendwas befürworte, ich habe wie von euch gewünscht lediglich die derzeitige Situation der BRD geschildert",-1,-1,0,0,0,0
Eine jede Diktatur braucht unseriösen Journalismus wie Maischberger. |LBR|,-1,-1,0,1,0,1
"So, liebe Freunde, draußen - 8° C, ich verkrieche mich in die Daunen &gt; ""Gute Nacht"" ihr Lieben",-1,-1,0,0,0,0
Mir könnte niemand so viel Haß einreden dass ich einen Menschen auch nur schlagen geschweige denn töten würde. Warum? Weil mich meine Eltern nicht zu Haß und Gewalt erzogen haben und weil es niemand wert ist dass ich für mein strafbares Handeln bestraft werde.,-1,-1,0,0,0,1
Doch genau das bin ich - sie scheinen aber zu den 13 % vom anderen Ufer zu sein,-1,-1,0,0,1,0
"Was haben unsere Spenden denn mit den Sozialkassen zu tun? Guter Mann, Sie müssen sich scheinbar noch mal sehr eingehend mit dem Thema auseinandersetzen, bevor eine Diskussion mit Ihnen annähernd Sinn macht.",-1,-1,0,0,0,0
"Auweh: Subsidiär Geschützte wurden eben nicht abgelehnt sondern - 3 mal dürfen Sie raten - genau, haben einen subsidiären Schutzstatus erhalten. Abgesehen davon, dass 2016 rd. 70% aller Antragssteller Schutz zugesprochen bekamen. ;)",-1,-1,0,0,0,0
"Heutzutage kann es jedem Leistungsträger nach Eigenbedarfskündigung passieren, dass er im Obdachlosenasyl landet..zwischen Pennern und Junkys..dazwischen gibt es leider gar nichts..übergangslos ist das Leben vorbei, sogar die Bügerrechte sind eingeschränkt. Ich versuche gerade, einem Betroffenen zu helfen. Und stoße nur auf Ignoranz bei Behörden.",-1,-1,0,1,1,1
"Vielleicht sollte sich jeder Einzelne fragen, warum ist das so?",-1,-1,0,0,0,0
"2/2 ...da ich mein Amt als Botschafter des Staates Israel in einem Deutschland antrete, das so anders ist als jenes der Vergangenheit.""",-1,-1,0,0,0,0
"Das Einzige, was in dieser EU mit deutschem Führungsanspruch noch funktioniert, sind die Geldpresse und Merkels Wunschvorstellungen",-1,-1,0,1,0,1
Das Votum der Wahl war einfach |LBR| „Merkel mußweg“ |LBR| Aber die begreift oder will es nicht begreifen. |LBR| Warum verhandelt nicht CDU mit fdp und Grünen,-1,-1,0,0,0,0
"Wir retten die Welt nicht alleine ! Da gehören noch ganz andere ins Boot und die müssen auch eine Veränderung wollten. Davon sehe ich nichts...... Ich fahre weiter meinen alten Porsche durch die Lande und habe Spaß........ Übrigens, einfach mal hier reinhören: https://www.facebook.com/andreas.turschmann.3/videos/1244161859075732/",-1,-1,0,0,0,0
Ja die machen das tatsächlich...ich könnte mir vorstellen sogar gegen ihren Willen....,-1,-1,0,0,0,1
"Es will wohl keiner an Deniz schreiben, weil alle froh sind das er endlich da ist wo er hingehört!!!",-1,-1,0,0,1,1
"Was heißt denn ""Nerd"" auf Arabisch? Und  Bernd? |LBR| Abdul und Achmett?",-1,-1,0,0,1,1
"Das ist toll, dass ihr die Möglichkeit habt, Eigentum zu schaffen. Um euch geht es bei dem Problem nur nicht. Denn die Mehrheit hat eben keine Möglichkeit, ein Darlehen für ein Eigenheim aufnehmen zu können. Anhand eurer Kommentare ist bereits ersichtlich, dass ihr das Problem gar nicht (be) greifen könnt.",-1,-1,0,0,0,0
sinnfreier Kommentar. Erzähl lieber mal wann du zuletzt die Lira gestützt hast,-1,-1,0,0,0,1
auf die verteilung haben sich die eu-innenminister verständigt. ob ich das sinnvoll finde oder nicht spielt überhaupt keine rolle.,-1,-1,0,0,0,0
"Danke Frau Bentele und Frau Holotte so wie Herrn Arbeitsminister Heil, Wünsche ihm das er sein Ziel erreicht und das man ihm nicht zu viel Steine in den Weg legt von Seiten seinen Bundestagsabgeordneten mit ihren Fraktionen!",-1,-1,0,0,0,0
das AfDer und andere Rechtsaußen zusammenhalten überrascht mich nicht.,-1,-1,0,0,1,0
Hören wir einfach auf uns aufzuregen...es sollte uns lieber egal sein...!,-1,-1,0,0,0,0
"Eine ""gute Bekanntgabe"" wäre, wenn Merkel endlich zurücktreten würde! Ganz Deutschland würde aufatmen!",-1,-1,0,0,0,1
Solange der Blödelsender RTL die dummen deutschen weiterhin mit Hirnfutter versorgt bleibt alles wie es ist...!,-1,-1,0,0,1,1
"So ist es....gebe es eine aufrichtige Politik, eine Politik auch für deutsche...gäbe es keine Hetze zumindest nicht in diesen Ausmaßen",-1,-1,0,0,1,0
es geht hier nicht darum irgendwelche Leute zu Enteignen sondern diese unsäglichen Aktiengesellschaften !,-1,-1,0,0,0,1
", haben Sie den Eindruck von der Kanzlerin, dass sie einen Plan in Sachen ""Pflege"" hat? Ich jedenfalls nicht. Sehen Sie nun den Bezug zum Thema?",-1,-1,0,0,0,0
Es reicht langsam. Dieses Thema nervt nur noch. Gestern bei Illner Montag bei euch.,-1,-1,0,0,0,1
GESELLSCHAFTEN erhalten wenn sie Ausländerin die Wohnung setzen 5000 € vom Staat. 1992 erhielten sie 10.000 DM. Darüber redet niemand.,-1,-1,0,1,0,0
"Dass der Sommer sogar die Obdachlosen erfassen will, war die Krönung.",-1,-1,0,0,0,0
Ja das ist sicherlich nicht der Beste co2 Fußabdruck aber mal im ernst schuld an der Klimakatastrophe ist nicht erstrangig der Reisefreudige Teenager sondern co2 wird dort am meisten ausgestoßen wo viel Geld sitzt. Und vor allem verhindern die mit Geld ja auch Klimaschutzmaßnahmen,-1,-1,0,0,0,0
Nein man hat sich gedacht man karrt mal nicht nur Klimawandelleugner aus dem Altersheim ran sondern fragt auch mal die Jungen Menschen,-1,-1,0,0,0,0
"Meinst du Citeecar? Wir freuen uns, dass auch Unternehmen an der Parade teilnehmen. Das Maß an Werbung ist durch uns begrenzt.",-1,-1,0,0,0,0
"heute ist's aber besonders schwer mit der Rechtschreibung. Musst mal deutsch lernen, Mädel oder was auch immer.",-1,-1,0,0,1,1
Arbeitet auch eng mit der Amadeu Antonio Stiftung zusammen. Anette Kahane langjähriges Mitglied der Stasi hat dort eine ganze Abteilung die nichts anderes macht als das Netz zu durchsuchen.,-1,-1,0,1,1,1
"Immunsuppressiva sind hoch krebserregend, es müssen bis zu 18 verschiedene Medikamente eingenommen werden. Zumal es auch keine Garantie gibt dass der Empfänger trotz Medikamente das Organ abstößt!",-1,-1,0,1,0,0
"Könnte mal jemand  erklären, dass  nicht 8 und  nicht 5 „Prozent“ verloren haben, sondern jeweils über 20 %.",-1,-1,0,0,0,0
"Unfassbar ist, dass Jemand nach den Erfahrungen in der DDR Enteignungen fordert",-1,-1,0,0,0,0
"Das Projekt steht in Ffm , wo man direkt im Wohnzimmer steht, da man den Flur weg ließ und das Treppenhaus aussen, am Haus anbrachte...nur an Barriererfreiheit für Rollstuhlfahrer/innnen wurde nicht gedacht, sehr sinnfrei..!!",-1,-1,0,0,0,0
ne die wählen die metzger ab das wirste erleben,-1,-1,0,1,1,1
"Man hat in  /  zu lange toleriert, dass antisemitische  &amp; ihre hiesigen Helfershelfer mit  durchkommen. Und wie? In dem man das Wort »« erfunden hat. Die Hetze gegen  dient lediglich für  gegen .",-1,-1,0,1,1,1
"Was reden die immer von ungleicher Bezahlung ? In jeder Firma mit Tarif gibt es für gleiche Arbeit gleiches Geld, egal ob Mann oder Frau.",-1,-1,0,0,0,0
Am Ende wurde es der 14. Platz für . Aber immerhin 12 Punkte an  von der deutschen Jury!,-1,-1,0,0,0,0
""" Und irgendwann wird es zu Unruhen kommen, aufgrund Aggressionen der Geflüchteten aus Frust und Verzweiflung und Aggressionen der Autochthonen aus Zorn. "" Sie oben... Problem erkannt? Und was ist mit all den ""Flüchtlingen"" und ""Migranten"" in gelben Westen in ganz Europa? Ist denen vielleicht auch langweilig?",-1,-1,0,1,1,1
Diese Frau Barley ist jenseits von gut und Böse. Unmöglich.,-1,-1,0,0,1,1
"Liebe Corinna, wir würden dich gerne als Moderatorin für uns gewinnen! Wärst du begeisterbar?",-1,-1,0,0,0,0
"Lieber ,ich bitte Sie beim Thema zu bleiben und mich nicht persönlich anzugreifen.Danke.",-1,-1,0,0,0,0
"Na hoffentlich hat sich der ‚typisch deutsche Richter’ nicht auch noch entschuldigt, weil keine weiteren mildernde Beweise gefunden wurden",-1,-1,0,0,1,1
AfD..es gibt ein paar Gute und einige die kannst vergessen..wie bei allen anderen Parteien auch. |LBR| AfD wird sich fest etablieren..gut so..!!,-1,-1,0,0,0,0
Das ist Quatsch von wegen die Meisten . Nur die größten haben die Möglichkeit das Geld Risikolos ins Ausland zu bringen Den Mittelständisch gelingt das kaum .Und beim Normali wird's gleich abgezogen,-1,-1,0,1,0,1
"Etwa 200-300 Personen bei ""Soli-Kundgebung"" für Ken . Hetze gegen Israel darf nicht fehlen. Evelyn Hecht-Galinski setzt am Ende dem ganzen die Krone auf (""Israel mordet genauso wie damals...""), ehe ""der große Meister"" (Fikentscher über ) per Audiobotschaft spricht.",-1,-1,0,1,1,1
"Bedeutet das, dass Sie FÜR den Antrag stimmen werden oder wie wollen sie sonst sicher stellen, dass kein BDS Inhalt verbreitet wird?",-1,-1,0,0,0,0
"Problematisch an der  sind nicht ihre Flügelkämpfe; haben andere Parteien auch. Das Gefährliche ist die Stärke der ""Völkischen"" und Rechtsradikalen. Gegen den -Flügel geht nichts.",-1,-1,0,1,1,1
"UNGARN. Ein Land in dem man ohne Merkel, Grüne, Linke und Islamisten Leben kann. Vielleicht die letzte Festung Europas. Asylantrag für Ungarn stellen? Eine Option!!",-1,-1,0,1,1,1
"Ich bin für islamische Kindergärten. In islamischen Staaten. In Österreich |LBR| bin ich für österreichische Kindergärten.Ja, so sehe ich das.",-1,-1,0,0,0,0
Neueste Fake News der DE Medien u Politik Reichsbürger stellen eine Armee auf dass alles um von der Islamisierung unseres Landes abzulenken,-1,-1,0,1,1,1
Synodalvertretung beantragt Überarbeitung der Regelungen zum |en |swesen -,-1,-1,0,0,0,0
"Wer von einer japanische Kultur spricht, wird auch nicht hören, dass es die ja gar nicht gibt :-)",-1,-1,0,0,0,0
Ich bin alt geworden.Möchte gegenüber so Menschen wie Göring und Baydar nicht mehr tolerant sein.Solch ein Duktus müßte man sich mal als Deutscher gegenüber Migranten erlauben.4 Wochen Anne Will... mit Marathon-Live-Sonder-Sendung.,-1,-1,0,1,1,1
"Danke, lieber Norbert Lammert, für 12 große Jahre als Bundestagspräsident: von CDU und CSU, allen Fraktionen u Menschen in ganz Deutschland!",-1,-1,0,0,0,0
Was auch entlasten würde.. dreifache Mietkaution abschaffen..das Geld liegt oft Jahrzehnte auf dem Konto des Vermieters..der stirbt oft ubd sieht das Geld nie wieder die Kaufkraft ist weg...,-1,-1,0,0,0,0
",VW hat doch neue Erdgasantriebe das ist doch zukunftsweisendes als E- Mobilität",-1,-1,0,0,0,0
"ich habe vor einiger Zeit ein Bericht gesehen. Leider habe ich die Zahlen nicht mehr im Kopf. Der Bauer hat für sein Bio Fleisch mehr Geld bekommen . Der Discounter hat aber am meisten daran verdient. Finde den Fehler. Was der Discounter drauf geschlagen hat ,war mehr als Wucher.",-1,-1,0,0,0,0
"Nun ja, ich dachte mir bereits, dass es Ihnen nicht um Inhalte, sondern umSelbstdarstellung geht. Adios!",-1,-1,0,0,0,1
Von der Meineid u Hochverrat Merkel komplett konservativ entkernte CDU ist nur noch Merkels krampfhafter Machterhalt vorhanden |LBR| AFD wählen,-1,-1,0,1,1,1
"Die Gewalt kommt von mindestens 3 Seiten, Rechts, Links, Islam. Warum werden die letzten beiden immer unter den Tisch gekehrt?",-1,-1,0,1,1,1
"Hätte Vorschläge, die ich besser nicht poste.",-1,-1,0,0,0,0
Was für großmeister wir sind sifftwitter trolle natürlich bin ich rechts aber trotzdem sollte man nicht alles von und 100%ernst nehmen,-1,-1,0,1,1,1
"Warum arbeitet Sie nicht in Castrop Rauxel, oder Dortmund und Gelsenkirchen?",-1,-1,0,0,0,0
Antworten Sie bitte auf das Thema und lassen Sie jegliche Diffamierungen.,-1,-1,0,0,0,0
1683 haben wir die türken vor wien davongejagt. heute sind die europäer |LBR| stärker.,-1,-1,0,1,1,1
"Sie unterstellen dem user  ,keine Ahnung zu haben.Dann ist es ja nur legitim, daß man Ihnen+Gattin das gleiche unterstellen darf?Auch e Schule ist nur e Mikrokosmos.Der Naivität mancher Menschen sind-wie d Vergangenheit zeigte ( etc)-wohl keine Grenzen gesetzt.",-1,-1,0,0,0,1
"Zum Ritter geschlagen, weil er viel Geld an Hospitäler gespendet hat - Ablasshandel - vor denen, die am meisten Spenden, sollte man auf der Hut sein",-1,-1,0,1,1,1
Wir geben unsere Identität nicht auf. Bedenke das Ende bei all dieser Beliebigkeit.,-1,-1,0,0,0,0
FB wird nur gemeckert. Wo sind die Menschen denen es gut geht?,-1,-1,0,0,0,0
"Ihre bayrischen CSU Politiker bekommen den Ministerposten auch nur durch Quote. ...und was bringt der Scheuer, was bringt der Seehofer. Nur Herr Müller macht von den dreien eine gute Politik.",-1,-1,0,0,0,1
"Es ist unfassbar, dass dieser rechtsextreme Hetzer von  eingeladen wurde. Der hat ja nicht einmal Ahnung davon, was Volksverhetzung überhaupt bedeutet.",-1,-1,0,1,1,1
Es gibt schon blöde Menschen...unverständlich das sich deutsche immer vordrängeln müssen....,-1,-1,0,0,1,1
Was genau ist denn daran verkehrt? Begründen Sie es doch einmal bitte sachlich.,-1,-1,0,0,0,0
"erklären sie uns doch mal im Zusammenhang mit dem Herrn Jung den von Ihnen beschriebenen ""Nazi"" ohne dabei die furchtbaren Gräulel durch Nazis im 3. Reich zu relativieren.",-1,-1,0,1,1,1
", was Sie hier mit Ihrem unsäglichen Vergleich der Judenverfolgung und -vernichtung durch das NS-Regime hier entäußern, nennt man in der Antisemitismusforschung sekundären Antisemitismus.",-1,-1,0,0,1,1
"Wo habe ich geschrieben, dass Kinder ""out"" sind? Das eine schließt das andere nicht aus.",-1,-1,0,0,0,0
Der ist auch älter und anscheinend noch nicht so verstrahlt und lässt mit sich reden,-1,-1,0,0,0,0
Die lachen sich schlapp über soviele dumme deutsche ....absolut verständlich,-1,-1,0,1,1,1
"Da er nicht in einer Kirche oder kirchlichen Stätte aufgetreten ist, fällt das nicht in unsere Zuständigkeit.",-1,-1,0,0,0,0
Die Britten haben doch alles richtig gemacht. Raus aus der EU.,-1,-1,0,0,0,0
Und  ? Schon mal Danke an alle!,-1,-1,0,0,0,0
"Die EU ist das Beste, was unseren Ländern seit 200 J passiert ist. Populisten dürfen sie niemals zerstören!",-1,-1,0,0,0,0
Ich bin so froh das ich mir über das alles keinen Kopf zerbrechen muß,-1,-1,0,0,0,0
Wie konnte Gabriel Panzer an Erdogan liefern!Rüstung unter GROKO um 45%gestiegen!wie könnte DTL Waffen in Kriegsgebiete liefern?abartig,-1,-1,0,1,1,1
"Äh, ja: ""Heimat ist das Land in dem ich Geboren wurde . "" Wenn sie tatsächlich auf eine Polytechnische Hochschule gegangen ist, wird sie wohl in der DDR geboren worden sein, nicht wahr?",-1,-1,0,0,0,0
"Es wird doch viel gebaut, nur findet man oft keine Flächen dafür.",-1,-1,0,0,0,0
"Macht die das unbewusst oder ist das ne Masche, dass die ständig so nen traurigen Gesichtausdruck hat, bzw. die Augenbrauen so mitleidig seitlich runter zieht? :/",-1,-1,0,0,0,1
Marius Chmielorz wenn ich bis her zuhöre geht's nur um Autos nichts sonst..,-1,-1,0,0,0,0
"Anstatt neue Polizeibeamte einzustellen sollen Taxifahrer und Trucker laut  Innenminister Reul ""die Augen noch mehr mit aufhalten um der Kriminalität Herr zu werden"" |LBR| Es ist nur noch unhaltbar, was diese Politik an Abartigkeit hervorbringt. |LBR|",-1,-1,0,1,0,1
Das Thema wurde schon mehr als genug durchgekauft. Die Bundesregierung reagiert nicht! Rauf auf die Straße! Kämpft für eure Rechte! Kampf für bezahlbare Mieten und ein Grundrecht auf eine Wohnung. Lasst uns Aufstehen und für unsere Zukunft kämpfen. Hoch die internationale Solidarität!,-1,-1,0,0,0,0
Ich habe seit ca 15 Jahren einen Spenderausweis wenn es dann so weit ist Bitte Bedienen da ich eh nichts mehr Brauche  !! Die die mir hier mit Glauben und Co kommen Leben für MICH sehr Weltfremd und Egoistisch!,-1,-1,0,0,0,1
wenn Leben erhalten werden kann durch Organe die sonst niemand mehr braucht die sonst in der Erde zu Staub zerfallen dann sollte es selbstverständlich sein sich für das Leben zu entscheiden!,-1,-1,0,0,0,0
Abends Gastredner beim Neujahrsempfang der SPD in Wissen im Westerwald.,-1,-1,0,0,0,0
Warum wurde die Polizistin nicht gefragt weshalb sie nicht mit Uniform umsonst fährt. Wohl Angst vor der Antwort.,-1,-1,0,0,0,1
Kurdischer Aktivist Abdullah S. in Düsseldorf nach 129b zu 6 Jahren Haft verurteilt! weil seine Aktivität als PKK-Aktivität ausgelegt wird,-1,-1,0,1,0,0
"......sag doch bitte einfach genau, WEN und WAS du ansprichst!",-1,-1,0,0,0,0
", Sozialdemokraten haben ganz bestimmt nicht dafür gesorgt, dass die NSDAP an die Macht kam, und schon gar nicht 1929. Was erzählen Sie da eigentlich? https://de.wikipedia.org/wiki/Reichstagswahl_1930",-1,-1,0,0,0,0
"Naja, wer schon die verfassungsfeindliche und extremistische JA unterstützt, ist tatsächlich nicht mehr zu retten.",-1,-1,0,1,1,1
Tarifvertrag zählt aber nicht für private Arbeitgeber. Der Großteil ist privat. Also kein Vorteil!!!,-1,-1,0,0,0,0
"Gib ihm noch die Quelle, sonst wird er wieder beleidigend.",-1,-1,0,0,0,1
Das wird Dir angesichts der legalisierten Organmafia auch nichts nützen. Die haben dann eben nie einen Ausweis gesehen. Aber sie können für ihre Taten auch nicht mehr bestraft werden! Darum geht es hier nämlich!,-1,-1,0,1,1,1
man kann doch nicht gegen eine entscheidung der mitglieder sein. das ist,-1,-1,0,0,0,0
Macht die SPD das ist sie für immer erledigt.,-1,-1,0,0,1,1
""" denn Ihrer Meinung nach in den europäischen Leistungsgesellschaften anfangen?"" Bewertest du jeden Mensch nur nach seiner wirtschaftlichen Leistung?",-1,-1,0,0,0,0
Was sagt man dazu heute bei einem Politiker entdeckt  stimmt das so?? https://www.facebook.com/530757183776023/posts/1159622474222821/,-1,-1,0,1,0,0
Carsten Gölitz Wer baut neue Wohnungen wenn Enteignung durch Betonkommunisten droht?,-1,-1,0,1,1,1
"+++Gesucht+++ werden Autorinnen, die Lust haben am Magazin mitzuarbeiten! Insbesondere für die Rubriken: , , , ...",-1,-1,0,0,0,0
"Josef Schuster, Präsident ZdJ: ""Die Existenz Iraels ist für uns Juden nicht eine Frage der Staatsräson, sondern der Lebensräson.""",-1,-1,0,0,0,0
"Frage an Breitbart, für wen arbeitet ihr",-1,-1,0,0,0,0
"Ich möchte nicht, dass hier ein Neid aufkommt, aber ich finde das nicht gerecht. In Köln-Lind, gegenüber von einem großen Möbelhaus, wurde ein kleines Viertel gebaut, mit Kinderspielplätzen, sehr gute Ausstattung, Einbauküche, Balkone, Garage, Basketballpaltz, Streetballplatz, mehrere Grillplätze, aber nicht für Deutsche oder Migranten die schon länger hier leben.",-1,-1,0,0,1,1
"Das Problem sind nicht die Spender! Das Problem sind die Kliniken, welche den Aufwand der Entnahme scheuen. Aus Kosten- und Bürokratiegründen!",-1,-1,0,0,0,0
", mir kommt es aber so vor als würde der Profit in hohem Maße im Vordergrund stehen.",-1,-1,0,0,0,0
Wir sind eine bundesweite Organisation. Wir laden Sie gerne zu einem Tee ein! :),-1,-1,0,0,0,0
"US-Wirt.Minister:""Bürger, die für Gleichheit&amp;Freiheit aufstehen,dürfen niemals m weißen Rassisten,Neo-Nazis +dem Ku Klux Klan gleichgesetzt""",-1,-1,0,0,0,0
"Geld ist genug da. Oder mit Volker Pispers Worten mal zu sagen:"" Geld ist eine Fantasie""",-1,-1,0,0,0,0
"Wollen Sie in diese Länder dann noch in Urlaub fahren, wenn sich die Organmafia so verbreitet hat, dass sie sogar -- wie in Malta bei einem 17-Jährigen geschehen - die Touristen reihenweise im wahrsten Sinne des Wortes ausnimmt und dafür nicht bestraft werden kann? https://www.ndr.de/nachrichten/niedersachsen/oldenburg_ostfriesland/Tod-eines-17-Jaehrigen-auf-Malta-Fragen-bleiben,malta570.html",-1,-1,0,1,1,1
So ist es....wir haben Maria vergessen...als hätte sie nie existiert....schämt euch...!,-1,-1,0,0,1,1
Zum Thema Fluchtursachen bekämpfen. Ich nehme die AfD in der hinsicht solange nicht ernst bis sie gegen die Fluchtursachen demonstrieren.,-1,-1,0,0,0,0
"Wo denn z.B.? Wenn Sie schon keine eigenen Zahlen zu diesem Thema liefern können, dann doch bestimmt Quellen für diese Behauptung?",-1,-1,0,0,0,0
"Also, Sie wissen es schlichtweg nicht, meine Frage zu beantworten und meinen auch noch, Wissenschaftsfeindlichkeit und Akademikerbashing betreiben zu müssen. Damit verletzen Sie genau jenen Kernwert einer modernen Demokratie, den ich gemeint habe, nämlich die Anerkennung der Gleichwertigkeit aller Menschen.",-1,-1,0,0,0,0
Er hat heute morgen auch Schäuble getroffen. Das ist einfach nur unfassbar,-1,-1,0,0,0,0
Was für Leute wurden da eingeladen. Pressevertreter Moderator VW Manager. Ein paar wirkliche Wissenschaftler wäre echt toll gewesen. Vorallem das sich einer von VW dort hinsetzt ist ne Dreistigkeit ohne gleichen nachdem dieselskandal. Muss das Image aufpoliert werden?,-1,-1,0,0,0,1
"Wenn die Gehälter und die Arbeitszeiten attraktiv gemacht werden, dann klappt es auch mit der Pflege. Fertig ist die Gartenlaube. Dafür brauche ich keine Kommissionen und keine Arbeitskreise.",-1,-1,0,0,0,0
"Die wichtigsten Themen im Januar laut Politbarometer: Flüchtlinge 40 %, Regierungsbildung 35 %, Rente 15 %, Soziale Gerechtigkeit 12 %. Das scheint bei der  kaum jemanden zu interessieren. Funktionäre haben ihre eigene Agenda.",-1,-1,0,0,0,0
"Wir sind keine islamische Organisation, sondern ein säkularer Verband.",-1,-1,0,0,0,0
Kann mir Rainer seine streams nicht geben und wie ist es bei euch?,-1,-1,0,0,0,0
"Lieber  , es ist schön dass Sie - entgegen der ersten Reaktion - nun doch Möglichkeiten ausloten, dieses Verhalten Ihres mutmaßlichen Mitarbeiters nicht so durchgehen zu lassen. Wir sind gespannt, was Ihre Prüfung ergibt.",-1,-1,0,0,0,0
"Von |er  neu gewählte Finanzkommission: H.Kiefel, C.Velosa da Silva,K.Georgi,Dr.N.Giebeler,Pfr.N.Schönherr",-1,-1,0,0,0,0
Frau Büscher ist erkältet.Sie hat einen Pfeilgiftfrosch mit Migrationshintergrund im Hals.Ein Teufelskreis.,-1,-1,0,1,1,1
"Man könnte doch auch „einmal selbst aktiv werden“, indem man Spender wird...",-1,-1,0,0,0,0
wenn diese ehemals selbstständigen eingezahlt haben dann haben die auch ein Recht darauf. Ich kenne einen der zu Beginn seiner Selbstständigkeit noch eingezahlt hat später dann aber nicht mehr. Jetzt bekommt er Mindestrente.,-1,-1,0,0,0,0
Mir egal....soll sie es mit ins Grab nehmen...,-1,-1,0,0,0,1
Gleich ist Mareike aus unserem Team im Gespräch bei  u.a. mit den Staatssekretären Daldrup und Gerstle zum Thema Unterbringung,-1,-1,0,0,0,0
doch ist es!   hat sich auf die Antwort des WDR bezogen!,-1,-1,0,0,0,0
"Das ist jetzt interessant. Wir haben den Tweet des Papstes doch einfach genau so wie er war retweetet. Wenn Sie der Meinung sind, dass er eigentlich etwas anderes sagen wollte, müssen Sie das mit dem Papst klären, nicht mit uns.",-1,-1,0,0,0,0
BKA  400  FÄLLE JEDEN TAG in  ! ... siehe hier ...  http://RefCrime.Info/DE,-1,-1,0,1,0,0
"lesen Sie doch hier mal die Kommentare einfach durch - wo schreiben HIER pro AfD Leute ""Hass Kommentare"" und dann lesen Sie die Kommentare der Gegenseite -",-1,-1,0,0,1,0
Ich liebe das Gejammer aus der Faschoecke. Keine Argumente die auch nur ansatzweise zu einer Diskussion führen könnten aber im Schneckenhaus der Toleranz die ersten.,-1,-1,0,1,1,1
"Er sagte weiterhin ausdrücklich, das es keinem der aufgrund des Grundgesetzes gewählt wurde zusteht an dem Prozess mitzuwirken da diese für die Alliierten arbeiten, und sich ihre Akte erst vorher genehmigen lassen müssen, Punkt aus",-1,-1,0,0,0,0
"Man kann natürlich den Kopf über alles schütteln. Fakt ist aber schlicht und ergreifend, dass die junge Frau Recht hat. Es muss sich etwas ändern an unserer Art, mit unserer Umwelt und den natürlichen Ressourcen umzugehen",-1,-1,0,0,0,0
"Stimmt...das solche erbärmliche Kommentare überhaupt notwendig sind verdanken wir ja Stegner und Schulz...glaube mir, ich hätte es auch lieber anders..!",-1,-1,0,0,0,1
"Muslimischer Antisemitismus muss dokumentiert, benannt und mit allen Mitteln des Rechtsstaats und der Zivilgesellschaft bekämpft werden. Gleichwohl: Mit vielen der abgebildeten Meinungen sind diese ""jungen Moslems"" doch bestens integriert. Die Darstellung scheint uns fragwürdig.",-1,-1,0,0,1,0
"aus Sicht der grünen Fraktion kurz überschlagen die fossilen Energiestoffe, der Verbrennungsmotor, die industrielle Landwirtschaft, die Grenzen, Schiffs- und Flugverkehr, Fleischverzehr, usw. Reicht das erstmal?",-1,-1,0,0,0,0
"Wie egal mir das ist, ob Peter, Lin, Achmed oder Dmitry die Brd Heimat nennt. So lange sie zu nem guten Miteinander beitragen, freu ich mich über jeden, dem Deutschland durch Geburt oder aus der Wahl heraus als Heimat ans Herz wächst.",-1,-1,0,0,0,0
Und wieder weg - es geht um diese linksgrünen und jedes 2 Wort AfD zum kotzen,-1,-1,0,1,1,1
kleine Wohnungen sind doch auch teurer? da sie mehr nachgefragt werden.,-1,-1,0,0,0,0
falsch. So ziemlich das Unverschämteste und Verlogenste was ich in der Sendung je gesehen habe.,-1,-1,0,1,1,1
"Bei denen ist nichts zu retten. Dumpfnazitum gibt es da, also Assis, die sich beim Fußball prügeln und antisemitische Parolen brüllen. Die vaterlosen deutschen Jungen lassen sich derweil von Salafisten anwerben.",-1,-1,0,1,1,1
Er wollte den Kindern eine Familie geben und keine Wohngruppen mit dauernd wechselnden Personal.,-1,-1,0,0,0,0
Mit einem Empfang im  und beim  endet die diesjährige  in,-1,-1,0,0,0,0
"Heute wieder ganztägig Sondierungsgespräche mit der Union - nachdem wir gestern bis kurz vor Mitternacht in der bayerischen Landesvertretung waren, ist heute das Konrad-Adenauer-Haus dran. Lese viel Falsches, was angeblich vereinbart sei. |LBR| Skepsis war, ist und bleibt begründet.",-1,-1,0,0,0,0
Verfassungsschonendere Variante? Seit wann hat unsere Verfassung Gültigkeit für Tote? Wir haben noch nicht mal Tierrecht in unserer Verfassung von rechten für Tote ganz zu Schweigen. Die Verfassung wird durch Spahn seinen Vorschlag ja nicht mal angerührt.,-1,-1,0,0,0,0
: Warum muss ich hier etwas belegen? Ich habe nach der Quelle der Aussage von Peter Steinbach gefragt. Mehr nicht.,-1,-1,0,0,0,0
"Warum nicht an Merkel? Ganz einfach, weil diese Aufzählung andere ""Bild-Nachrichten"" für mindestens 1 Jahr blockiert",-1,-1,0,0,0,0
"Das Holz für die Pellets , kommen auch aus Naturschutzgebieten in Rumänien, aber egal , Hauptsache es machen sich einige die Taschen dick.",-1,-1,0,1,0,1
"Auch wurde nachgewiesen, dass die Handschriften mit der Anne Franks nicht übereinstimmten.",-1,-1,0,0,0,0
"Ich meinte das anders. Polizisten werden ja heute nicht mehr für voll genommen, bespuckt etc. Bei den Soldaten wird schon gesagt, dass sie nicht mit Uniform im Zug fahren sollen, aufgrund dieser Respektlosigkeiten, die immens hier zugenommen haben.",-1,-1,0,0,0,0
"Heute geht es uns so gut wie noch nie. Da war das ""Leistungsbezogene Handeln"" scheinbar nicht soo schlecht",-1,-1,0,0,0,0
t-online (warum die NSU-Akten geschlossen bleiben ) ist meine Quelle. Erstaunlich das Ihr das nicht wisst?!,-1,-1,0,0,0,0
"Interessant ist, wie viele User versuchen, einen völkischen Hetzer wie Uwe Junge zu verteidigen.",-1,-1,0,1,1,1
fröhlicher gruß aus dem heiligen stadtteil st.georg gaby,-1,-1,0,0,0,0
"Das hat man da auch nie so herausgestellt..im Gegensatz zu dem Hype auf ""weiblich""-",-1,-1,0,0,0,0
"Ernie und Bert und Rappelkiste-das waren meine Vorbilder. Und wenn ich mich heut so umschaue,dann sind sie das noch immer",-1,-1,0,0,0,0
"Sie meinte, ich solle die Mäuse allein fangen - zu flink die Viecher, ich würde verhungern",-1,-1,0,0,0,0
Wer Millionen Flüchtlinge ohne Bleiberecht im Land finanziert aus Steuergeldern. Gibt es sofort Wohnungen .da braucht sich nicht wundern wenn Wohnungen fehlen! Es wird gebaut! Beispiel Tübingen 1000 Wohnungen aber nur exklusiv für Flüchtlinge..die deutschen die eine Wohnung suchen dürfen erst in 10 Jahren einziehen.,-1,-1,0,1,1,1
"Der  2015 ist vorbei, es war wieder einmal grandios. Vielen Dank an alle, die dabei waren!",-1,-1,0,0,0,0
"Die werden dafür bezahlt, aber bald ist Schluss !",-1,-1,0,0,0,0
"so sind sie die völkischen Blut-und Boden Nationalisten und Lingua Tertii Imperii Verbreiter... [LTI = Lingua Tertii Imperii, die Sprache des Dritten Reichs, Autor Victor Klemperer]... und nun fehlt bei dem Kandidaten die berühmte Opferrolle und er sei falsch verstanden worden... Herzlich //Team Boris Palmer Watch",-1,-1,0,1,1,1
"Wir besitzen eine Eigentumswohnung. Diese ist vermietet, wir wohnen aus beruflichen Gründen in einer anderen Stadt zur Miete. Die Mieteinnahmen muss ich versteuern, die von mir zu bezahlende Miete darf ich nicht gegenrechnen. Darüber könnte man einmal nachdenken ...",-1,-1,0,0,0,0
"Das einzige, was an der CDU noch rechts ist, ist ihre Position im Sitzungssaal.",-1,-1,0,0,0,1
Überall werden Millionen unserer Steuergelder veruntreut! Während zig Millionen in Deutschland fehlen um z. B. Armut und marode Infrastruktur zu bekämpfen!,-1,-1,0,1,0,0
"Ein Preis hier, ein Orden da, wer vergibt u. wer bekommt &gt; eine Krähe hackt der anderen die Augen nicht aus. Also wertloser Müll",-1,-1,0,0,0,1
"nicht ganz es sei denn, Sie haben nie die Schule besucht denn die Lehrer sind zu 95% verbeamtet",-1,-1,0,0,0,0
"Klar , nur ihr wollt Wohnungen bauen die kaum bezahlbar sind und schon garnicht für das kleine Portmonee!",-1,-1,0,0,0,1
"Diese verquere Argumentation war ja niemandem bekannt. Es ist auch nicht üblich ""Anzeige"" zu erstatten, erst recht nicht zu Vorfällen, die bekannt und im Spielbericht des Schiedsrichters vermerkt sind. |LBR| Ein offener Brief des  wurde aber als Anzeige gewertet.",-1,-1,0,0,0,0
das ist überholt. Die Wiege der Menschheit ist Europa,-1,-1,0,0,0,0
Eines ist Fakt...wer vor Assad flieht der führt nichts gutes im Schilde. |LBR| Alle wissen das doch niemanden interessiert es..!,-1,-1,0,1,1,1
"Gerade hat China wieder 300 Airbusse in Frankreich bestellt. Die scheissen auf den Klimawandel, obwohl ein Umdenken dort stattfindet.",-1,-1,0,1,1,1
"Du findest es schade, dass es die DDR nicht mehr gibt? Faszinierend.",-1,-1,0,0,0,0
"Oftmals staunen und ärgern wir uns über Richtersprüche...den Urteile sollten als Abschreckung und als Strafe dienen..! |LBR| In diesem Fall mag die Strafe zu hoch sein, doch als Abschreckung eine richtige und konsequente Maßnahme..!",-1,-1,0,0,0,0
Wo war das Merkel‘sche Entsetzen beim „Unfall“ in Cuxhaven? Wahrscheinlich weil kein Politiker betroffen war!,-1,-1,0,1,0,1
"Welche Warnung? Ich lese es als Unterstützung unseres Kurses! Es gibt keinen Satz im Text, der diesem widerspricht. CL",-1,-1,0,0,0,0
"Wir brauchen dies, wir müssen das, wir wollen dieses, wir werden jenes,..... Nur Gelaber um den heißen Brei.",-1,-1,0,0,0,1
Merkel ist sich treu geblieben. |LBR| Früher Kommunistin-&gt; alle Menschen sind gleich |LBR| Heute -&gt; alle Länder sind gleich |LBR| Beides fundamentaler Irrtum,-1,-1,0,1,0,0
Das hat absolut nichts mit Doppelmoral zu tun sondern mit Vorschriften und Regeln die bei einer Sitzung des Bundestags gelten . Das wissen sie aber sicher selbst .,-1,-1,0,0,0,0
ein paar Kommentare vorher hat  das geprüft - Sie haben es wohl überlesen oder wollen nicht sehen was wirklich los ist!,-1,-1,0,0,0,1
"und das rechtfertigt Rechtsextremismus und Rassismus übelster Art? Das ist das Einzige, was die AfD kann: relativieren. Könnte man heute wieder sehr gut erkennen.",-1,-1,0,1,1,1
"Ja ist doch so, jeder lebt nur ein mal und wenn es möglich ist wird es doch gemacht. Kenne Nachbarn die fahren ( fliegen) 4-5 mal in den Urlaub ,im Jahr, die verzichten auf nichts.",-1,-1,0,0,0,0
"Wie kommt es eigentlich, dass alle den Mölzer einladen, aber so wenig über die vom Staat verfolgten Refugees berichtet wird...",-1,-1,0,0,0,0
"Ich brauche keine fremden Kulturen vor meiner Haustür. Ich möchte auch keine bunten Menschen beim Einkaufen begegnen. Ich spreche auch kein türkisch, arabisch oder Suaheli. Meine Familie ist germanisch und wird es auch bleiben. Wir möchten uns nicht mit andere Kulturen vermischen",-1,-1,0,1,1,1
"Doch wurde und wird was verteilt , die Diäten der Abgeordneten . Da sollte man 40% Streichen Dann hätten die immer noch zuviel",-1,-1,0,0,0,0
"Das sowieso! Frau Schröder habe ich schon sehr oft in Talkshows erleben müssen und deren Frauenbild entspricht nicht dem modernen Frauenbild unserer Zeit. Darf ich das als moderne Frau nicht kritisieren? Ich wünschte, Sie würden auf diffamierende rechte Kommentare hier auf FB genau so schnell reagieren.",-1,-1,0,0,0,0
"Na ja, die Chefarztbehandlung für Otto Normalverbraucher muss nun wirklich nicht sein.  Eine Privatversicherung hat nur derjenige der sie sich auch leisten kann. |LBR| Der deutsche Steuerzahler gehört nicht dazu.",-1,-1,0,0,0,0
"im metronom  in die alte heimat, der erzeuger feiert seinen 85igsten  dann heute nachmittag im ic in die ehemalige hauptstadt, bundesparteitag. danach morgen in die hauptstadt, montag sondersitzung des deutschen bundestages aus anlass des 55. jahrestages des elysee-vertrages.",-1,-1,0,0,0,0
"selbst mal reflektieren, teilweise wird da so emotional diskutiert.Das hat schon was von,, Die Menschheit hat ein Anrecht auf deine Organe,, -sowas geht gar nicht.",-1,-1,0,0,0,1
"Soweit kommt es noch. Aber wer weiss denn, ob nach unserem Tod nicht doch Organe für zahlende Kunden entnommen werden? Ich glaube nichts mehr",-1,-1,0,1,0,1
Heute demonstrieren der Bayerischer Flüchtlingsrat u.a. um 19 Uhr am Flughafen München gegen Abschiebungenn nach .,-1,-1,0,0,0,0
"Danke, aber Ich leide nicht. Im Gegenteil: gegen den Strom schwimmen ist meine Leidenschaft.  Gehe ich zum Gothic Konzert, trage ich ein gelbes Smiley T-Shirt. |LBR| Gehe ich auf den Tempelberg trage ich ein großes Kreuz. |LBR| Unter Nazis schwärme ich von jüdischen und schwarzen Freunden!",-1,-1,0,0,0,0
Millionen Zuwanderer ohne Bleiberecht! jetzt mit Familien Nachzug? Was für ein Wunder das Wohnungen fehlen.. einfach mal 1+1 Rechnen und die Sendung ist überflüssig...,-1,-1,0,1,1,1
"Wenn Sie mit uns in einen Dialog treten möchten, dann lassen Sie bitte die Pauschalisierungen.",-1,-1,0,0,0,0
"Da haben Sie recht! Aber wir leben in Deutschland nicht auf einer Insel, einer Grünen Insel. Rings um Deutschland ziehen braune Wolken auf. Wir müssen aufpassen, dass durch grüne Fantastereien die Wolken über Deutschland auch braun wird!",-1,-1,0,1,1,1
"aber wie man hört keine Überlandleitungen..von Nord nach Süd, jetzt wurde auch noch die Reserve aus Österreich gekappt da dies der EU nicht passte dieser Austausch..",-1,-1,0,1,0,0
"Hatte die Idee auch schon. Nachzulesen in meinem 2015 geschriebenen Buch ""Wutmama""",-1,-1,0,0,0,0
"Lieber Ralf, da muss man kein Insider sein, so offensichtlich ist das",-1,-1,0,0,0,0
N darfst Du Heute in Deutschland nicht sagen aber man darf jede als Nazi beschimpfen!,-1,-1,0,1,1,1
"""Sammelklagen"" gibt es in Deutschland nicht und grundsätzlich können nur Betroffene einen Fall durch die Instanzen klagen. Das kann natürlich passieren &amp; solche Vorhaben würden (und wurden) von uns auch unterstützt!",-1,-1,0,0,0,0
meinte es sarkastisch denn das bauen war in 70er 80er günstiger...heute wird zu groß zu aufwendig gebaut wegen Vorgaben.,-1,-1,0,0,0,0
"Wer zwingt dich , dein Auto auszuschlachten...bitte nicht beleidigend werden, aber was erwarte ich...",-1,-1,0,0,0,1
So ein Hetzer gehört in den Knast und nicht in die Kanzel.,-1,-1,0,0,1,1
"Ich weiß das sich am Thema nichts geändert hat, aber selbst ich hab gesehen das dieser Bericht von 2009 ist.",-1,-1,0,0,0,0
"NSU-Akten freigeben in Hessen, Grüne und CDU blokieren gegen SPD! Wäre ein guter Ansatz für Glaubwürdigkeit! Oder?",-1,-1,0,0,0,0
Beweisen sie Gott und melden sie sich bitte wieder. Die Beweispflicht obliegt nicht den Atheisten.,-1,-1,0,0,0,0
Wir sorgen schon dafür das die AfD bleibt...und die Grünen gehen..!,-1,-1,0,1,1,1
Na Kameraden alles gut bei euch ich hoffe ihr habt nen schönen Abend,-1,-1,0,0,0,0
Letztlich ist doch jede Partei populistisch. Alle wollen sie möglichst viele Stimmen des Volkes.,-1,-1,0,0,0,0
"Jeder der hier die Polizei schlecht macht, oder verbal angreift, sollte wissen das sie jedesmal für eine falsche Toleranz Politik unserer Regierung den Kopf hin halten. Jeder Polizist möchte nach getaner Arbeit auch gerne unversehrt zu seiner Familie nach hause gehen können.",-1,-1,0,0,0,0
"Ein ""Weiter so!"" um noch mehr Wähler zu verlieren! Diese Muppetsshow kann doch kein Mensch mehr ernst nehmen... Ich schäme mich als Deutscher und Europäer!",-1,-1,0,0,0,1
"Donald Trump, Du bist böse, sehr böse. So viele Milliarden Dollar. Da muss für einen |LBR| gerechten Ausgleich gesorgt werden. 35 % Strafsteuer.",-1,-1,0,1,1,1
"CDU hat Koalition mit Afd eindeutig ausgeschlossen, SPD dagegen Koalition mit linke nicht.",-1,-1,0,0,0,0
"Der saure Regen war ein sehr ernsthaftes Problem, das nur durch entschiedenes Handeln der Politik in den Griff zu bekommen war. Die Problematik ist zwar heute auch noch da, aber die Maßnahmen haben gegriffen und zu einer wesentlichen Reduzierung des Schwefels in der Atmosphäre geführt.",-1,-1,0,0,0,0
bin Deutscher aber an Erdogan gefällt mir daß er sich für seine Türken in aller Welt einsetzt. |LBR| Sollten wir auch tun,-1,-1,0,0,0,0
"Wenn da Verbindungen zu dem Junge hergestellt werden,  ist der Rassismus ausschließlich in dem Kopf. Der Junge ist süß.",-1,-1,0,0,0,0
in China und manchen islamischen Ländern würde man mit solchen Aktionen vermutlich der Scharfrichter vorgeführt.,-1,-1,0,1,1,1
"Ach ja, Böhmermann, sich wie immer primitiv in Szene setzen wollen  etwas mehr Niveau wäre gut",-1,-1,0,0,0,1
"Na klar, wer ein Organ bezahlen kann. Dann sollten die Angehörigen das Geld bekommen",-1,-1,0,0,0,1
"Die Grünen haben zugelegt nur aus dem Grund, weil die junge Generation es Ende 90er Anfang 2000der nicht miterlebt hat was unter der rotgrünen Koalition war. Die Menschen meiner Generation sind leicht grün geschädigt.",-1,-1,0,0,0,0
"Es ist nur erstaunlich, dass nach den Erfahrungen in der DDR noch Jemand ernsthaft über Enteignungen nachdenkt. Da fragt man sich was diese Personen in der Schule gelernt haben.",-1,-1,0,0,0,0
"Welcher SPD soll ich glauben,etwa der,die Begriffe wie sozial u. demokr. seit Jahren verraten hat,die mich üb. Gabriel als Pack bezeichnet?",-1,-1,0,1,1,1
"&amp;heute wieder Mail an uns:""Keine Gnade mit euch Landesverrätern"" Was wird unternommen gegen Rechtsextremisten?!Wo ist die Politik?",-1,-1,0,1,1,1
Die Politik hat den Weg vorgegeben und diese reiben sich jetzt verwundert die Augen. Genauso stelle ich mir Politik vor. DANKE.,-1,-1,0,0,0,0
Bleigießen fällt dieses Silvester bei uns aus. Bin gerade schon geschmolzen.,-1,-1,0,0,0,0
", ich brauche keinen Plan. Ich bin privat versichert plus privatem Pflegetagegeld. Übrigens bei der AXA! Kann ich nur empfehlen!",-1,-1,0,0,0,0
Habe als Monteur über 7 Jahren mit Samstag u Sonntag viel gearbeitet aber ein Häuschen in meinem Heimatort war nur durch den Opa meiner Frau möglich.,-1,-1,0,0,0,0
Jedem das seine...aber welch ein Aufwand für „Minderheiten“ betrieben wird ist enorm. |LBR| Diesen Einsatz wünschte ich in anderen Belangen ...und wir haben in der Tat Bedarf.,-1,-1,0,0,0,0
"In Abwandlung der Kanzler Worte sage ich: |LBR| CDU SPD-folgt diesen Leuten nicht, sie regieren schon immer und die Armutschere ist größer denn je",-1,-1,0,1,0,0
"Pia Amiche Das Problem bei der Zustimmungs und Wiederspruchslösung und bei Patienten Verfügungen ist doch die Transparenz bei einem Notfall ,wirklich helfen würde ja nur ein bei allen Patienten implantieren Chip...",-1,-1,0,0,0,0
Sie geben mir recht..Trump ist gewählt worden weil er der einzige Gegenkandidat war |LBR| Amis wollten keine weitere Obamaregierung durch Hillary?,-1,-1,0,1,0,0
"Tragt zu den Kranken ein Licht, |LBR| sagt allen: Fürchtet euch nicht! |LBR| Gott hat euch lieb, Groß und Klein |LBR| Seht auf des Lichtes Schein.",-1,-1,0,0,0,0
Die Grünen bleiben nur gefühlte Schwesterpartei der . Wer bei Merkel Minister wird oder bleibt entscheidet immer noch .,-1,-1,0,0,0,0
Hier mal eine Info. Flüchtlinge werden 10 km vor der Küste in Schlauchboote steigen und dann von Sea Watch aufgefischt. Alles klar,-1,-1,0,1,0,0
"Richtig, jedoch bliebe immer noch die Prüfung der strafrechtlichen Relevanz, auch der politisch Verantwortlichen",-1,-1,0,0,0,0
"Bist voll im Stress, was, soviele böse Leute um Dich und soviel Text, Dein Zynismus lässt auch langsam nach - was ist los?",-1,-1,0,0,0,0
Die Hamas ist ein reiner Terroristen Verein,-1,-1,0,0,1,1
Wo wohnen die 2 Mio Neuen eigentlich so und wer bezahlt das sogar noch ?,-1,-1,0,1,0,0
", was genau wissen Sie denn über den demokratischen Kernwert unserer Verfassung? Können Sie mir diesen jetzt und hier benennen?",-1,-1,0,0,0,0
es werden aber mehr gebraucht! Jeden Tag sterben Menschen weil es nicht genug Spender gibt!,-1,-1,0,0,0,0
"Und hätten wir regiert und alle Zusagen gebrochen, dann wäre hier heute von Umfallen und Postengeilheit die Rede gewesen!   CL",-1,-1,0,0,0,0
Dieser Kommentar ist sehr erschreckend und als Realschullehrerin der Waldschule Mannheim (mir persönlich bekannt) um so mehr!,-1,-1,0,0,0,0
"wer sagt denn sowas, das sind Arbeitnehmer die froh sind wenn sie ihre Miete bezahlen können",-1,-1,0,0,0,0
Ich bin eindeutig für den Gesetzesentwurf! Einem Toten nützt ein Organ nichts mehr. Es wird verbrannt oder zerfällt zu Staub! Andererseits kann es Leben retten und jeder Bürger sollte sich dem Leben gegenüber verpflichtet fühlen. Eine Regierung ist für das Allgemeinwohl zuständig! Da es ein Widerspruchsrecht gibt wird keiner eingeschränkt!,-1,-1,0,0,0,0
Was hat das mit meinem Anfangstweet zu tun? Troll woanders.,-1,-1,0,0,0,1
"Lest mal die neue COMPACT, da gibt es einen ausgiebigen und interessanten Bericht über die Kahane und ihre Stiftung!",-1,-1,0,0,0,0
"wer der AfD recht gibt, begeht Unrecht. Da gibt es nichts zu relativieren. Die AfD ist rassischtisch, das bestätigen auch immer wieder ihre kleinen Anfragen. Wer das gut heißt, macht sich mitschuldig an Rassismus, Behindertenfeindlichkeit, Homophobie, Antisemitismus etc.",-1,-1,0,0,1,1
Unsere Mädels...unbelehrbar |LBR| Aber das es nicht als Vergewaltigung gilt nur weil man sich kannte ist auch neu..!,-1,-1,0,1,1,1
"In meinem Leben schlug mein Herz nie rechts. Hurra-Patriotismus, alles ist gut Mentalität ist dto. Populismus",-1,-1,0,0,0,0
"Warum machst du das denn nicht, . Fürs Nichtstun reich werden. Das würde doch jeder wollen.",-1,-1,0,0,0,0
", das muss ich nicht in einer Internetsuchmaschine suchen, darüber habe ich so 1985/1986 ein Referat in der Schule geschrieben und gehalten. Sorry.",-1,-1,0,0,0,0
"95 % der Energie in den Brennstäben ist weiterhin für unsere Nachwelt nutzbar. Die müssen das Uran nicht mehr ausgraben, sondern können die Brennstäbe zur weiteren Energieerzeugung nutzen.",-1,-1,0,0,0,0
Das hat nur nichts mit Populismus sondern nur mit Gewalttaten und Verbrechen zu tun.,-1,-1,0,0,0,0
"Wow, was für ein Beweis! Dass es bei Statistiken Ausreißer nach unten und oben gibt, ist Ihnen aber schon bekannt? Wenn bei allen alles gleich wäre, bräuchte man keine Statistiken. Abgesehen davon: Warum Ihre Missgunst, dass diese Familie nun wieder vereint ist?",-1,-1,0,0,0,0
"Oh doch...in meiner alten Wohnung sollte nach meinem Auszug das Bad saniert werden ( aus den 70 er Jahren ) , wurde NICHT gemacht, da man ein Gefälle für die Duschewanne nicht erreichen konnte, obwohl es im Erdgeschoss möglich war...noch Fragen ?!",-1,-1,0,0,0,0
weil es 100.000 ende so wollen - Demokratie mein Lieber,-1,-1,0,1,0,0
"Herr Junge hat überhaupt nicht recht, denn er weiß nicht einmal, was Volksverhetzung bedeutet.",-1,-1,0,0,1,0
"Gilt das etwa auch für die Polizisten von Uniter, NSU 2.0, Nordkreuz oder der Münchener Whatsappgruppe?",-1,-1,0,1,1,1
:D Wir lassen halt nichts aus und arbeiten und langsam in die Neuzeit vor. ;-),-1,-1,0,0,0,0
"..nun, dumme Sprüche gibt es in den Netzwerken noch mehr.",-1,-1,0,0,0,1
Niemals mehr eine grüne Regierung wir hatten schon mal grün rot und das war eine einzige Katastrophe.,-1,-1,0,0,0,1
Niemals...die Deutschen lieben diesen Dreck....für deren Verbleib werden sie die anderen bekämpfen,-1,-1,0,1,1,1
"The Black Cat, der Autor hat mir den Link per PN zugesandt ;-)",-1,-1,0,0,0,0
Merkel bekommt Angst und versucht jetzt mit allen Mitteln ihre Macht zu erhalten!!,-1,-1,0,1,0,1
"Und ja wir müssen die Steuerpflicht, ich mags kaum sagen - nach Vorbild der USA - an die Staatsbürgerschaft binden.",-1,-1,0,0,0,0
"Es wird höchste Zeit, dass endlich gehandelt wird. Auf der ganzen Welt sind die negativen Auswirkungen des Klimawandels zu spüren. Wir sollten endlich dafür sorgen, dass Deutschland die Ziele der Weltklimakonferenz einhält.",-1,-1,0,0,0,0
"Vielleicht kann die Person die Stromrechnung nicht mehr bezahlen,dank den Grünen sind durch die sogenannte Alternativenergie die Preise enorm gestiegen",-1,-1,0,1,0,0
Haha...der Schmock  hat sich geschminkt und mich gesperrt... |LBR| Dann habe ich was richtig gemacht...,-1,-1,0,0,0,1
"Mein Name und die Herkunft meines Vaters ist der zentrale und einzige Punkt in ihrer ""Argumentation"", wie soll sie diesen weglassen?",-1,-1,0,0,0,0
"Dort, wo ich Geschäftsführer war, lief es gut...",-1,-1,0,0,0,0
"Ich seh das auch differenzierter, es war nur die kurzmöglichste Zusammenfassung.",-1,-1,0,0,0,0
/e  votiert mehrheitlich dafür ein  weit zu fassen -,-1,-1,0,0,0,0
"Interessant! In den Medien Polens wurde bekannt gegeben, dass Syrien offiziell Flüchtlinge aufforderte zurückzukehren. Wo bleiben ARD/ZDF?",-1,-1,0,1,0,0
"Danke für die schnelle Info , aber eure Unterschlagungen von wichtigen Nachrichten in der Tagesschau machen euch zum Helfer von Terroristen in Deutschland.Bürger in Sicherheit wiegen die nicht vorhanden ist!",-1,-1,0,1,1,1
Wieviel MUFL‘s haben die in ihren Land . Da läuft man durch und hat es noch nicht einmal gemerkt.,-1,-1,0,0,1,1
"Das Justizministerium könnte aber sicher was machen. Und ich finde, die ganzen Tabus, auch wenn man explizit über religiöse Extremisten oder Kriminelle redet, sind Schuld an der Eskalationspirale.Wer Recht und Ordnung will, gilt in manchen Kreisen als Rechts.",-1,-1,0,0,0,0
", Sie nutzen gerade dasselbe Strohmann-Argument wie die AfD selbst, indem Sie von ""demokratisch gewählten Parteien"" erzählen. Es gibt hierzulande keine undemokratisch gewählte Parteien, und die AfD ist eine völkisch-nationalistische Partei und somit antidemokratisch.",-1,-1,0,0,1,1
Mit „Plagiaten“ kennt sich der Staat samt seiner Führungspositionen bestens aus....,-1,-1,0,1,0,1
beste Beispiel ist DSDS. Wieviel Deutsche machen da mit? Augen aufmachen schadet nie. Lg,-1,-1,0,0,0,0
"Wir freuen uns sehr über all die Regenbogenfahnen, die derzeit in Hamburg wehen. Auch heute werden wieder welche dazukommen.",-1,-1,0,0,0,0
"Syr. Flüchtling:""Ich habe über Burkas in den letzten zwei Jahren in Deutschland mehr gehört, als was ich in Syrien während 25 gesehen habe""",-1,-1,0,0,0,0
"Was d. Wille eines Nationalstaates noch Wert ist,wurde heute in Brüssel demonstriert. Polen gedemütigtIch hoffe d. Preis f.d. EU wird hoch",-1,-1,0,1,1,1
"Kirchenbeamter Dröge  ""De Beamten un de Schwien sünd den` Buern sien Ruin"" (Mecklenburgischer Spruch)",-1,-1,0,0,0,0
"Ja aber es ist so , am Herkunftsland und aus welcher Region jemand kommt da kann man schon sehr viel festmachen ! Eigenartiger Weise sind es immer dieselben Landsleute die es angeblich Nervt",-1,-1,0,0,1,1
", das war doch schon immer so. Man konnte schon immer zwischen privaten und Maklerangeboten wählen.",-1,-1,0,0,0,0
"Der Abschnitt müsste aber länger sein, es interessiert nicht was der Makler da sagt sondern für Politik.",-1,-1,0,0,0,0
Unsere Kirchenmänner sind nur vom Staat bezahlte Facharbeiter.Bei jeder Lohnerhöhung sind sie mit dabei.Wie wäre es wenn sie nur von dem leben müssten was im Klingelbeutel ist. Dann würde sich die Spreu vom Weizen trennen.Nur so erkennt man die berufenen!,-1,-1,0,0,1,1
Erst einmal sollte der Gesetzgeber Hetze klar definieren. Wo fängt Hetze an hört Meinungsfreiheit auf?,-1,-1,0,0,0,0
Eine tolle Frau. Aber sie muss sich verstecken. Und wartet auf Verstärkung,-1,-1,0,0,0,1
"Meine Güte, wenn er lebt wirst du das noch mitbekommen. Solange ist er tot.",-1,-1,0,0,0,1
Schon wieder sehr einseitige Gästeauswahl. Warum so oft diese Angst vor wirklicher Kontroverse? Warum immer bestimmte Blickwinkel völlig außen vor lassen? Leute wie mich verärgert das maßlos!,-1,-1,0,0,0,1
Nehme an Kroos und noch einige andere Ball-Millionäre nehmen Drigen!,-1,-1,0,0,1,1
ja ! Reicht das als seriöse Quelle? Das ist der Oberbürgermeister von Tübingen!,-1,-1,0,0,0,0
Heute Ältestenrat zur Vorbereitung der nächsten Landtagssitzung. |LBR| Später diverse Medientermine. |LBR| Nachmittags zu Gesprächen nach Lübeck und zum IHK Neujahrsempfang.,-1,-1,0,0,0,0
Weshalb wollen Sie von Rechtsterrorismus ablenken? Sind Sie etwa Sympathisant?,-1,-1,0,1,1,1
ich rege mich nicht auf will nur Aufklären man kann nicht nach dem Tot spenden sondern nur Lebend hatte einen Organspendeausweis geht jetzt nicht mehr wg. Krebs,-1,-1,0,0,0,0
Lindner hat es nur verdeutlicht was mittlerweile alles wissen....Die Grünen sind zu nichts zu gebrauchen...!,-1,-1,0,0,1,1
Das ist großer Unsinn. X-mal haben wir die Wahl eines SPD-Kanzlers angeboten.,-1,-1,0,0,0,0
Es gibt die eine Dokumentation zu dem Verfahren auf unserer Homepage. Guck da am besten Mal.,-1,-1,0,0,0,0
",  hat hier lediglich darauf aufmerksam gemacht, welch widerwärtige Hetze  via Twitter verbreitet.",-1,-1,0,0,1,0
"Am kommenden Dienstag, dem 12.9., soll die nächste Sammelabschiebung nach Afghanistan von Düsseldorf aus stattfinden.",-1,-1,0,0,0,0
Launige Breitseiten vom Kabarettisten Detlev Wischmeyer wie gewöhnlich gestern beim Jahresempfang von Radio Schleswig-Holstein (RSH).,-1,-1,0,0,0,0
Ja die kleine Heike spurt...Natalia sagt was Sache ist..! |LBR|,-1,-1,0,0,0,0
Ziele heißt doch für euch (SPD ) alles zu verteuern wofür ihr nichts bezahlt . So wird in Zukunft mit Sicherheit eine CO2 Steuer für PKW'S (Benziner) erhoben nachdem ihr die Umrüstung von Dieseln auf Benzinern erzwungen habt !,-1,-1,0,1,0,1
Kinder wie Sternschnuppen. Kommen unerwartet. Verbreiten Freude. Verglühen. Immer bleibt ein Wunsch übrig. Was für ein tapferer kleiner Junge.,-1,-1,0,0,0,0
", Expertise haben Fach- und Sachkundige und nicht die Täter*innen der AfD.",-1,-1,0,0,1,0
Hier wollte man sogar die Organe entnehmen; OHNE die Untersuchung auf den Hirntod vorzunehmen! https://www.sueddeutsche.de/gesundheit/krankenhaus-bei-bremen-schwere-panne-bei-organ-entnahme-1.2298079,-1,-1,0,1,0,0
", völkische Nationalisten wenden Nazimethoden an, und nicht ihre demokratischen Kritiker. Ihre Erzählung von der ""demokratisch gewählten Partei"" ist nur ein Strohmann, denn es gibt hierzulande keine undemokratisch gewählten Parteien. Die AfD ist eine völkisch-nationalistische Partei und somit das komplette Gegenteil von demokratisch.",-1,-1,0,0,1,1
unsinnig finde ich das nicht. Kann dir gerne Beispiele geben. Zum Thema jeder einzelne gebe ich dir Recht . Den meisten ist es leider scheiß egal und aus diesem Grund ist da die Politik gefragt .,-1,-1,0,0,0,0
"Da redet keine Sau drüber . In den Medien beiläufig erwähnt,und doch ein Fall der weit über den Ritz eines Bürgermeisterlein hinausgeht.Ich wünsche dieser Frau alles Gute und möge sie wieder so fit werden wie vorher !",-1,-1,0,0,0,0
Und was ist mit den Rentner/innen? Wieder außen vor.,-1,-1,0,0,0,0
"immer zusatzrente bezahlt. bergbauversichert und ein echtes Diplom mit vielen Staatsexamen und Lernschweiß, dann klappt alles auch bei TZ.",-1,-1,0,0,0,0
"Heute ist der dritte und letzte Tag des Straßenfestes, und auch das Wetter ist wieder auf unserer Seite. Schaut vorbei!  ^ml",-1,-1,0,0,0,0
Beitrittserklärungen nimmt zukünftig / entgegen; Zustimmung  nicht notwendig,-1,-1,0,0,0,0
"Wer gegen Muslime hetzt, taugt nicht als Verteidiger gegen judenfeindlicher Angriffe. Es bleibt ein Widerspruch, gleichsam sich als Streiter gegen Antisemitismus oder pro-israelisch zu geben und dabei islamfeindlich u. rassistisch gegen Muslime u anderen Minderheiten zu agitieren",-1,-1,0,0,1,1
Der Efekt der zu erhoffen wäre bei einem Tempolimit das Leute auch kleinere Autos fahren und nicht mit dem SUV das Kind zur Schule zu fahren und Brötchen holen...,-1,-1,0,0,0,0
"(: Ich wähle Blau (AfD) und halte Herrn Meuthen für den besten Mann in Brüssel. (: Nur von Innen kann man die Fehler in Brüssel verändern. (: Deshalb ist es wichtig, dass die Patrioten in Brüssel sich zusammenschließen und gestärkt werden. (:",-1,-1,0,0,0,0
"Der glaubt ja auch an Aussteigerprogramme für Clan-Mitglieder..obwohl alle Experten, die aus diesem Kulturkreis stammen, sagen, dass man nicht einfach aus einer Familie aussteigen kann..",-1,-1,0,0,0,0
wer weis wie das Verb zum Schreiben von Whatsapp Mitteilungen heißt? |LBR| whatsappen! oder |LBR| whatsen!,-1,-1,0,0,0,0
"Dr. Matthias Ring zur Eierlikör-Gabe des baf: ""Na dann: Prost, Synode!"" -",-1,-1,0,0,0,0
"Hier wird doch jeder als Rechter bezeichnet,der eine eigene Meinung hat und nicht mit alles einverstanden ist,was hier so abgeht",-1,-1,0,0,1,1
"blut spenden ist ja genauso sinnlos, wenn man es international vermarktet. dauernd wird geklagt: "" wir haben nicht genug blut, geh spenden"" - es hat sich ausgespendet. mein vater gab bestimmt 100 l im spenderleben ab und hat man es ihm je gedankt?",-1,-1,0,0,0,0
"die Leute hören oder lesen immer nur das was sie wollen. Es ist halt immer leichter, in der vermeintlichen Anonymität, auf andere verbal einzuschlagen, anstatt genauer zuzuhören. Die meisten Kommentatoren des Beitrages habe offenbar die Sendung nicht gesehen.",-1,-1,0,0,0,0
bitte sagen Sie mir was Ihre Moral dazu sagt das Grüne zusammen mit CDU gegen die SPD die NSU-Akten 120Jahre unter den Tisch fallen lassen?!,-1,-1,0,1,0,0
"Heute geht es nach Bonn, wo morgen der Bundesparteitag stattfindet. |LBR| Sitzungen der Fraktionsgremien, um den Parteitag vorzubereiten. |LBR| Selbstbewusste und eigenständige Entscheidungen der SPD nach intensiver Debatte - das erwarte ich nach den guten Gesprächen der letzten Tage.",-1,-1,0,0,0,0
"Es geht sogar soweit, dass jetzt sogar schon pro Sendung ZWEI GrünInnen eingeladen werden (Lanz#).",-1,-1,0,0,0,0
"Beweis: Sagen sie öffentl.: ""Katholiken sind schlimmer als die Pest"" &amp; KEIN Staatsanwalt wird sich um sie kümmern",-1,-1,0,1,1,1
"Happy birthday! Wir freuen uns darüber, das wir mit eurer Hilfe nach einem Jahr für bislang 195 Geflüchteten eine Bleibe finden können!",-1,-1,0,0,0,0
"Da die FDP eine undemokratische Partei ist, würde dies auch keiner von der AfD wollen!",-1,-1,0,1,1,1
"aber Ihr Profil zeigt eindeutig den Unterschied, da hat sich die Natur wohl doch durchgesetzt",-1,-1,0,0,0,0
"Es bedient das AfDer-Narrativ vom ""Biodeutschen"" der etwas Anderes (eigentlich Besseres) ist, als der ""Passdeutsche"".",-1,-1,0,1,1,1
"So sieht es aus ! Man müßte eine mediale Plattform haben wie ARD/ZDF um die richtigen Bilder zum Islam,Flüchtlinge,Politiker u.s.w. an die Leutz zu bringen! So wie youtube Kanal von Quasir oder Vulgäre Analyse aber das ist wunschdenken, leider! Deswegen endet alles im Knall!",-1,-1,0,1,1,1
"Och,Frau Margareta aus der ""Gerechtigkeitsmanufaktur""ist es nicht nur gerecht,auch mal andere Meinungen außer der eigenen u des mainstreams zu respektieren?Schauen Sie sich a d bunten Strassen um-wen also wollen Sie mit rechts denn noch ernsthaft verletzen?",-1,-1,0,1,1,1
"Auf der Buchmesse diskutiere ich mit Philipp Ther u Michel Friedman über ""Die Getriebenen"" am Freitag (10.30Uhr) Weltempfang,Halle 3.1,L 25",-1,-1,0,0,0,0
"Das steht bereits im ""Kapital"" v. Marx/Engels",-1,-1,0,0,0,0
"Zum  sich ausschweigen, aber , die einzige  in der , einen Apartheidstaat nennen, ist purer ! Die  hat ja anscheinend einige Kandidaten, wie ,  &amp; . Eine  2.0 Regierung wird  schaden!",-1,-1,0,1,1,1
Sie denkt eben rational. Erst nach dem 3ten Anschlag rechnet es sich zeitlich und Mengenmäßig mit den Menschen zu reden. Man darf da nichts überstürzen :-),-1,-1,0,0,0,0
Wenn  über den  Regeln festlegen ist es kein Freihandel mehr.,-1,-1,0,0,0,0
", ich schreibe mir nie selbst. Ich antworte auf Aussagen von Diskussionsteilnehmern. Ist ja auch sehr deutlich sichtbar, hm?",-1,-1,0,0,0,0
"Sie wurden ja schließlich auch nicht angezeigt! |LBR| Dass sie in dem Beweismaterial, das im ersten Verfahren genutzt wurde, zu hören und im Sonderbericht des Schiedsrichters vermerkt waren, konnte das Gericht ja nicht ahnen...",-1,-1,0,0,0,0
Und dann nimmt noch jeder Völkische mindestens einen NPD-Faschisten aus dem sehr nahen Osten bei sich zu Hause auf.,-1,-1,0,1,1,1
"Die Strafe war in den bekannten Fällen noch nicht verbüßt. Wenn im Heimatland die Todesstrafe oder Folter droht, darf nicht abgeschoben werd",-1,-1,0,0,0,0
4. zu keinem Zeitpunkt (weder vor noch nach dem Statement) gab es anheizende Appelle oder Äußerungen von offizieller israelischer Seite,-1,-1,0,0,0,0
"Ganz ehrlich, da wünscht man sich doch den guten alten mittelalterlichen Pranger zurück wo man solche Leute an selbigen stellt. Ich weiß ich weiß... nicht ethisch...bla bla...aber ganz ehrlich...ihr würdet doch auch gerne mal den ein oder anderen da hin stellen ;)",-1,-1,0,0,1,1
Bayern = Sicherheitsland Nummer 1 - Sicherheit durch Stärke.,-1,-1,0,0,0,0
was machen SIE gerade in Ihrem Text - oh man,-1,-1,0,0,0,0
Bohlen ist nun 66 Jahre der hört schon schlecht und sieht schlecht...,-1,-1,0,0,0,0
"Was nützt Dir eigentlich die ganze großartige,undifferenzierte Diversity |LBR| wenn |LBR| Du |LBR| tot |LBR| bist |LBR|",-1,-1,0,1,1,1
"Dann fangt mal damit an ,dass nicht jeder ein Auto haben muss.",-1,-1,0,0,0,0
nicht umsonst nannte Augstein die CDU (Frau Merkel) die Mutter der AfD! CDU/CSU gehört genauso schnell wie möglich in die Vergangenheit wie die AfD.Je schneller um so besser.,-1,-1,0,0,1,1
Zoff und Ärger mit den Unfähigen und Unwissenden..? |LBR| Das will ich hoffen deswegen haben wir sie gewählt...!!,-1,-1,0,1,0,1
Ein spannender Besuch! Auf bald!,-1,-1,0,0,0,0
"Um so ärmer die Bevölkerung wird, um so mehr wird das ansteigen, völlig normal",-1,-1,0,0,0,0
"du verstehst es einfach nicht.Und diese Art zu argumentieren hat wie gesagt,zu meinem,, Nein,, mit beigetragen.Vielleicht sollten sich Organspende- Berführworter und ihre Art des Argumentierens mal gnadenlos ehrlich selbst reflektieren.Mit diesem Fordern mit unterschwelligen Drohungen (,,bis du mal selbst,etc...,,) erweist ihr der Sache einen echten Bärendienst.",-1,-1,0,0,0,0
"da waren einige von anderen Parteien nicht, und wen juckts? PS:  wie war es eigentlich bei den Misfits? Das du als AfD-Fanboy da überhaupt hingehst. Herrlich widersprüchlich.",-1,-1,0,0,1,1
Marco...du warst schon vorher raus....hast es nur nicht gemerkt...!!,-1,-1,0,0,0,1
"Deutsch ist, qua Gesetz, wer die deutsche Staatsbürgerschaft hat. Die ist erwerbbar. Ob man sich selbst deutsch fühlt, ist eine andere Angelegenheit. Es gibt vermutlich mehr Arten des „Deutschseins“, als es Menschen mit deutscher Staatsangehörigkeit gibt.",-1,-1,0,0,0,0
: EU will Sterben vom Mittelmeer in die Sahara verlagern.,-1,-1,0,1,0,0
"Wie sehr die Denker im Land tatsächlich händeringend fehlen, beweist vor allem dies Ministerium täglich neu.",-1,-1,0,0,0,0
"Warum bekommen Beamte und ihre Gattinen soviel staatliche Vergünstigungen, warum bekommt eine Beamtenwitwe hohe finanzielle Zuwendung obwohl Sie niemals als Beamtin gearbeitet hat, ist dies nicht unwürdig?",-1,-1,0,1,1,1
da stand ein wirklich unsäglicher kommentar- der wurde bereits entfernt.,-1,-1,0,0,0,0
Es gibt Eid. Ein Soldat der dagegen verstößt Kommt vor Gericht. Ein Politiker nicht.,-1,-1,0,1,1,1
"Es gibt sowas wie die Vertragsfreiheit. Gerecht ist jeder Lohn, der zwischen Arbeitnehmer und Arbeitgeber ausgehandelt wird. Ob irgend eine statistische Gruppe dann im Durchschnitt mehr oder weniger als irgend eine andere statistische Gruppe bekommt, ist für die Frage der Gerechtigkeit völlig irrelevant.",-1,-1,0,0,0,0
"Ein großes Defizit in dieser Republik. Die vielen Verordnungen, die in jedem Bundesland anders sind. Wie soll da Europa funktionieren, wenn´s nicht mal in Deutschland funktioniert. Das dauert ja alles Jahrzehnte, bis etwas geregelt wird.",-1,-1,0,0,0,0
"""Es ist völlig idiotisch, alle möglichen Leute hierherkommen zu lassen, in eine ihnen völlig fremde Kultur, und sie lebenslang (denn so wird es kommen) zu versorgen, "" Wann hat die AfD gegen Fluchtursachen demonstriert? Wann hat die AfD gegen wirtschaftliche Ausbetung, Rohstoffkriege, Wirtschaftskriege, ausbeuterische Freihandelsabkommen, Waffenliederungen und den Klimawandel demonstriert?",-1,-1,0,1,1,1
"Was ich nicht verstehe: Angeblich ist  „fertig“. Gleichzeitig hat  panische Angst, von einer „abgewirtschafteten“ Kanzlerin in der  untergebuttert zu werden. Was sagt das über Merkel - und was über ?",-1,-1,0,1,0,0
Die Polizei erlebt täglich was ab geht! Die wissen ganz genau warum sie AFD wählen!,-1,-1,0,1,1,1
"Ich war nie Wähler der FDP, aber so viel Rückgrat dem Wähler gegenüber hat meinen größten Respekt. Vor NEUWAHLEN braucht die FDP keine Angst haben. Meine Stimme ist sicher.",-1,-1,0,0,0,0
Das tut auch die  |LBR| Wie damals... Obwohl heute alle Informationen zugänglich sind...,-1,-1,0,0,0,0
Stimmt weil Vonovia und co ja kleine Arme Leute waren die mit eigener Hände Arbeit Stein auf Stein ihr Menschenunwürdiges Monopol errichtet haben. Ach nein stimmt haben sie ja gar nicht.,-1,-1,0,1,1,1
"Ich bin einfach nur 6 fach Mutter und habe 3 Enkelkinder, und darf mir keine Fragen stellen, was tagtäglich in den Medien drin steht !",-1,-1,0,0,0,0
Und für mich sind Sie a u c h eine Deutsche :-),-1,-1,0,0,0,0
wenn manTod ist die Organe intakt da stellt sich die wie kommen die Organe zu den Empfängern. da ist es wurst welcher Ausweis dort liegt.,-1,-1,0,1,0,1
"Zu dem ähnelt das Menschenbild, was die AfD und Co hat von den Flüchtlingen, Migranten, Muslimen und Ausländern stark dem Menschenbild der NSDAP aus dem 3. Reich.",-1,-1,0,1,1,1
"Wer Polizisten verletzt u. randaliert,verdient keine Toleranz. Diese extremist. Kriminellen gehören nicht auf die Straße,sondern vor Gericht",-1,-1,0,0,1,1
"Fein, bin ich froh, dass ich eine normale Tastatur habe",-1,-1,0,0,0,0
Die Linke ist auch eine Nachfolger Partei der SED abschaffen? Auf jedenfalls eher als den 1.Mai.,-1,-1,0,0,0,0
"EU: Einen starken Partner an seiner Seite zu haben ist eine gute Sache,jedoch nur so lange,wie er sich nicht üb. andere erhebt,Frau Merkel",-1,-1,0,0,0,0
Währenddessen: Bei  geht es gegen die Kritik der EU voran.,-1,-1,0,0,0,0
es geht um die möglichen Gründe die angeführt werden.,-1,-1,0,0,0,0
Schäuble als Finanzminister war ein Desaster. |LBR| Und seine Tochter wird von der GEZ bezahlt |LBR| Müssen wir wirklich für alle Schäubles aufkommen..?,-1,-1,0,1,1,1
"Ich grüße Dich von Herzen, mein Freund und noch alles, alles Gute für dieses Jahr",-1,-1,0,0,0,0
das könnte aber durchaus geändert werden wenn zum einen die Arbeitgeber nicht nur immer an sich selber denken und dafür vernünftig Lohn bezahlen und zum anderen der Mindestlohn auf ein Level erhöht wird das man automatisch mehr in die Rente einzahlen kann und ggf sogar noch privat vorsorgen kann.,-1,-1,0,0,0,0
"das stimmt, Hauptsache man kommt zu einem gemeinsamen Ergebnis, wo beide Seiten mit zufrieden sind",-1,-1,0,0,0,0
Ja ja genau es ist egal wer was bezahlt...,-1,-1,0,0,0,0
Und wir? Wir belohnen sie dafür mit falschangewandter Milde....wir entschuldigen uns sogar dafür |LBR| Es wird nicht besser...ganz in Gegenteil,-1,-1,0,1,0,1
"Bis auf Auto verzicht und Niederdruck Brause, bin ich bei allem anderen schon dabei!",-1,-1,0,0,0,0
Da ihr permanent die falschen Begrifflichkeiten in Bezug auf die BRD benutzt muss euch Vorsatz unterstellen,-1,-1,0,0,0,1
"Botschaft nach Innen: „Wenn wir zusammenhalten, zieht uns niemand die Lederhose aus.“",-1,-1,0,0,0,0
"Für Sie schwer überprüfbar? Meinen Sie nicht ernst, oder? Was ist an der Seite ""ScienceFiles Kritische Sozialwissenschaften"" schwer überprüfbar?",-1,-1,0,0,0,0
"Man müsste nur unsere defekten U-Boote,Hubschrauber usw. instandsetzen, dann bräuchten wir nicht nachrüsten!",-1,-1,0,0,0,0
Ja ist es ! Nur von CDUCSU und FDP nicht gewollt. Seit über 30 Jahren an der Macht und nichts dafür getan SPD ist auch nicht besser .,-1,-1,0,0,0,0
Na sowas aber auch! :/) Danke für die Info!,-1,-1,0,0,0,0
dann nehmen wir mal die Aussage von Seehofer - Stegner - Roth - Habeck,-1,-1,0,0,0,0
das meine ich doch. Nicht die Altersgrenze sondern der Zustand. Bin für Organspende. Jeder hängt an sein Leben.,-1,-1,0,0,0,0
Ich könnte noch einiges dazu schreiben. Aber ich lass es lieber.,-1,-1,0,0,0,0
"Dieser Mann sollte Minister sein, da er was vom Fach VERSTEHT.",-1,-1,0,0,0,0
"Da Satire ja schon längst nicht mehr alles darf, und ich keine Lust habe, wegen jedem frechen Spruch vor Gericht zu landen, erstelle ich gerade wieder ein musikalisches Comedyprogramm voller methaphorischer Anspielungen. Welcher Titel wäre gut?",-1,-1,0,0,0,0
"das finde ich aber auch! Frauen sollten gerne alles meiden, was von Hause aus schlecht bezahlt wird. Wird ganz schnell gehen, dass auf einmal auch für diese Jobs gute Gehälter gezahlt werden.",-1,-1,0,0,0,0
"Und, was haben Sie für ein Problem damit? Immerhin hat Herr Daimagüler im NSU-Prozess Hinterbliebene vertreten.",-1,-1,0,0,0,0
": Der Dümmer See in Niedersachsen ist durchschnittlich 1,30 m tief und trotzdem sind dort schon Leute ertrunken. Deine Statistik taugt nichts.",-1,-1,0,0,0,0
Heimat ist der Ort an dem man sich wohl fühlt und an dem man zwischenmenschlich verankert ist. Menschen können im Laufe ihres Lebens mehrere Heimaten haben.,-1,-1,0,0,0,0
Gretas direkte Ansprache gegen die älteren ist hart aber jeder wird es mal und sie sollte die Worte gut wählen denn sie könnten mal gegen sie gebracht werden wenn sie es nicht mehr ist JUNG...,-1,-1,0,0,0,0
Entweder reich oder arm mehr gibt's nicht mehr und diese Politiker die diskutieren haben eh ausgesorgt schämt euch,-1,-1,0,1,1,1
"aber ja, oder wofür bekommen die jeden monat geld von mir??",-1,-1,0,0,0,1
Wenn es klappt sind wir alle im Eimer,-1,-1,0,0,0,1
"Wetten, dass Sie vor der Glotze sitzen um nur ja nicht's zu verpassen",-1,-1,0,0,0,0
"Stastssender!? der war echt gut, wenn du den Staat findest sag bescheid.",-1,-1,0,0,0,0
Das Thema Klima ist bei den Grünen allzeit beliebt...früher sprachen sie sogar von einer Klimakatastrophe... |LBR| Viel Ahnung von nichts..!,-1,-1,0,1,1,1
"ich finde nicht , dass hier solche Äußerungen wie die von Andreas Müller stehen sollten !",-1,-1,0,0,0,0
"7 Tage Ferienfreizeit mit polnischen Kindern u. Jugendlichen. Sie erinnerten mich daran, was es heißt, stolz auf sein Land zu sein",-1,-1,0,0,0,0
"was können sie außer Populismus anbieten. Es gibt in Deutschland viele Menschen aus allen Parteien, die der afd in dieser Sache Recht geben müssen. Nennen Sie mir eine Programmzeile, die ihnen recht gibt!!",-1,-1,0,0,0,0
"Und die Waffen die wir dagegen haben sind Herz und Hirn. ""Vor Klugheit und Wissen kommt Toleranz und Güte!""",-1,-1,0,0,0,0
Wo ist dieses Plakat her?? Die Polizei Berlin Interessiert sich brennend dafür.,-1,-1,0,0,0,0
Wir haben Wohnungen! Kümmern Sie sich! Ihre Behauptung ist einfach falsch! Hier stehen leere Häuser.,-1,-1,0,0,0,0
Ich bin nicht ausländerfeindlich nur weil ich mein Volk und mein Land bevorzuge.,-1,-1,0,0,1,1
"Islam ist immer beleidigt, wenn man nur die geringste Kritik übt.  Vor diesem ""Beleidigtsein"" haben alle Angst. Ich hoffe,  dass alle Beleidigungsparagraphen abgeschafft werden!",-1,-1,0,1,1,1
"Die Regierung sollte es fördern, dass es mehr private Vermieter gibt. So würde ein stabiles Polypol geschaffen.",-1,-1,0,0,0,0
"Stimmt, sie sollten viel weniger reden und im Gegenzug mehr schweigen.",-1,-1,0,0,0,0
Die kleine Heike wieder da....keine Gewalt von deutschen - nur Gewalt gegen deutsche hab ich gesagt...!,-1,-1,0,1,1,1
: Das ist 30 Jahre her und nicht repräsentativ. Heute sind die Probleme auch vielschichtiger. Dss kann man doch nicht mit der DDR vergleichen.,-1,-1,0,0,0,0
"Das Brüsseler  führt zur Umverteilungs- und Schuldenunion. Gemeinsame Investitonen, Institutionen und Regeln brauchen wir. Anreize zum Verschleppen von Reformen und zum Verschieben von Verantwortung schwächen Europa aber. CL",-1,-1,0,0,0,0
Richtig...wir sind nicht schuld |LBR| Die vor uns allerdings schon..!,-1,-1,0,0,0,0
Hohlmantell Geschoss nicht ganz schlecht. Geht aber besser :-),-1,-1,0,0,0,0
", Entschuldigung. Stimmt auch wieder... All das fehlt denen tatsächlich!",-1,-1,0,0,0,0
Die jüngere Generation bekommt so viel Kindergeld wie keine Generation. Dürfen auch was zurück geben,-1,-1,0,0,0,0
Habe ich mir auch gerade gedacht. Eine Unverschämtheit so eine Ansage zu machen !,-1,-1,0,0,0,1
Sie nennen es Hallal. Ich nenne es Tierquälerei der schlimmsten Sorte. Und Deutsche Supermärkte unterstützen so etwas sogar.,-1,-1,0,1,1,1
Andreas Rose Wie kann man Grün wählen . Die wollen uns abschaffen . Multi Kulti . In 30 Jahren tragen auch wir Deutsche Burka und müssen Arabisch sprechen .,-1,-1,0,1,1,1
Was wollen diese linken eigentlich damit erreichen ?,-1,-1,0,0,1,0
"Wer über Polen schreibt, wie die ""Welt"", sollte das Land kennen und die Sprache beherrschen, nur ziehen unsere Medien Lügen vor",-1,-1,0,1,1,1
"Lieber Staat, nehme doch mal die enorme Steuer- und Abgabenlast runter, damit den arbeitenden Menschen mehr im Portemonnaie bleibt!! Ach nee, es müssen noch Millionen mit durchgefüttert werden!!",-1,-1,0,0,0,1
"Die gute, alte CSU ist Deutschlands, ähm... Bayerns, letzte stabile Volkspartei. Weiter so!  München mal außen vor gelassen.",-1,-1,0,0,0,0
"Habe mit einer besonders ""guten"" Arbeitskollegin kurz über Migrantenkriminalität gesprochen.Sie sagt,sie lese schon gar keine Zeitungen/Berichte mehr. Ich sagte:das erklärt einiges...",-1,-1,0,1,1,1
"Bildung u. Wahrheit,auch bittere,sind der Schlüssel zum Erfolg u. kein ausschließl. Verteufeln Andersdenkender, RU, Polens, od. d. DDR",-1,-1,0,0,0,0
"ganz im Gegenteil: es ist wunderbar, wenn er die BRD als Heimat empfindet.",-1,-1,0,0,0,0
"da haben sie natürlich Recht. Ich wollte damit auch nicht ihre Sendung kritisieren, die ich eigentlich jeden Montag mit Interesse verfolge, sondern eher den Inhalt, abgegebener Statements.",-1,-1,0,0,0,0
"Ralf, es bewahrheitet sich immer wieder, der Religion gehört generell eine ""Nebenrolle"" ZUGEWIESEN!",-1,-1,0,0,0,0
Das ist doch ein Witz. Wie bei unseren Politiker von nichts ne Ahnung aber sagen was richtig und falsch ist. Leider gibt's aber noch zuviele die es nicht durchschauen,-1,-1,0,0,0,1
Das lassen die  nicht zu....und wenn sie gegen ihren eigenen Willen festgehalten werden... |LBR| Es ist leicht nach einzureisen...aber raus?,-1,-1,0,1,1,1
"Das sind infantile Allmachtsfantasien, die zu belegen die Realität schuldig bleibt.",-1,-1,0,0,0,0
"Warum sollte ich dankbarer sein, als jemand, der seit grade mal dreissig Jahren meine kulturelle Sozialisation teilt? Ist was genetisch bedingtes, näch? Genau das schrieb ich, danke für die Bestätigung.",-1,-1,0,0,0,1
"Man sollte sich eher bei Herrn Draghi ""bedanken"". Der deutsche Staat müsste das Geld, das er sich durch die günstigen Zinsen spart nur bei der Gesellschaft ankommen lassen, dann wären zu wenig Wohnungen auch kein Problem",-1,-1,0,0,0,0
"Yepp. Haben wir auch vor, aber dann sitzt man als Greis allein auf dem Dorf im letzten Tal der Alpen..",-1,-1,0,0,0,0
"nix Klimawandel nix Neuseeland,...flache Gespräche Sonntag Montag wie geht's weiter...",-1,-1,0,0,0,0
"Ach, die ist noch nicht nach Anatolien ent...schwebt?",-1,-1,0,0,0,0
Vor allem Belege erträgt sie nicht.,-1,-1,0,0,0,0
"Wie wäre es dann mit einem (bedingungslosen) Grundeinkommen? Es würde jeder Erwachsene bekommen und dann kann jeder entscheiden, wie er sein Leben gestalten möchte.",-1,-1,0,0,0,0
"wie oft wird da noch besprochen, sehr umständlich wie alles in Deutschland.",-1,-1,0,0,0,0
"24 Stunden alles niederlegen, sich nicht einbringen, Bundesweit.... Und sie fühlen die Macht des Volkes.",-1,-1,0,0,0,0
", in einer Gemeinschaftskundeklausur der Sekundarstufe II würden Sie mit solch einer Aussage gerichtsfest durchfallen - an der Uni im Fachbereich Politikwissenschaft ebenso.",-1,-1,0,0,0,0
"Vielmehr - Liebe passiert manchmal einfach. Sie fragt nicht: ""Wer bist du und wie definierst du dich?"" Sie geschieht.",-1,-1,0,0,0,0
"´Wahr ist nur, was man glauben will´... eine wahrhaft kranke Welt ist das, die da zusammen gezimmert wird. Und dann beschweren jene sich, dass sie sich abgehängt fühlen und überhaupt ´die da oben´. Aber wenn der ´der da oben´, also Verstand, auf 0 gefahren wird? Wie helfen?",-1,-1,0,0,0,0
"Gerade im TV gesehen. Wer einkaufen will, und 10 Cent sparen will braucht eine App von Edeka Rossman usw. Vielleicht ist das old shool, aber wir brauchten nur nen Einkaufszettel und Geld.",-1,-1,0,0,0,0
könnt ihr mir mitteilen wie oft in den letzten zwei Jahren jemand von den Grünen und von der AfD zu Gast war?,-1,-1,0,0,0,0
"Der  in der  „Man kann gegen die  viel sagen, aber sie organisiert selbst den Auszug aus der Regierungsbildung immer noch professioneller als die  ihren allmählichen Einzug.“",-1,-1,0,0,0,0
Das sehe ich auch so....Hilfe nur dem der sich selbst helfen kann..! |LBR| Es wird sich bald einstellen das unsere Polizei bei Verbrechen garnicht anreisen wird....bald,-1,-1,0,1,0,1
"Nur ist die Treuhand seine Idee, die er wieder aus der ""Vor-Nazizeit"" aufleben ließ",-1,-1,0,1,0,0
"Tolle Mitgliederversammlung gestern Abend. U.a. haben wir beschlossen, dass Hamburg Pride e.V. sich um den EuroPride 2020 bewirbt.",-1,-1,0,0,0,0
das wird nie passieren dazu gibt es zu viele die noch weniger haben und deshalb ist doch das mit dem Zuzug so gewollt,-1,-1,0,1,1,1
weil der Staat sie langsam zur Ader lässt da Strom mehr da Milch mehr da die Fahrkarte mehr Miete mehr,-1,-1,0,1,0,0
10 points von Deutschland für das polnische Alpen-Porno. Das passt!,-1,-1,0,1,1,1
Es gibt keine Tranliteration hebräisch - deutsch .,-1,-1,0,0,0,0
"täglich dann 50-100 km zur Arbeit einfach- mit Baustellen ; die Kraftstoffpreise sind ja SO günstig wie nie zuvor, das rechnet sich dann gewiss *kopf kratz*",-1,-1,0,0,0,0
Das ist kein Idealismus.  Das nennt man Fanatismus.,-1,-1,0,0,0,1
Der Grünen Vertreterin gehen nach und nach die Argumente aus. Nur pauschales.,-1,-1,0,0,0,0
"Natürlich ändern DIE LINKE alles. Warum bist du der Meinung, dass DIE LINKE auch nichts ändert?",-1,-1,0,0,0,0
"Ich habe für meine Frau später die Schwangerschaftmode genäht unsere Gardinen ,habe meine Baby,s gewickelt und mit der Bobelchaise spazieren gefahren , meine Babys gebadet usw.",-1,-1,0,0,0,0
"Und wieder einmal mehr zeigt sich, dass in D mit zweierlei Maas gemessen wird in der Justiz!",-1,-1,0,0,0,0
Was hat das nun mit Herrn Daimagülers Aussage zu tun?,-1,-1,0,0,0,0
erzähl du lieber mal warum dich ausländer so sehr belasten,-1,-1,0,1,1,1
die Fortbewegungssysteme der Zukunft sind noch nicht da auch das E-Auto ist es nicht..,-1,-1,0,0,0,0
"Falls die Seite in der nächsten Zeit kurz offline ist, bitten wir um Verständnis - es wird gerade viel an ihr herumgebastelt. :-) Danke!",-1,-1,0,0,0,0
"Glaubst Du im Ernst, der Mafia ist das nicht egal, ob Deine Organe gesund sind? Die will einfach nur Geld verdienen. Genauso wie bei den Fleischskandalen ist es auch in der Medizin inzwischen! https://www.welt.de/politik/ausland/article13723382/Das-blutige-Geschaeft-mit-Organen-vor-Israels-Grenze.html?fbclid=IwAR1OOmS4k_xyRPH80IyuhFXacux3Qz5dAnIpKrbK6rTjKXRkPZ08CcPhfg8",-1,-1,0,1,1,1
"Wenn die Flugzeugführer Angst haben vor Migranten, müssen die Herrschaften eben |LBR| in Handschellen abgeschoben werden. Wo sind wir denn?",-1,-1,0,1,1,1
"Wetten, dass Klitschko zum Retourkampf antritt? Joshua wird ihn |LBR| bis Runde 11 schonen und dann umhauen. Das bringt Millionen. |LBR| Reine Show.",-1,-1,0,1,0,0
Denken Merkel u Schergen wir DE sitzen noch in den Bäumen verarschen uns nach Strich u Faden diese Meineid u Hochverrat Merkel muss weg |LBR| AFD,-1,-1,0,1,1,1
"Hallo Freunde,bin gerade aus einer poln. Gemeinde zurück.Sagte dort den Polen,""EU-Bürger sind glücklich, wie seit 6 Jahren nicht"" (ntv)",-1,-1,0,1,0,0
schau dir sein Profil an. Das sagt schlichtweg alles.,-1,-1,0,0,0,0
"Ihre Bemerkung zur Türkei macht das ganze Elend der aktuellen politischen Situation deutlich. Wir sind Bürgerinnen dieses Landes, gewöhnen Sie sich daran. Die Identität dieses Landes besteht aus seiner Bekenntnis zur Vielfalt!",-1,-1,0,0,0,0
In Ägypten ist es sicherer als in Deutschland.Alle anderen Aussagen sind geheuchelt.,-1,-1,0,1,0,0
", es hat aber niemand die Pflicht, neofaschistische Akteure in eine Talkshow einzuladen.",-1,-1,0,0,1,0
Nein Hirntot bedeutet Tot. Ohne Maschinen stirbt der Rest des Organismus innerhalb kürzester Zeit auch ab.,-1,-1,0,0,0,0
"Das müssen die Gleichen Leute sein, die Pornos bis zum Ende schauen, und hoffen, dass die drei am Schluss heiraten :-) :-)",-1,-1,0,0,0,1
"in Ihrem Link wird doch auf genau die gleiche Studie zur Familienzusammensetzung Bezug genommen &amp; auch im Übrigen werden dort, wenn es nicht nur um Vermutungen, sondern wirkliche Schätzungen geht, genau die Zahlen aus unserem Ursprungstweet genannt. Besser lesen, Herr Strop.",-1,-1,0,0,0,0
"Die Dame von den LINKEN hat vollkommen Recht.Und das kommt extrem selten vor,dass ich denen mal zustimme.",-1,-1,0,0,0,0
warum besteht dann die Hälfte Ihres Beitrags genau um die Zusammensetzung der Runde?,-1,-1,0,0,0,0
"Der „Beamte“ , du meinst einen bewaffneten Uniformierten von der Firma mit der Wortmarke POLIZEI",-1,-1,0,1,1,1
"O.k Gut so, aber Schröder passt nicht. Nur meine Meinung.",-1,-1,0,0,0,0
Eine Schande das der Terroristen Verein Hamas in Deutschland Israelische Flaggen verbrennen darf..,-1,-1,0,1,1,1
"Noch ein Fehlgesteuerter mehr, der Mut mit Leichtsinn verwechselt u. eine zerstrittene EU aufwerten will",-1,-1,0,0,1,1
"Von der Frage, was mit Europa in einer Regierung von Schwarz-Gelb und Grün passieren würde, ganz zu schweigen.",-1,-1,0,0,0,0
Der Antrag 39 bzgl. Dienstzeitverlängerung von |n wird auf die nächste  2018 vertagt -,-1,-1,0,0,0,0
"Weil viele weggehen von Orten, an denen sie angekommen waren, wo sie geboren wurden, wo sie aufwuchsen, an denen Eltern und Großeltern leben, ./. Nicht allen geht es damit gut. Verlangt wird es dennoch",-1,-1,0,0,0,0
", die Grünen sind ja auch kräftig dabei! Sage nur eins: ""Schützenaufmarsch"" Ich amüsiere mich köstlich",-1,-1,0,0,0,0
Schade jetzt ist er beleidigt....ich hoffe wir hsben künftig kein Problem mehr wenn ich mich nundig gemacht habe...,-1,-1,0,0,0,1
"morgen 14.5. halte ich in Berlin, Urania um 19:30 eine Vortrag ueber den islamischen Faschismus!",-1,-1,0,0,0,0
Wenn eine Frau in Ihrem Job Spitze ist wird sie auch Chef,-1,-1,0,0,0,0
Och Mann ey - ich hab nur die Eigenschaft des Nichthellseins benannt. Schwarze ist auch nicht recht. Übrigens habe ich nichts gegen die. Meine Lieblingskünstler sind alle nicht hellhaeutig. |LBR| Warum sind alle immer so empfindlich?  Bei Weißen darf man hingegen Dunkeldeutsche sagen,-1,-1,0,1,1,1
"Ihr hetzt permanent gegen Trump. Und diese ""Demokratiebgemeinschaft Europa"" ist auf Sand gebaut und aus dem Geld des von euch ausgebeuteten kleinen Mannes. Dann lieber ""Amerika First""  - das ist echt, das ist ehrlich, da kann sich der Ami (egal welche Farbe) mit identifizieren",-1,-1,0,1,1,1
"Wien hat das höchste Holzhaus mit 84m ""SEEHUB"" in der Seestadt.",-1,-1,0,0,0,0
"Wo ist das -Social Media-Team, das in der letzten Woche nahezu jeden Kommentar kommentiert hat, wenn jemand ohne einen Grund zu nennen, einen Studiogast als Hetzer diffamiert?",-1,-1,0,0,0,0
Das Recht auf eine Wohnung gehört ins Grundgesetz. Mit einer sanktionsfreien Mindestsicherug. Besser wäre ein bedingungsloses Grundeinkommen.,-1,-1,0,0,0,0
"Politisch der Ungebildete, Kriegsbilligende und Charakterlose wird im September Merkels Politik wählen &gt; eine Schande für dieses Land.",-1,-1,0,1,1,1
"""Das ist alles so unfassbar dämlich, ich finde keine Worte dafür! "" Ich schon. Dass nennt sich Bildungsnostand.",-1,-1,0,0,0,1
Auch durch eure Zensur in Deutschland werdet ihr nichts ändern. Wie sehr in Deutschland zensiert wird kann ich hier im Ausland sehr gut erkennen. |LBR|,-1,-1,0,0,0,0
Währe ein Verstoß gegen den Amts Eid Heute noch Strafbar. Würde er nicht so leicht über die Lippen gehen. Heute nur ein Lippen Bekenntnis.,-1,-1,0,0,0,0
Warum verdammt nochmal warum müssen wir ständig welche aufnehmen. Deutschland hat die meisten aufgenommen von den eu Staaten. Die wirklich Hilfe brauchen können nicht zu uns kommen weil die sich es nicht leisten können.,-1,-1,0,0,0,1
"Keine andere, aber eine ergänzte: dass nämlich Transfer- und Haftungsunion, Euro-Zonen-Budget usw. weiter ausgeschlossen sind. Das ist realpolitisch bedeutsamer, weil man dafür uns bräuchte. Beim Zurückfahren des ESM bräuchte umgekehrt die FDP eine Mehrheit bei anderen. CL",-1,-1,0,0,0,0
"Hi, wir weisen nur auf die Wahlürfsteine hin, wir haben sie nicht gemacht und auch nicht verschickt.",-1,-1,0,0,0,0
"wem in solcher weise "" der Kragen platzt "" , dass Menschen verletzt und sogar getötet werden ,weil ihm "" die Politik nicht passt"" der ist Nazi. Ich finde das überhaupt nicht zum lachen .....",-1,-1,0,1,1,1
"Kein Kohleausstieg,wenn dadurch unsichere Atomenergie aus dem Ausland importiert werden muss.Unsere sicheren Atomkraftwerke werden abgeschaltet und unsichere im Ausland gebaut.Auch die Winkrafträder sind nur eine Verschandelung der Natur.Das Ausland lacht.",-1,-1,0,1,0,1
"Wen die STIFTUNG Eurotransplat interessiert, kann sich hier in die riesigen Listen der Boardmitglieder und groups mal einlesen - es ist eine Vereinigung von Zwergländern, dann Frankreich, Spanien, Skandinavien lassen sich wohl nicht drauf ein. https://www.eurotransplant.org/cms/index.php?page=organization",-1,-1,0,0,0,0
Tauwetter.... war da nicht was in einer kleinen Stadt namens Goslar...,-1,-1,0,0,0,0
"Schmonzes, denn weder gehöre ich zur , noch »bilde ich mir etwas ein«! In  ist es unter Antisemiten Gang &amp; Gebe, dass Demos, oder Vorträge, die  transportieren, auf Tage gelegt werden, wo wir  religiös bedingt nicht erscheinen können.",-1,-1,0,1,1,1
ihr habt ja recht. Aber bei Rassisten vergesse ich meine guten Manieren...,-1,-1,0,0,1,1
wie heißt das es darf nur mehr über gewisse Themen gesprochen werden was ist mit aktuellen Themen Macrons aussagen und AKKs antworten ..,-1,-1,0,0,0,0
"So derbe mit der Realität konfrontiert zu werden ist schon ein wenig unmenschlich, find ich",-1,-1,0,0,0,0
Liebes  Team zeigt mal den Abschnitt als Herr  alle bloßgestellt hat.,-1,-1,0,0,0,0
"Für mich ist Heimat dort, wo ich zuhause bin, fertig. Wer das an irgendeiner Staatsangehörigkeit festmacht, der hat mit seiner Vorstellung von Heimat ein Problem, primär ein populistisches Problem.",-1,-1,0,0,0,0
Wer noch glaubt das wir auf dem richtigen Weg sind der hat mit Deutschland nix zu tun..!,-1,-1,0,1,1,1
OK. Wir können ja noch 20 Jahre über Pflegenotstand reden. Dieser Zustand hat mich fast 40Jahre als ehemalige Krankenschwester begleitet.,-1,-1,0,0,0,0
"Vor allem Rechtspopulisten &amp; -Sympathisanten verteidigen , kritisieren das »harte Urteil« &amp; feiern gleichzeitig die -Leugnerin  als »Heldin der Wahrheit«. Das Krankheitsbild lautet: Deutsch-nationaler  NACH  in",-1,-1,0,1,1,1
Das ist möglich...achte aber bitte darauf das die sich möglichst nicht kennen...,-1,-1,0,0,0,0
"Die Juden in Deutschland waren gebildet,  assimiliert,  wertschoepfend,  zurückhaltend. Der Hass auf sie kam von links (gegen Eliten, gegen Finanzadel) |LBR| Ich hatte nie Vorurteile gegen Muslime,  liebe andere Länder und Kulturen. Was hier gespielt wird, spottet  jeder Beschreibung",-1,-1,0,1,1,1
Warum lassen sich die Bürger das gefallen und warum sind die Menschen so naiv solche Parteien wie die CDU oder SPD zu wählen.? Die haben doch alle versagt im gewissen Sinne.,-1,-1,0,0,0,0
Wie Respektvoll findet  denn die Frage nach der Herkunft überhaupt?,-1,-1,0,0,0,0
Früher war in der Bronx sicherer als heute in DE,-1,-1,0,1,0,0
"Mensch, du bist nicht mal in irgendeiner Reihe. Komm in den Bundestag, dann können wir dort streiten.",-1,-1,0,0,0,1
Wird ihnen im Namen dieses Gottes mit Mord gedroht? Mir schon. Mehrfach wöchentlich.,-1,-1,0,1,1,1
"Und wer sich nicht nur in Mutmaßungen ( san) über begnügen will, der kann ja einfach Tweets davor lesen, welche Position  dabei hat",-1,-1,0,0,0,0
"Habe andere Erfahrungen gemacht, in der Schweiz war es kein Problem und hier in Ungarn auch nicht,in NY kannst Du überall Kurse finden.",-1,-1,0,0,0,0
"Wer sich für Europapolitik interessiert, sollte erwägen  zu folgen.",-1,-1,0,0,0,0
"Ich schreibe seit 15 Jahren dt./pl. EU-Projekte, seit 41 Jh. habe ich einen pln. Familienteil, ich käme nur nach Hause",-1,-1,0,0,0,0
Warum wurde ich nicht vor 3 Stunden von Dir gewarnt???,-1,-1,0,0,0,0
Unterschreibe die zweite Hälfte des Absatzes zu 100 Prozent! Den ersten Satz finde ich nicht so nett :-),-1,-1,0,0,0,0
"Diese Sendung ist Mobbing pur. 4 bzw. 5 gegen einen. Meine ganz einfache Frage ist: ""Warum wird gegen die Rechte Szene nicht rigoros vorgegangen. Ebenso gegen die Linken Verbrecher. Diese Frage stelle ich seit die Flüchtlingsunter- künfte z. B. in Möller brannte?"" Es passiert nichts.",-1,-1,0,1,1,1
Wir wünschen einen frohen vierten Advent und Gottes Segen!,-1,-1,0,0,0,0
Achja..?... führe mich auf den rechten Pfad des Weges,-1,-1,0,0,0,0
"ja nun. wir haben nun mal die eu. also entweder abschaffen, refomieren, aber einfach gesetze ignorieren (hier jetzt nicht österreich gemeint!) geht nicht. das sollte für jedes land gelten!",-1,-1,0,0,0,0
Eine Regierung ohne Sachverstand und EIGENE Werte wird nicht handeln,-1,-1,0,0,0,1
kannst du nicht lesen? Was für Integration? Bulshit! Ich werde mich nicht integrieren nach eueren Vorstellungen! Sei dankbar das ich in die Rentenkasse einzahle ! Punkt aus ende der Diskussion,-1,-1,0,1,1,1
"Natürlich nicht! bitte darum sogar :)übrigens bei derz.lage ist dein ""Modus"" nicht ungewöhnlich. Irgendwie sind wir Menschen zu oft beklopft",-1,-1,0,0,0,0
Gibt's es in Berlin ein städtisches gefördertes Wohnbauunternehmen da Berlin ja links ist..,-1,-1,0,0,0,0
Der Lebende Mensch nicht. Die Leiche? Why not? Was juckt sie das was mit ihrer Leiche passiert. Wenn mich einer ausgraben ausstopfen und ins Wohnzimmer stllen würde. Mir egal ich bin tot. Ich versteh das gejammere nicht über dinge die man eh nicht mitbekommen wird,-1,-1,0,0,0,1
Auch Sachsen gehört zu Deutschland - trotz Unfähigkeit die richtigen Lehren aus dem Wahldebakel zu ziehen,-1,-1,0,0,0,1
"Früher hat man mal selbst recherchiert heute bedient man sich an die Soziale Medien, die man sonst immer so verurteilt. Man sollte Ihnen ihr hohes Gehalt kürzen. Was wir Zuschauer auch noch bezahlen........",-1,-1,0,0,0,0
Immer wieder die gleichen Themen. War doch grad auch Thema bei Maischi.Ändert sich eh nix.,-1,-1,0,0,0,0
"Heimat bist du Großer Söhne Volk begnadet für das schöne, viel gerühmtes...",-1,-1,0,0,0,0
"In den ärmsten Ländern hat man das geringste Umweltbewusstsein..es sind Afrikanische und Asiatische Flüsse, die den meisten Müll ins Meer schwemmen",-1,-1,0,0,0,0
"Arno Nuem WDR , Aktuelle Stunde unter anderem..Insgesamt waren mehrere Freibäder in NRW betroffen.",-1,-1,0,0,0,0
"Dazu stehen wir sowas von! Wir haben es jetzt schon zeitweilig erreicht, und ich möchte, dass es dauerhaft so ist.",-1,-1,0,0,0,0
"zu einem anderen Ergebnis kam. Vielleicht erschien ihr (der Community) der Kontext klarer, keine Ahnung.",-1,-1,0,0,0,0
"Keine Frage - immer schlimm wenn ein Mensch so jung verunglückt und verstirbt, daß man seine Organe als Spenderorgane nutzen kann...aber intakte und verfügbare Spenderorgane aus irgendwelchen moralischen Gründen nicht zu nutzen, ist nichts anderes als Verschwendung von Ressourcen.",-1,-1,0,0,0,0
"Richtig!Und da das vermutlich viele machen werden, haben sich die Befürworter des Gesetzes selbst ins Knie geschossen. So kommt es, wenn man unbedingt was durchsetzen will und die Menschen als unmündig betrachtet.",-1,-1,0,0,0,0
"Liegt halt irgendwie in der Natur der Deutschen, da gerne mal wegzugucken. Hat sich seit 1933 nicht viel getan.",-1,-1,0,1,1,1
Ich Glaube ich werde krank hat jemanden ein Trank der Heilung für mich ???,-1,-1,0,0,0,0
ihr müsste ER ein bißchen auf due Zähne fühlen - Roth hinter Transparenten - Habeck,-1,-1,0,0,0,0
Ermittlungen gegen Täter: 6 Wochen - gegen Ermittler 9 Jahre. Opfer wurden als Lügner diffamiert.,-1,-1,0,1,1,1
"Was für eine dämliche Logik: angeblich helfen wollen aber sollte es Pflicht werden, will man plötzlich nicht mehr helfen? Hören Sie sich mal selber zu!",-1,-1,0,0,0,1
naja anders konnte Frau sich ja nicht gegen den Sabbler von der CDU nicht durchsetzen.,-1,-1,0,1,1,1
"Der IWF fordert die Enteignung der deutschen Sparer! |LBR| Und immer schön die CDU wählen, damit Merkel das umsetzen kann!!!",-1,-1,0,1,0,1
A betreibt man wieder AFD bashing. Über die Gäste braucht kein Wort verlieren. Altparteien sollte sich mal selber an die Nase fassen.,-1,-1,0,1,1,1
"Danke für den Hinweis! Es sollte wohl eher ""auswählen"" heißen.",-1,-1,0,0,0,0
Jawohl Handeln und das mit Macht .Wir sind des Volk haben die Ossis uns vorgemacht.,-1,-1,0,0,1,1
Ich gab schon immer gesagt: Der mieseste Sexismus kommt von Frauen gegen andere Frauen.,-1,-1,0,0,1,1
"nein. es geht nicht gegen funktionäre, bin selber kreisvorsitzender. glaube aber das nur ein mitgliederentscheid die partei wieder zusammenbringt.",-1,-1,0,0,0,0
"Vielleicht, um ihr ansonsten schlechtes Gewissen - insofern vorhanden - zu beruhigen?",-1,-1,0,0,0,0
"Merkel sitzt neben Putin und Erdogan in der Ur-Loge Golden Eurasia. Da kommt die Politik her. Aus 36 Ur-Logen. Nachzulesen bei Magaldi (selber Höchstgradmaurer der Ur-Loge Thomas Pain. Bilderberger, CFR, Trilaterale Com. sind die Arbeitsebenen der Ur-Logen.",-1,-1,0,1,0,0
"ach naja, so beeindruckend ist das nun auch wieder nicht bei näherer Betrachtung, aber danke",-1,-1,0,0,0,0
Großbritannien hat das Schengener Abkommen überhaupt nicht ratifiziert und angewandt. https://www.schengenvisainfo.com/de/staaten-des-schengen-raums/,-1,-1,0,0,0,0
"Das ist so gewollt und beabsichtigt... |LBR| Man will Zivilcourage gezielt demontieren, dazu erziehen lieber ein Feigling zu sein statt für den anderen einzustehen. |LBR| Ist dieses vollbracht dann wird es ein leichtes Spiel auf Übergriffe ....",-1,-1,0,1,1,1
"Ich hab ja auch schon einiges losgelassen,aber wenn man gebrandmarkt ist dann sagt die Netzagentur ,Maas-voll‘ niente!",-1,-1,0,0,0,0
"Es geht darum, dass die Leute, die das Geld anlegen und dadurch Geld machen 25% Steuern zahlen und ich knappe 40%. Warum sollte Arbeit höher besteuert sein?",-1,-1,0,0,0,0
Österreicher haben diesen Kurz...diesen Schnösel...der auch noch gute Politik macht..! |LBR| Sehr zum Leidwesen der deutschen Politiker die daran gemessen werden...,-1,-1,0,0,1,1
"|LBR| deMaiziere: ""wir wollen keine Anreize schaffen, dass diese(subsidiären) ""Schutzsuchenden"" |LBR| hierbleiben. Sie sollen zurück in ihre Heimat.""",-1,-1,0,0,1,1
"DANKE für Antwort - Noch 2 Bemerkungen: Titanic-Kapitän geht nicht von Bord; Andrea Nahles bleibt - o d e r - SPD wird mit ""alten weißen Männern"" wieder wählbar ( Die jungen Grünen kann die SPD nicht überholen: Bärbock und Habeck sind unübertroffen ""geil"". (Bis heute abend. )",-1,-1,0,0,0,0
"Nur das Ostdeutsche zum größten Teil schon immer Deutsche waren. Und an sich auch kein Problem mit Einwanderung haben, da viele Familien durch die Unbilden des Krieges ihre tatsächliche Heimat durch Vertreibung verloren haben. Hinter Vertreibung steckt Zwang!",-1,-1,0,0,0,0
"Es ist wirklich unerträglich, dass uns eine offenkundige Rechtsterrorismussympathisantin mit Ihrer völkischen Paranoia belästigen kann.",-1,-1,0,1,1,1
"Stimmt, habe ich gesehen aber man hat es nur kurz angerissen. Es gibt in jeder Partei schwarze Schafe und Herr Junge kann nicht für alles was.",-1,-1,0,0,0,0
Obwohl sie zurecht als verlieren gelten dürfen sie dennoch weiter regieren....,-1,-1,0,0,0,0
also da werden die Angehörigen werden bestimmt nicht immer befragt werden können..,-1,-1,0,0,0,0
mich hat man schon beim FB deshalb für 30 Tage gesperrt,-1,-1,0,0,0,0
Deine Worte sind Balsam für meine Seele. Sehe es absolut wie Du!,-1,-1,0,0,0,0
"Problem ! Heute kann man keinem mehr trauen, hätte nie gedacht das ein Apotheker ,Krebskranken Medikamente gibt die Null Wirkung haben. Es sollen schon Listen ""gedreht"" worden sein, damit der oben steht ,der besser bezahlt.",-1,-1,0,1,0,1
sehr guter Kommentar! Ich mag Herrn Spahn auch nicht. Aber wenn er eine gute Idee hat steh ich auch dazu.,-1,-1,0,0,0,0
WER VERLEGT DENN STÄNDIG NATO-TRUPPEN AN DIE EUROPA-OSTGRENZEN UND WIRD ZUR FRIEDENSBEDROHUNG ??????und GAULAND hat sowas von RECHT !,-1,-1,0,1,1,1
Ach je dieser Reul. Habt ihr wohl noch zuviel Prozente,-1,-1,0,0,0,1
"Sind Sie immer so verbiestert und verbittert? Lassen Sie mich jetzt in Ruhe.Bei Ihnen ist Hopfen und Malz verloren,wenn Sie noch nicht mal höflich sein können.",-1,-1,0,0,0,1
"Im Schnellinfo und Newsletter weisen wir auf Termine von Flüchtlingsinis, Schulungen usw. hin. Schreibt uns, dann nehmen wir eure auf.",-1,-1,0,0,0,0
"Frau Will, wieviel haben ihnen die drei deutschfeindlichen Altparteien gezahlt, das sie Frau Weidel einfach kaltstellten?",-1,-1,0,1,1,1
"Es geht auch nicht um das Wohnrecht. Es geht um die Bezahlbarkeit der Miete. Es ist schön wenn man da Recht hat, da zu wohnen. Nur blöd wenn an die Miete eines Tages nicht mehr bezahlen kann, z. B. nach unnötige Renovierungsarbeiten.",-1,-1,0,0,0,0
Im Auto auf dem weg nach Karlsruhe und das Pressehandy klingelt in einer Tour. Läuft :-),-1,-1,0,0,0,0
"Frau Schröder versteht nicht, dass es viele Paare gibt, wo BEIDE ganztags arbeiten müssen, um über die Runden zu kommen und da entscheidet man sich nicht nach dem, was man will, sondern wie das alles finanzierbar ist.",-1,-1,0,0,0,0
"Ich hab die Vermutung das alles auf die eine Lösung hinausläuft, so zu destabilisieren bis der DEUTSCHE erwacht und es richtig knallt!",-1,-1,0,1,1,1
ja genau aber ich glaube wohl eher für die Grünen wenn die Welle wieder abgeebbt ist ! Die sind genau wie die AFDler sie haben nur eine Spielkarte !,-1,-1,0,1,1,1
"Einzelne Teilnehmende widersetzen sich der eindeutigen Bitte und Ansage der  und werfen Böller und Plastikflaschen auf Mitdemonstrierende, Polizei, Presse. Übrig gebliebene Rechte standen rund 150 Meter von den Werfenden entfernt. Ordner und Polizei beruhigen.",-1,-1,0,0,0,0
"Sag ich doch, wir befeuern den Klimawandel. Raucher können ihr Lebensende meiner Meinung nach auch gerne befeuern, nur hab ich daran kein Interesse.",-1,-1,0,0,0,1
"So mach ein ""Gutmensch"" stand schon auf einer zweiten ""Lohnliste""",-1,-1,0,0,1,1
"Wir sind entsetzt von der Vielzahl menschenverachtender, stigmatisierender und rassistischer Kommentare unter unserer Berichterstattung zur heutigen Kundgebung. Strafrechtlich potentiell relevante Äußerungen werden dokumentiert und ggf. zur Anzeige gebracht.",-1,-1,0,0,1,0
Unsere Bürokratie ist nicht nur veraltet sondern total verblödet....obwohl sich immer mehr junge Menschen für diesen Beruf entscheiden...,-1,-1,0,0,0,1
"Wäre es zustande gekommen, wäre es ein „historisches Projekt“ gewesen. Aber Sie haben schon Recht, auch um 04:30 Uhr muss man noch präziser formulieren, damit wohlmeinende Beobachter wie Sie nicht irgendwann irritiert sind.  CL",-1,-1,0,0,0,0
"Merkel lernte u. studierte in der DDR für ""Null"" &gt; ihre wichtigste Erkenntnis, halte deine Wähler DUMM, denn dann keine ""dummen Gedanken""",-1,-1,0,1,1,1
"Die CSU ist klar: Wer Leitkultur statt Multikulti, und wer die Obergrenze bei der Zuwanderung will, muss beide Stimmen der CSU geben.",-1,-1,0,0,0,0
na den würde ich vom Sofa holen.und ihnen würde ich raten nicht soviele Aufgaben anzunehmen,-1,-1,0,0,0,1
"Es reicht jetzt mal: Sehen Sie sich an, wie wir den letzten Monaten und Jahren über diesen rechten Antisemitismus berichtet haben (Facebook und jfda.de). Auch und gerade vor den Wahlen. Und überlegen Sie sich dann, ob Sie uns davor warnen müssen, den Rechten hinterherzulaufen.",-1,-1,0,0,0,0
Frag dich doch mal wer für die Armut mitverantwortlich ist.,-1,-1,0,0,1,0
"Was hat sie denn für ein Gesetz auf die Wege gebracht? Sie war immerhin Bundesfamilienministerin. Hier geht es doch nicht um Sympathie, sondern einfach nur um Dinge die sie nicht umgesetzt hat.",-1,-1,0,0,0,0
Wann gehst Du Gastarbeiterin eigentlich wieder zurück in Deine Heimat?,-1,-1,0,0,1,1
Werbung für Seestadt Wien Aspern 20000 Einwohner bis 2020 Neubau ..,-1,-1,0,0,0,0
"sie die Altparteien wollen es nicht verstehen, wenn du von keine der parteien vertreten wirst und immer nur dumme versprechungen machst...gehst du nicht mehr wählen oder AfD! Diese ganzen Diskussionen lenken nur ab...",-1,-1,0,1,1,1
"Die werden schon lange nicht mehr gesungen. Weil per se böse und rechts. Wer ein romantisches Gedicht auswendig kennt, m u s s ein Nazi sein",-1,-1,0,1,1,1
"na nicht so voreilig denn der Täter war doch auf Europa Tour um sich zu erkundigen, in Österreich Tagt schon ein Sicherheitsunterausschuss wegen NZ und wegen vielleicht Verbindungen, oder was er in Österreich machte, er war ja auch Deutschland.",-1,-1,0,1,0,0
Sorry aber haben Sie sich tatsächlich mal die Kommentare angesehen? Sie bitten mich um Respekt für Ihre Gäste. Das ist allerdings frech. Gerne dürfen Sie mich sperren. Das geht eindeutig zu weit.,-1,-1,0,0,0,1
", bisschen härtere Diskussion haltet ihr nicht aus. Dann macht den Laden dicht.",-1,-1,0,0,0,1
"Sie beleidigen mit ihrem Kommentar alle Opfer des Nationalsozialismus und verharmlosen dadurch die echten Nazis! Von Geschichte Reden, aber Geschichte nicht verstehen. Schämen Sie sich!",-1,-1,0,0,1,1
"Sel. Märtyrer von Dachau: ""Sie zeigen uns, dass uns der Heilige Geist in der Bedrängnis dazu führt, über uns hinauszuwachsen."" (WB Stolberg)",-1,-1,0,0,0,0
Die Finanzierung der Flüchtlingsfrage ist ein schlechter Scherz und mit LINKS zu meistern.,-1,-1,0,1,0,1
warum hat sie die dann am Abend nicht benennen können? Ausser die Wiederholungsschleife von Frau Bearbock abzuspielen. Und auch die hat nach 20 min. in einer Talkshow nur die ewig gleichen Sprüche... am liebsten ist es den Grünen wenn sie Habeck anhimmeln können- ist das aber Politik? Oh graus!,-1,-1,0,0,0,1
Was willst du uns leaken oder was lel,-1,-1,0,0,0,1
"Solange andere Länder machen was sie wollen , können wir Deutsche uns anstrengen wie wir wollen. Ich glaube aber der Klimawandel kommt so oder so.",-1,-1,0,0,0,0
"Afd bei : Wer in die Defensive geht, hat schon verloren!!! Die AfD scheint es nicht zu begreifen! Leider.",-1,-1,0,0,0,1
"So ein Quark. Für viele vor allem alte Leute ist einfach bei einer anderen Hautfarbe klar, offensichtlich im Gegensatz zu einemrussischen Vater oder einer französischenenglischen Mutter, ohne dass es schlimm ist, dass jemand aus anderen Ländern Gene mitbekommen hat. Weil Europa bis zum zweiten Weltkrieg eben verhältnismäßig weiß war..",-1,-1,0,1,1,1
"Was soll Deutschland mit seinen 1 oder 2% dann weltweit bewirken? Selbst wenn wir Deutschland ganz ausrotten, ändert sich weltweit nichts.",-1,-1,0,1,1,1
"Untaten mit ""Flüchtlingen"" oder Moslems in Verbindung zu bringen wird immer als rassistische Hetze gemeldet.  Fakten benennen = Rechtsextremismus. Da helfen nur blumige Umschreibungen. In der DDR hatte man auch Geheimsprachen entwickelt..",-1,-1,0,1,1,1
die die zu uns kommen und auf ihr Land so stolz sind z.b die Türken,-1,-1,0,0,1,1
"Sie können es nicht! Sie scheitern am eigenen,falschen Demokratieverständnis. Gefühlsduselei regiert im v. IS erklärten Krieg!",-1,-1,0,1,1,1
Nach einem Jahr!!!!! Das sollte sie sich besser schenken. Glaubt ihr eh niemand.,-1,-1,0,1,0,1
Kein Punkt von den Nachbarn nach Deutschland! Aber die Ukraine schickt 5 Pünkte nach Frank-Walter-Steinmeier!,-1,-1,0,1,0,0
"Heute um 20 Uhr in DRESDEN Motorenhalle, im riesa efau Kultur Forum!",-1,-1,0,0,0,0
". at ist best: ""Wir sind kein modernes Land"" und ""Wir sollten unser Land nicht schlechtreden"" - heute in . Hat der Mann keinen Pressesprecher, der Interviews redigiert?",-1,-1,0,0,0,0
"Dann können wir vielleicht eine konstruktive Diskussion führen. Wenn Sie mit Unterstellungen arbeiten, dann wird das nicht möglich sein. Wir laden Sie zu einem virtuellen türkischen Tee ein.",-1,-1,0,0,0,0
"Ja, die Grünen haben das Perpetuum Mobile erfunden.Sich selbst erschaffende Energie.",-1,-1,0,1,0,0
Ach was..Lucke wurde genau so diffamiert..Das geht ja ganz schnell heutzutage.,-1,-1,0,0,1,0
ist als Politiker kein Schwätzer sondern handelt vom ersten Tag an. |LBR| Und geopolitisches Denken des letzten Jahrhunderts ist ihm fremd,-1,-1,0,0,0,0
"Vorbehalte gegen Nawalnij, die NYT, den Fotografen, der Fotos freigibt oder das Foto? Oder die Nawalnij-Kampagne?",-1,-1,0,0,0,0
Die Hessen-Grünen beschlossen zusammen mit CDU gegen SPD die NSU-Akten 120Jahre verschwinden zu lassen. Das Wort Demokratie dürfen Grüne somit nicht mehr in den Mund nehmen!,-1,-1,0,1,1,1
"Wir feiern Fatih Akin und seine Crew. Es ist wichtig, dass dieses Thema auf der Agenda der Öffentlichkeit bleibt. Mölln, Solingen, Hoyerswerda, Lichtenhagen und über 192 (seit 1990) Todesopfer durch rechte Gewalt sind keine Einzelfälle.",-1,-1,0,0,0,0
Uns beschneidet man in der Meinungsfreiheit. Deutsch-Hetze von deutschen Politikern ist mittlerweile ganz normal in Deutschland.,-1,-1,0,1,1,1
Nach einigem Nachdenken: Besser als Schlechtreden! :-),-1,-1,0,0,0,0
Ein rechter Bundeswehrsoldat plant einen Anschlag. Die Diskussion dreht sich aber primär um die Registrierung von refugees!,-1,-1,0,1,1,1
Falsches Getue zum Klimawandel. Was ist denn mit den Flugzeugen am Himmel und den |LBR| dreckigen Schiffsdieseln auf den Meeren?,-1,-1,0,1,0,1
Ich lebe in einem Dorf im tiefsten Niederbayern.. aber es gibt keine einzige Wiese.Nur Agrarwüste soweit das Auge reicht,-1,-1,0,0,0,0
"Uiiii....hier hängt ein Ralf am anderen... |LBR| So seit ihr SPDler alle...durch die Bank...sich zuerst über 280 Zeichen beschweren, sie aber dann in vollem Umfang nutzen..",-1,-1,0,0,1,1
"Das Foto des Jahres finde ich pietätlos u. Ausdruck dafür, wie tief die von der Politik vorgelebte Hetze gegen RU in Medien verwurzelt ist",-1,-1,0,1,1,1
"Dann kann sie wieder das machen was sie am besten kann: ""Unser Steuergeld an die korrupten afrikanischen Regierungen verteilen!""",-1,-1,0,1,1,1
Da gebe ich Ihnen recht! Denn heute wird man sehr schnell in die rechte Ecke gestellt und seinen Ruf geschädigt! Nur weil man eine andere Meinungen hat... Doch gefährlich sind beide Seiten!,-1,-1,0,0,0,0
Offensichtlich haben die Stimmenverluste für CDU und SPD noch nicht ausgereicht. Diese überbezahlten Politiker werden einfach nicht schlau! Es ist unerträglich was auf der EU-Ebene vor sich geht. Das hat mit Demokratie nicht mehr viel zutun.,-1,-1,0,0,0,1
Oh je jetzt wird Russland auch noch schuld sein wenn die AfD zu viele Stimmen bekommt!,-1,-1,0,1,0,1
"Also bin ich als Deutscher dann in Deutschland nicht mehr in der Heimat, weil von diversen Menschen ein moralisches Schuldenpfinden verlangt wird, weil man hier geboren wurde, oder man sonst dem braun-blauen Tross zugehört?!",-1,-1,0,0,1,1
Na was macht ihr ?? Ich hoffe ihr habt nen schönen Abend,-1,-1,0,0,0,0
Es sollen ja auch Immobilienhaie wie Vonovia oder Deutsche Wohnen enteignet werden und keine Mieter im Mietverhältnis! Hier ein paar unbequeme Fakten: https://m.manager-magazin.de/fotostrecke/ueberblick-die-elf-grossen-deutschen-immobilien-ags-fotostrecke-100484.html,-1,-1,0,1,0,0
"Wie oft Kurz die Selbverständlichkeit betonen |LBR| MUSS, |LBR| |LBL| 953858918761029632 |LBR| dass man eine demokratisch gewählte Partei zu akzeptieren hat, ist |LBR| grenzenlos peinlich. |LBR|",-1,-1,0,0,0,1
"Den Türken ist die Souveränität der Niederlande egal. Sie wollen dort |LBR| bestimmen. So geht das nicht. Ausweisen, wem das nicht passt.",-1,-1,0,1,1,1
"Der Islam würde erst im 7.Jahrhundert nach Christus von Mohammed begründet ,JESUS könnte kein Moslem sein er war vielleicht Vorher Jude.....vor diese Ihn an die Römer ausgeliefert haben und diese Ihn gekreuzigt haben...",-1,-1,0,0,1,0
"Merke: Die öffentlich getragene  ist natürlich eine unnötige Provokation, das öffentlich getragene  hingegen ein Zeichen von Vielfalt, das man notfalls einklagt.  in der salonfähigen Version.",-1,-1,0,0,0,0
Zeigt das diese Parteien nichts dazu gelernt haben. Die ab strafung am Wahltag ist noch nicht hart genug ausgefallen.,-1,-1,0,0,0,1
"Da ich nun die  eine Weile kenne, kann ich versichern: Sie hetzt nie. Ich weiß nicht, was Sie da rauslesen. Sie ist anderer Meinung, das darf sie Ich bin es auch. Ist jetzt mal gut lieber Herr",-1,-1,0,0,0,0
der deutsche legt die Füße auf das Sofa in der Wohnung die Nachbarn in Europa müssen ihr Haus erhalten ..,-1,-1,0,0,0,0
Dieses gelabere ist nicht auszuhalten. Der SPD gehts jetzt nur noch um ihre Posten !,-1,-1,0,0,0,1
wie dumm nur ist unsere Jugend überhaupt und gilt dieses auch in unserem Land..? |LBR| Ohne Worte...,-1,-1,0,0,1,1
"Welcher von ihnen beschriebene ""Hass"" wo sehen Sie den",-1,-1,0,0,0,0
"Nicht in der Lage!? Ich denke sie verkennen die Situation, die Absicht die dahinter steckt ist wohl nicht mehr zu verkennen, der Kalergi Plan wird gerade umgesetzt, sie sollten langsam in die Gänge kommen, oder es ist nichts mehr übrig",-1,-1,0,1,1,1
Wohnen ist ein GRUNDRECHT und da MUSS man reagieren und sollte NICHTS mit freier Marktwirtschaft zutun haben.,-1,-1,0,0,0,1
Hermann Gmeiner würde sich im Grab umdrehen wenn er sehen würde was aus seinen Dörfern geworden ist.,-1,-1,0,0,0,0
Klare Forderung der  für einen möglichen Koalitionsvertrag: Wir wollen keinen -Beitritt der,-1,-1,0,0,0,0
Nach Ansicht Ihres Profils sind wir uns sicher: Sie waren vermutlich einer unserr größten Gönner.,-1,-1,0,0,0,0
- Warum verteidigen Sie so vehement den Flug von Lanz?,-1,-1,0,0,0,0
Beschämend was sich Maischberger geleistet hat als Zuschauer dachte man weshalb lässt sich Bundeskanzler Kurz diese Unverschämtheit gefallen,-1,-1,0,0,0,1
"In sehr vielen Betrieben und Berufsgruppen ist die Entlohnung von Mann und Frau gleich. Warum kann man nicht sagen, dass ein Betrieb alle Mitarbeiter für die gleichen Tätigkeiten gleich bezahlen muss. Egal ob Mann, Frau, Zeitarbeiter.....",-1,-1,0,0,0,0
"na ja, offensichtlich ist es nötig um die vermeintlich Schwächeren zu schützen",-1,-1,0,0,0,0
"Herr Maas! Den Deutschen ihre Meinungsfreihheit einzuschränken und zu verbieten, ist ebenfalls eine Straftat! Ihre trafe werden Sie auch bekommen!",-1,-1,0,1,1,1
Willkommen bei den seit langem von der FDP gemachten Vorschlägen.,-1,-1,0,0,0,0
Und dann ein Schaden Von 750.000€ Muss man nicht verstehen!,-1,-1,0,0,0,0
"Die Japaner wissen ja, wie gefährlich Atomwaffen sind. Damit wir |LBR| uns verstehen: Nur die Amerikaner dürfen Atomwaffen zünden. Ja, |LBR| so ist das",-1,-1,0,0,1,1
"ja, aber nicht verraten! Nachher fällt das der Regierung auch noch auf und sie führt sie ein. ;-)",-1,-1,0,0,0,0
"Eva Ramm-Hruschka Sie reden hier,auch wenn jemand hirntot ist,noch immer über Menschen und NICHT über einen Ersatzteilstore!!",-1,-1,0,0,1,1
"ich finde nicht , dass irgendwelche konfuse Drohungen helfen! Eine Demokratie lebt von sachlichem, repektvollem diskutieren - meinetwegen auch streiten. Was sie da gerade geschrieben haben ist da wirklich unpassend und kontraproduktiv.",-1,-1,0,0,0,0
"Endlich mal schonungslose, ehrliche Berichterstattung über die momentanen Zustände in JVA‘en der Republik. |LBR|",-1,-1,0,0,0,0
"Er spricht von ""autoritären Staatsvorstellungen"". Sie wissen offenbar nicht, dass das nicht mit Demokratie vereinbar ist, sondern auf ein faschistisches System hinausläuft, in dem die Ideologie der Ungleichwertigkeit von Menschen herrscht. Das funktioniert wiederum am besten mit Menschen, die eine Autoritäre Persönlichkeit haben.",-1,-1,0,1,1,1
Ao - immer noch der.,-1,-1,0,0,0,0
Der Zuzug von subsidaer Geschützen ist das größte Problem. Es ist doch ein Irrsinnig Familien zusammen zu führen die das Land dann geschlossen wieder verlassen müssen. Im übrigen ist Syrien laut Pressemitteilung vom IS befreit. Wer baut diese Land dann wieder auf??,-1,-1,0,1,1,1
"Das ist leider nicht ganz klar. Unser Ziel war es etwas für alle zu schaffen, die nicht Mann oder Frau sind. Mal sehen was der Gesetzgeber draus macht",-1,-1,0,0,0,0
"Höchste Zeit und in gemeinsamer internationaler Kraftanstrengung, sowie gebotener Härte.",-1,-1,0,0,0,0
"Wir leben in einer globalen Welt ! Wir haben nur diesen einen Planeten ,und wir können nur gemeinsam etwas bewirken, egal was Trump,45. Präsident,gerade tut,...?!",-1,-1,0,0,0,0
Nationalismus heißt nicht das man andere Völker hasst sondern das mein sein Volk liebt,-1,-1,0,0,0,0
"Wenn die  wieder mit der CDU zusammen geht damit Jamaika gebildet werden kann, sollte sie bei der nächsten Wahl von der Bildfläche verschwinden. Jetzt hat sie die Chance Stärke zu zeigen. Ich glaube sie wird sich wieder prostituieren.",-1,-1,0,1,1,1
"Ist auch nicht einfach. Gesellschaftspolitische Aussagen zu machen, ist seit 2015 ein Minenfeld. |LBR| Würde sie das islamische Frauenbild sowie dessen Propagieren in den MSN anprangern: Shitstorm von links, Moslems,  von vorne und von hinten",-1,-1,0,1,1,1
"Richtig, all die Merkels u. Stegners sollten ihren Stuhl räumen, denn sie verstehen weder d. Bürger, noch Europa!",-1,-1,0,0,1,1
"sowas, was Sie machen nennt sich Schönrederei u.Selbstbetrug. Weiterhin süße grüne Träuchen***",-1,-1,0,0,0,1
"Dann wähl mal schön die Faschisten um Landolf Ladig, aka Bernd Höcke.",-1,-1,0,1,1,1
Ja nur Komisch das die Üblichen Klimaschwankungen auf der Welt immer 5.000-10.000 Jahre brauchten und nicht 200 Jahre so wie jetzt,-1,-1,0,1,0,0
Der stellvertretende AfD-Landesvorsitzende Augustin aus Mecklenburg-Vorpommern war vormals in der NPD tätig.,-1,-1,0,0,0,0
sie hätten nicht nur wegen Ihres Vornamens die Rolle des Alfreds in „Ein Herz und eine Seele“ übernehmen können,-1,-1,0,0,0,0
"Auch Sie wissen nicht, was Volksverhetzung bedeutet. Schauen Sie einfach ins Strafgesetzbuch.",-1,-1,0,0,1,0
"Ein Blick auf Ihre Seite sagt: ""ICH HASSE AFD, das ist mein Lebenselexier. ""Hass ist Hass, es gibt keinen guten Hass.",-1,-1,0,1,1,1
"Interessant, diese Aussage..... das Herz schlägt nur, weil eine Herz-Lungenmaschine den Kreislauf stabil hält. Schaltet man diese Maschine ab, bleibt auch die menschliche Pumpe stehen. Ich verstehe diese Aussage nicht...... es scheint mal wieder das richtige Fachpersonal dort zu sitzen.",-1,-1,0,0,0,0
"Man fragt sich, wer Wohnungen baut wenn eine Enteignung droht",-1,-1,0,0,0,0
"Wir bekämpfen den braunen Antisemitismus der Neonazis - und wir werden auch keinen importierten  dulden. |LBR| Ich halte es deshalb für dringend erforderlich, dass der Holocaust in den Integrationskursen ein noch zentraleres Thema wird.",-1,-1,0,0,0,0
wo bitte wird Ihnen die Freiheit genommen über Ihr Leben zu bestimmen? Eigentlich ist es genau das Gegenteil. Sie werden über dieses Gesetz dazu angeregt sich Gedanken zu machen.,-1,-1,0,0,0,0
"Dieser Tweet macht deutlich, wie weit verbreitet Vorurteile sind. Die Gleichsetzung Türkische Gemeinde und Islam macht das klar. Wir sind ein säkularer Verband, dessen Mitgliedsstruktur religiös vielfältig ist. Wir haben auch Mitglieder die nicht gläubig sind.",-1,-1,0,0,0,0
"Eine Ratte die im Pferdestall geboren wird, ist auch kein Pferd.",-1,-1,0,0,0,0
"DANKE für Antwort - Noch 2 Bemerkungen: Titanic-Kapitän geht nicht von Bord; Andrea Nahles bleibt - o d e r - SPD wird mit ""alten weißen Männern"" wieder wählbar ( Die jungen Grünen kann die SPD nicht überholen: Bärbock und Habeck sind unübertroffen ""geil"". (Bis heute abend. )",-1,-1,0,0,0,0
"Ich finde, die Ossis sind gar nicht so schlimm, ausserdem muss auch mal Schluss sein mit dem gebashe.",-1,-1,0,0,0,0
"Eine wird geschlossen, 2 an anderer Stelle geöffnet, 4 neu gebaut u. d. Kölner Dom durch d. CDU umfunktioniert",-1,-1,0,1,0,0
"Schau mal hier und auf Facebook unter dem Hashtag , da findest du einige Bilder und Videos. ^ml",-1,-1,0,0,0,0
Also bei mir ist das so und dass bei 39.000 MITARBEITERN,-1,-1,0,0,0,0
Diese Woche hatten wir die Gelegenheit uns mit 4 kurdischen Bürgermeister*innen der HDP zu vernetzen!,-1,-1,0,0,0,0
Ohne die vielen engagierten Helfer vor Ort wären die Freien Demokraten: nichts.  ist ein Anlass Danke zu sagen. CL,-1,-1,0,0,0,0
Das wird leider nie passieren. Der Type kann sich mal exzellente Pflege leisten,-1,-1,0,0,0,1
"Die können mich weiterhin erreichen über Twitter, Google+, Skype, Whatsapp etc. Kein Mensch muss Facebook haben.",-1,-1,0,0,0,0
"nein, beschäftigt mich nach 70 Jahren nicht mehr Habe eine bessere Zeit erlebt.",-1,-1,0,0,0,0
Endlich fangen auch Richter an ihr auferlegtes Schweigen zu brechen!!!,-1,-1,0,0,0,0
Ziemlich daneben wenn man die Wohnungen enteignet wer soll sie verwalten der Staat der Berliner Senat dann dauert jede Reparatur solange wie der BER ...Doll das sowas in der Politik ist,-1,-1,0,0,0,0
"Werte  könnten Sie mich bitte per PN informieren, diese Immobilie würde ich mir gerne anschauen kommen.",-1,-1,0,0,0,0
"Die Frau hat nicht wirklich sachlich diskutiert. Bei der simplen Nachfrage, warum so viele Erdogan gewählt haben, gleich den Frager persönlich anzugehen, ist einfach nur dumm. Leute nicht aussprechen zu lassen, scheint auch ein Hobby zu sein.",-1,-1,0,0,0,1
Dann sind sie einer von 100 und das ist nicht viel,-1,-1,0,0,0,0
"Alles zu spät und verlogen, der Schaden ist angerichtet, alle Parteien müssen weg, das Volk ans Ruder.",-1,-1,0,1,1,1
"Ich trinke es (Dachgeschoss mit zwei Kindern, Schlepperei) aber ich bin auch zäh wie Leder... |LBR| Wenn ""Renate"" Gift trinkt, wir Renate nicht vergiftet - das Wasser wird renaturiert.",-1,-1,0,0,0,0
"wer hat denn Sachverstand, wenn es um das Thema Heimat geht?",-1,-1,0,0,0,0
"Das die Hamas in Deutschland eine Plattform bekommt ist mehr als beschämend, da wir alle wissen das es ein Terroristen Verein ist.",-1,-1,0,1,1,1
"...schrieb der Kumpel von Faschist Landolf Ladig, aka Bernd Höcke.",-1,-1,0,0,1,1
"..wobei ich auf den Teil, bei dem rechteste Altherren sich an Rechtsradikale und Rechtsextreme - unabhängig vom formalen Bildungsabschluss - anschmiegen gut verzichten kann",-1,-1,1,0,1,1
"Ich kläre auf: der Totalschaden entstand durch die jahrzehntelange Mentalität besonders der Westdeutschen, die gleichen Versager immer wieder zu wählen. Dadurch konnte sich ein undemokratisches Regime etablieren, deren „Ethikrat“, „Verfassungsschutz“ etc. nur Nebelkerzen sind.",-1,-1,1,1,1,1
"Der Kampfbegriff der Islamophobie ist nur ein weiterer Begriff im links-konmunisitsch veranlagten Milie, jegliche Kritik auf dem Weg zur Herrschaft zu deligitimieren. Schauen Sie sich doch die Religionsfreiheiten in islamischen Ländern an und die Anzahl an Hebräern in dergleichen",-1,-1,1,1,1,1
"Der ""normale-hetero"" der sich durch ne Regenbogen-binde diskriminiert fühlt. 
Wer so denkt ist nicht ""normal"", sondern leidet unter einer massiven Wahrnehmungsstörung und einem verdrehten Weltbild. https://t.co/nncQDbAdug",-1,-1,1,0,1,1
"Die AFD könnte ja geschlossen, incl. ihrer Wähler auswandern.",-1,-1,1,1,1,1
"Wow halber Text geklaut. Typisch systemtreuer Regierungseierlutscher. Kannst nicht selber denken und musst, dann sprechen wir ich. Wie ekelhaft einfach.",-1,-1,1,1,1,1
"2) dass keine Maßnahmen verändert wurden. Sie werden dann weiter zum moralischen Rundumschlag ausholen: mir vorwerfen ich würde Menschenleben riskieren, meinen Sommerurlaub wahrn. Wollen , vielleicht fliegen links und rechts noch ein paar Querdenker oder schwurblerbegriffe rein",-1,-1,1,0,0,1
"Girl deine bullshit-Meinung die auf nichts festes basiert muss keiner tolerieren. Mach deine Augen auf, dein Privilege blendet dich ja förmlich",-1,-1,1,1,1,1
JEDE Impfung ist WICHTIG. Ich glaube nur in Deutschland wird über  gesprochen. Am liebsten würde ich jeden der sich getriggert fühlt meinen Impfpass unter die Nase reiben.  wird geimpft. JA UND IHR FI**ER? Meine Fresse amana jambatzen. https://t.co/ENimM46yrJ,-1,-1,1,0,1,1
Nein  kriminell  ist  VW  und  andere  Konzerne,-1,-1,1,0,0,0
Diese neue Generation ist einfach komplett im arsch und das nur wegen Pashanim und so  vallah wie behindert kann man sein und auf normale insta account 100g Ott Posten und dann so tun als wäre das krass und voll cool wie kindisch amk,-1,-1,1,1,1,1
So dämlich daherzuquatschen und gleichzeitig so selbstbewußt aufzutreten ist ein infantiles Merkmal eurer Gruppe und der Kreis schließt sich für mich.,-1,-1,1,0,1,1
"Was für eine geistige Entgleisung!   kann noch nicht einmal Kobalt von Kobold unterscheiden, und die soll studiert haben? Aber das macht nichts, Deutschlands Regierung ist schon jetzt ein lächerlicher Haufen. Da kommt’s auf einen mehr oder weniger nicht an.",-1,-1,1,0,1,1
Ey nazi du hurensohn. Steck deinen Kopf in die Mülltonne und zähl mal so lange du kannst danach bist du so eine richtige AfD missgeburt. Du Opfer!,-1,-1,1,1,1,1
"Wenn es etwas Gefährlicheres auf der Welt gibt als einen blutrünstigen Hai, dann ist es Israel, das weit weg von der Menschheit ist!",-1,-1,1,1,1,1
"Steinmeier hat einmal mehr gezeigt das er nur eine Merkel-Marionette ist, der würde alles unterschreiben was sie ihm vorlegt, inklusive einem benutzen Blatt Klopapier . Dieser Mann ist eine Schande für sein Amt!",-1,-1,1,1,1,1
"Es muss endlich Schluss sein mit Menschen, die lediglich Fernseh schauen, sich manipulieren lassen, anstatt eigenständig Wahlprogramme lesen! Und wer wählen darf, sollte ein Intelligenztest entscheiden. Dann wären Wesen wie du raus!",-1,-1,1,1,1,1
"Heidrich war General der Fallschirmjäger..
Aber Himmler passt zu dir echt gut.",-1,-1,1,0,1,1
Wann wurde die CDU/CSU eigentlich zu einem widerlichen Haufen populistischer Clowns?,-1,-1,1,1,1,1
"18:15 Jetzt brüllen die rechten, faschistoiden Verschwörungshetzer zusammen mit den  in ihren Reihen an ihrer Seite ""Nazis raus!"". Einfach nur lächerlich. Marcus Fuchs beginnt zu hetzen und Quatschjura zu verbreiten.",-1,-1,1,1,1,1
"In unserem Kampf gegen raffgierige asoziale Vermieter die von der BRD-Verfassung geschützt werden  sehen wir uns gezwungen Barrikaden zu errichten und Brände zu legen.

Raus zum revolutionären 1. Mai!",-1,-1,1,1,1,1
"Esken meint, die Schauspieler von  hätten überzogen, seine Meinung derart zu äußern wäre falsch. 
Ihr kotzt mich an, eure Moral, Reaktion ist lächerlich und verschissen.",-1,-1,1,1,1,1
"Laschet, der ÖffnungsFDP und die anderen erwähne ich gar nicht. So muss das 1933 gewesen sein. Lauter Politiker ohne Eier, und dann braucht nur so ein Vollpfosten mit Charisma um die Ecke kommen und - schwupps - sind wir nazifiziert.",-1,-1,1,1,1,1
İsrail respektiert alle menschen nicht die keine juden sind  sie sind fanatiker und denken nicht normal  der israil ein teror stadt  . Das muss man endlich sehen,-1,-1,1,1,1,1
"Absolut richtig so  Die AfD = Alternative für Dummheit, ist und bleibt eine Schande in dieser Gesellschaft und es wird höchste Zeit, dass diese AfD - Bande aus dem Bundestag und jeden Landtag verschwindet  https://t.co/4P0fsIw96h",-1,-1,1,0,1,1
Deutsche Inzucht unter sich    komisch das die sie solo lästern  wohl mehr mit nazis gemeinsam als gedacht das kleine lästermaul dieser ... Naja dafür wissen wir was in Reifen von  und  stecken https://t.co/lCvya1kQKq https://t.co/B1VRaPXHoU,-1,-1,1,1,1,1
"Schon witzig.. jeder der etwas gegen den Mainstream schreibt oder sagt ist automatisch ein Querdenker oder schlimmeres.. zum kotzen. Ihr könnt froh sein das es Leute gibt, die täglich über diesen Dreck, den unsere Politik verzapft, berichten",-1,-1,1,0,0,1
"Toll, Frau Wagenknecht.
Während uns in den Kliniken die Patienten wegsterben.

Wie herrlich ironisch. Wirklich köstlich.",-1,-1,1,1,1,1
"Statt gerade den 1.Mai als Tag der Solidarität mit Menschen zu begreifen, die seit 1  Pandemiejahr Jahr das Land am Laufen halten, gehen wohlstandsverwahrloste, Egoisten die sich  nennen und nicht mal den Anstand besitzen ihre Mitmenschen zu schützen auf die Straßen",-1,-1,1,0,1,1
"Sie Profitieren davon, dass viele Menschen nicht mehr Wissen wie das Gehirn zu gebrauchen ist! Der Staat sagt etwas und so muss es dan ja auch Sein... Kleines Beispiel gefällig!? Israel und die Rampenpanik... Der Mensch geht über Leichen, Wort wörtlich!",-1,-1,1,1,1,1
Das ist genauso rassistisch wie dieser Typ im Video. Es gibt Nazis und Rassisten in jedem Teil von Deutschland. Nicht nur im Osten. Ich selbst bin 1981 in Sachsen Anhalt geboren und möchte nicht mit Abschaum wie dem im Video verglichen werden.,-1,-1,1,0,1,1
"Ich finde die Idee super. Vielleicht kapieren so auch mal die letzten Idioten, was das für eine dämliche Partei ist, die sie da wählen wollen. Super Idee, mehr davon, ihr dämlichen blauen Nazis. Bitte mehr davon.",-1,-1,1,1,1,1
"DIe meisten  Verfechter, die alles getan haben um sich nicht zu , brav neg.  Tests vorweisen, haben nicht begriffen.  

Ihr bleibt UNFREI.

Ihr werdet verarscht von  und Kumpane.

Kommt heraus und reiht euch ein. 

Gemeinsam,  für die Freiheit .",-1,-1,1,1,0,1
"Uwe, Du und Deine rechtsextreme faschistische AfD Politsekte würden ohne Zögern Deutschland verraten hättet ihr einen Vorteil daraus. Putin haltet Ihr ja schon regelmäßig den Arsch hin. Und Du hälst dem Mann vor, er solle sich auf Grund der Staatsräson schämen? Braunes Pack!",-1,-1,1,1,1,1
Eine absolut berechtigte Frage. Nachdem die cdu meinte laschet ist eine geile Idee ist das Thema eh gelaufen. Kobold Anna bekommt den Job ohne Wahlkampf geschenkt.,-1,-1,1,1,0,1
Die rotgrün versifften haben sich still heimlich in den Medien und auch in den Behörden eingenistet und ein Netzwerk installiert um  an die Macht zu kommen. Frau Merkel hat dies unterstützt oder zumindest nicht verhindert.,-1,-1,1,1,1,1
"Lustig das es scheinbar der Polizei erlaubt ist mit ihren Schlagstock auf Schädel ein zu Hämmern , fälsche stelle oder etwas zu doll und jemand ist behindert oder tot ! Aber das erklärt warum es verboten ist Schutzkleidung auf Demos zu tragen",-1,-1,1,1,1,1
"Sei still mit deiner Identitätspolitik, du Kapitalistenkind!",-1,-1,1,1,1,1
btw wenn ein rechtsextremer Fraktionsvorsitzender ist... Digga wie kann man dann allen ernstes sagen die AfD sei keine rechtsextreme Partei?! Jeder der die wählt ist nicht nur eher rechts und konservativ sondern n richtiger Hurensohn frfr,-1,-1,1,1,1,1
Na Nora heute ausgenüchtert? Oder leidest du schon an einem mentalen Impfschaden?,-1,-1,1,1,1,1
Deine Regierung (meine ist es nicht mehr) teilt dir über die Medien nur einen Teil der Wahrheit mit. Aber wegen mir glaube dieser Regierung die dich und uns alle seit über einem Jahr verarscht in jeglicher Hinsicht und nur Geld verdienen will. Glaubs wegen mir noch nicht.,-1,-1,1,1,0,1
Sie fühlen sich DISKRIMINIERT? Wie ekelhAfD sind Sie denn?,-1,-1,1,1,1,1
"Ich erkläre es mal so, bei den Linken gibt es auch Antisemiten. Oder Linke wollen Reiche erschiessen lassen, oder alle in Gulag,s stecken.
So auch beim Linken Flügel der spd.
In der CDU gibt es die Werteunion.",-1,-1,1,1,1,1
Genauso einen Blödsinn äußern auch die Querdenker immer. Sie machen nichts für andere und denken nur an sich.,-1,-1,1,0,1,1
"Religion ist grundsätzlich unsinnig und ein unseliges Überbleibsel unserer primitiven Vorfahren.
Nur durch massenhypnotische Phänomene ist erklärbar, warum es Religionen noch gibt.
Insofern sollte man über psychologische Therapieansätze für davon Betroffene nachdenken.",-1,-1,1,0,1,1
"China ist leider auch schon freier. und ich glaube die hätten am liebsten die Methoden von nordkorea: Einfach alle Covid-19-Patienten erschießen... und alle Querdenker auch.

So denken die Rotpunkte.",-1,-1,1,1,1,1
"Achja, zum Glück gibts keine rechtsaußen -Vollhonks, agressive Alkis und verfassungswidrige Hetzer bei den CDU/CSUlern. Und Menschen nur weil sie Cannabis konsumieren mit Kriminalisierung zu bestrafen ist an sich schon Hass und Hetze und nicht verfassungskonform.",-1,-1,1,0,1,1
Ja. Maunzi. Alle Wissenschaftler die sich Nocovid verschrieben haben hatten einfach keine Lust mehr Teil der Lösung zu sein sondern sich wollten sich bequem  für immer auf den Zeigefinget Habitus zurückziehen wie Brinkmann Priesemann und ähnliche Nachwuchsakademiker.,-1,-1,1,1,1,1
"HILFE  bezeichnet eine Koalition mit   als attraktiv. Will er nach dem Umarmen von Bäumen jetzt öffentlich ganz fette Kröten schlucken? Ein opportunistisches Wendemäntelchen, der Markus. Die Wähler werden es richten.  

https://t.co/Q2puBsYUST",-1,-1,1,0,0,1
"Treten die ganzen Kasper eigentlich zurück sollte das  das Gesetz für Verfassungwidrig erklären oder?
Aber wird eh schwer Merkels Schosshündchen  wurd ja Präsident.",-1,-1,1,1,1,1
Geisteskrank wenn nicht einmal die Arbeiterklasse selbst Bock auf arbeitslose linke Witzfiguren hat,-1,-1,1,0,1,1
"Keine Sorge, sie dürfen ruhig weiter absoluten Quatsch glauben und sich von Dr. Quak und Co verarschen lassen. Ist ja ein freies Land. Und ich darf sie dafür schallend auslachen, weil sie so naiv seine Quatsch-Tweets teilen.",-1,-1,1,0,0,1
"Wat der Bütikofer sitzt da immer noch im Parlament, ich kannte den schwitzenden Fettsack aus den 90er Jahren. Naja die EU ist eben ein Vollversorgungstrog für abgehalfterte Politikerexistenzen.",-1,-1,1,1,1,1
"Nein, aber in Deutschland leben Deutsche. Das ist ihr Land, und die problematischen Deutsche sind unser Problem. Aber problematische Nichtdeutsche sollten nicht das Problem Deutschlands sein. Erklär mir bitte, warum ein Vergewaltiger aus z.b. Syrien hier leben soll?",-1,-1,1,1,1,1
Aber aufrechte patriotische Linke wie Uwe steimle oder  Aufklärer wie Uwe Knabe werden von der Stasi 2.0 und den SED erben der Linkspartei aus den Ämtern  gemobbt und von Merkels Apparat und Antifa bedroht !,-1,-1,1,1,1,1
GaddafiDiktator du kleiner Bengel. Ei Ei Ei du Schlingel. Hast mich gemeldet! Mit welcher Hoffnung? Und noch ma! ob du behindert bist habe ich gefragt!!! https://t.co/xmVbrcVN1i,-1,-1,1,0,1,1
"Mit solchen Bullenschweinen in diesem Land, will man gar nicht wissen was passiert und doch wieder möglich ist wenn wirklich mal die AFD oder ähnliche scheiße die Zügel in der Hand hält.. ich kotze im Strahl. https://t.co/85JVxOyFLV",-1,-1,1,0,1,1
"Ja, überall sind Demokratiefeinde am Werk. USA, UK, Portugal, Spanien, Griechenland, Niederlande, Neuseeland,... Lauter kleine merkelsche Freiheitsberauber",-1,-1,1,1,1,1
"Ich sehe Menschen mit Masken demonstrieren gegen hohe Mieten, die Polizei eskaliert die Situation.
Ich sehe Querdenker ihre Verschwörungsmärchen verbreiten ohne Maske und ohne Abstand. Die Polizei winkt ihnen zu.",-1,-1,1,1,1,1
"Wtf, dude?
 Ich hab jetzt nicht allzu große Lust nen Schwanz zu lutschen, ihr? 
   https://t.co/863ziax4Vm",-1,-1,1,0,0,1
"Es ist zum , 99Prozent weiße hetero Männer, Angst, Privilegien zu verlieren. Vergleichsfotos des CV gepostet, da  Anpassungen . Bei einer Uni in D nach Zugangsvoraussetzungen gefragt. Nachfrage, ob die CVs der Herren Kandidaten auch gecheckt wurden, dieses bestätigt. Na klar!",-1,-1,1,1,1,1
Niemand verfolgt Rechte Straftaten. Wie soll denn das gehen im durchgeknallten ? Nazi Bullen lachen hart.,-1,-1,1,1,1,1
"... und da man auf dem Schwarzmarkt mit Sauerstoff jetzt viel Geld machen kann, und Indien total korrupt ist, wird die offizielle Handelskette weiterhin unter einem Versorgungsmangel leiden, denn alles geht nun auf den Schwarzmarkt.",-1,-1,1,1,0,0
"Das ganze Leid, was so unter anderem angestrebt ist oder sowieso kommen wird mit den Grünen, kann man sich ja mal wieder ins Gedächtnis rufen.
 https://t.co/SelXBvzjKi",-1,-1,1,0,0,0
"Wer nur an sich denkt und wem das Leid der anderen egel ist und von natürlicher Lese spricht mit hang zum rechten Rand.
Der ist Ganz klar faschistisch.
Die Querdenker wären die ersten, die einen faschistischen Staat aufbauen würden.
Ohne Pressefreiheit. Ohne Solidarität.",-1,-1,1,1,1,1
"Na klar, wieder durch solche Behauptungen vom eigentlichen Problem ablenken: Der größte Teil des  ist importiert. Falls ein genaues Datum gewünscht wird: seit September 2015. Aber solange das nicht offen gesagt werden kann, wird sich nie etwas ändern.",-1,-1,1,1,0,0
Hä bist du behindert du Opfer habe Prisma dich gefragt ob wir jetzt noch spielen aber dann waren Server down und ich warte jetzt nicht bis die wieder gehen um zu spielen muss morgen arbeiten,-1,-1,1,0,0,1
"@  Wir wollen eure linksextremen oekosozialistischen  Fanatikerinnen nicht in der Regierung, kapiert das endlich!",-1,-1,1,1,1,1
"Es muss endlich Schluss sein mit dem Verständnis für AfD-Wähler!
Wer die FASCHISTEN DER AfD wählt, nicht zuletzt auch wegen des dominanten rechten Flügels in der AfD, macht das GANZ BEWUSST. 
Niemand kann sagen, er hätte nur aus Frust FASCHISTEN gewählt. Sondern ganz bewusst!",-1,-1,1,1,1,1
"Warum das wohlfeiles, vollkommen hohles Geschwätz ist? Das  mit 1,5°/2°-Ziel ist seit knapp fünf Jahren Bundesgesetz (!). Und die  und  haben sich einen Dreck darum geschert. Aber jetzt ist ja Wahlkampf. Auf zum Dummenfang. 

 https://t.co/Yy8Rhr0P0a",-1,-1,1,1,0,1
"Du solltest dich schämen du Honk benutz mal dein Hirn ! 
Und lass dich nicht so dumm manipulieren von irgendwelchen Parteien oder Wahlsprüchen - Programmen!
Sei Kritisch gegen alles und schau Mal hinter dir Kulissen deiner geliebten AFD",-1,-1,1,0,0,1
"Rassisten, Faschisten und schlicht asoziale Arschlöcher, die sich einen Scheißdreck für andere interessieren aka Egomanen.

In Zeiten von  grenzt die Weigerung, eine Schutzmaske zu tragen, an mutwilliger Körperverletzung!

Niemand braucht solche Typen ... https://t.co/8aqQ7aO9h4",-1,-1,1,0,1,1
"ebenso wütend und fassungslos über diese falsche Entscheidung, nur geschuldet der Egomanie des  bin ich als CDU Mitglied auch.
Meine Partei, die  werde ich solange nicht mehr wählen, wie dieser unerträglich inkompetente Typ das Sagen hat.",-1,-1,1,1,0,1
"Wow. Diese angeblichen Ultras verstehen noch nicht mal, dass man Birnen nicht mit Äpfel vergleichen kann und bilden sich ihre Meinung mit der Bild. Sry auf diese Meinungsmache gebe ich null und mache mir meine Meinung lieber selber, indem ich das Internet nutze und recherchiere",-1,-1,1,0,0,0
"Kontinuierlicher Rassismus gegen Deutsche die schon immer hier sind. Irgendwann schnellt meine Faust nach vorne,  auf die dummen Mäuler.",-1,-1,1,1,1,1
"wenn dein statement, in dem du die antisemitismus-vorwürfe als schwachsinnig bezeichnest, weil antifa selbstverständlich gegen antisemitismus sei (so wie die erste mai demo in berlin?), sich dem antisemitischen topoi von der zersetzenden kritik bedient, dann bist du  zeckenrapper",-1,-1,1,1,1,1
"Ihr immer mit euren Pseudostudien zu Pseudoviren. Nichts, aber auch rein gar nichts bekommt ihr Luschen auf die Reihe. Aber die Propagandastudien werden wie Falschgeld aus den Schubladen gezogen.",-1,-1,1,1,1,1
"Eben. Und genau deswegen werde ich grüne Klima- und Menschenfeinde auch weiterhin bekämpfen.

Sie dienen weder dem einen noch dem anderen, sondern schaden beiden.",-1,-1,1,1,1,1
Deine aussagen sind vollkommen daneben;) zahlen leute keine steuern hab sie nich das recht Häusern zu wohnen so einfach ist das so funktioniert rechtsstaat...davon verstehen moslems nix da macht man ehrenmorde und so nen scheiß,-1,-1,1,1,1,1
"bis der  sie holt, wüßte ich Zugern was Die Werte dieser perfiden Frau seien... aber eigentlich würde ich schreien wollen „HAU AB  KOMMUNISTIN ASAP“",-1,-1,1,1,1,1
"mal wieder mit astreinen Nazi Vergleichen, Bild absichtlich abgeschnitten. Der Kerl ist so widerwärtig und dumm...      https://t.co/Og4ZeIIOH2",-1,-1,1,1,1,1
"Und ich wette du bist so bloed, dass du immer die Bild liest nur um dir deine Bestaetigung zu holen",-1,-1,1,0,0,1
"So peinliche Gestalten wie Sie sind ein Grund, weshalb kein halbwegs intelligenter Mensch unter 50 mehr korrupten Ihren Saftladen wählt.",-1,-1,1,1,1,1
"Ich finde, dass wir statt dessen  und  schreiben sollen",-1,-1,1,0,0,0
"Widerstand bringt bei diesem Individuum nichts, man schaue sich nur einmal die RTs von AfD Leuten oder Reitschuster an.. also Kräfte sparen, bis sich diese Leute selber selektieren.",-1,-1,1,0,1,1
Da zeigt die Antifa mal wieder ihre hässliche Fratze,-1,-1,1,1,1,1
"Mach ne Flasche auf ....die Menschheit braucht Versuchskaninchen die kein Vertrauen in das eigene 1000de alte Immunsystem haben und lieber von Nazi Firmen wie Pfizer die ins geheim Medikamente an Kindern in Nigeria testent(11 Tote, 200 Lebenslaenglich behindert)geimpft werden",-1,-1,1,1,1,1
Haut weg diese Querdenker! Danke,-1,-1,1,1,1,1
Schreiben Sie doch mal einen Bericht warum Rechtsradikale soviel Gewalt ausüben. Mord usw.,-1,-1,1,0,1,1
"Er wird bestimmt nicht Krank! Wieso schreien alle von der CDU am Rednerpult? Weil Sie fertig sind, und kein Konzept haben. Aber weiterhin Grenzen und Flughäfen auflassen, das der Virus aus dem Ausland eingeschleppt wird. Was für eine Verlogene Politik ich nenne das Lobbyismus!!!",-1,-1,1,1,0,1
"Achso ja,Ich bin dahin gegangen habe gesagt:Was willst du hier du Dummer hurensohn verpiss dich aus mein Haus kleine lesbe 
Dann sind 2 andere gekommen und dann haben die Stabil zu 3 Mich behindert gemacht/Geschlagen halt",-1,-1,1,1,1,1
"Niveauloser, zwangsfinanzierter Dreck mit selbsternannten Spezialisten.",-1,-1,1,0,1,1
"Lieber Spiegel. 
Die Coronaimpfung IST Genmanipulation und SIND Experimente am Menschen. Was Ihr als Querdenker bezeichnet sind Mitdenker, Demokraten, Grundgesetz Liebende. Wenn ihr euch mit eurem feigen Schundjournalismus der Merkeldiktatur beugt, dann geht auch mit ihr unter",-1,-1,1,1,1,1
"Bin ich froh dass Sie Kasper nie Kanzler werden! 
Selbst mit diesen Aussagen sollte ihr Posten als MP gefährdet sein, Sie können so etwas ansprechen, wenn Sie jedem ein Impfangebot gemacht haben!
Solange dies nicht der Fall ist, ist so etwas verfassungsfeindlich!",-1,-1,1,0,1,1
"Der  steht unter dem Einfluß von :

  ""Überleg' Dir mal: es fahren 5 Millionen
   Elektroautos rum. Wo tanken die?? [...]
   Wie soll das funktionieren?""

Dumm &amp; dumm gesellt sich gern...

https://t.co/qR2dJOSeQH",-1,-1,1,1,0,1
"Bezeichnend, wie Claptons Story hier bagatellisiert wird. Bis heute wissen wir nicht wie viele an oder mit C gestorben sind. Aber brav mit Maske im Lockdown, obwohl das Virus harmloser ist als eine Grippe. Aber bei Folgen der Gentherapie rufen die Impfjunkies Vorerkrankung?!",-1,-1,1,1,1,1
"Was ist los mit dir du kleiner nuttensohn?? Schreib mal wie ein mensch 

Was schreien den die Islamischen Terroristen bevor sich sich in die Luft sprengen",-1,-1,1,1,1,1
"Spenden Sie jetzt für die Revolution! 
Das kommt nicht mehr wieder!

Mein Vorschlag wäre ja: da sich diese Querdenker ja in einer Diktatur sehen, sollten sie auch mal wie in einer Diktatur behandelt werden. Und wenn es nur für einen Tag ist.",-1,-1,1,1,1,1
Deren Job ist es Merkel den Arsch zu lecken,-1,-1,1,0,1,1
Wenn man es so betrachtet...  können wir den Lockdown noch bis Herbst durchziehen wo die meisten irren wieder drinne bleiben?,-1,-1,1,1,0,1
"AfD  würgt  
Spuckendes Gesicht
Spuckendes Gesicht  AfD  würgt - genau, würgen sollte man die! Bis sie blau anlaufen, und der doctor kommt...",-1,-1,1,1,1,1
Die  ist wirklich der letzte Dreck geführt von verdammt arroganten Wahrheitsverleugnerischen Primaten die auch noch immer mehr ungebildete Anhänger finden. Ups ich glaube jetzt ist mir die  .,-1,-1,1,1,1,1
"""Die eigenen Parteifreund:innen sollen [...] überzeugt werden.""
Vier Erfolg damit - ehrlich gemeint.
Die Überzeugung gelingt aber leider am besten über Angstargumente die Wahl zu verlieren.
Für Sachargumente ist die CDU leider taub.
Siehe Merz bei Lanz. Und Merz ist team Laschet.",-1,-1,1,0,0,0
"Ich hoffe alle  jünger, sind fit, rauchen nicht, keinen Alkohol, ernähren sich perfekt. Weil das sind die größten Killer - ach ja, bitte auch keine Zweiräder benutzen und möglichst wenig das Haus verlassen...",-1,-1,1,1,0,1
Ne digga bist du behindert kannst du iwie net lesen ???? Schonmal was von import export gehört du zurückgebliebenes stück Dreck shit wie kann man so dumm sein ich raff es net,-1,-1,1,1,1,1
"Die  ist keine demokratische Partei auf dem Boden des Grundgesetz. Sie ist geistiger Brandstifter und Gift für jede Demokratie. Sie ist eine reine rechtspopulistische und faschistische Partei. Sie ist ein Sammelbecken für homophobe, rassistische und antisemitische Demagogen.",-1,-1,1,0,1,1
"Ja, wie großartig kann das werden. 
Ich kann und will diese alten bräsigen, selbstgefälligen ArschkrampenKerle nicht mehr sehen.
Und wenn Mutti böse guckt, stecken sie bis zu den Schultern ihr wisst schon wo. 
  ist der gamechanger!",-1,-1,1,0,1,1
Drosten hat mit seinen Fehlprognosen viel Schaden angerichtet. Ohne seine schwachsinnigen Voraussagen hätte es die Bundesnotbremse nie gegeben und der Einzelhandel wäre so wie in Österreich und der Schweiz seit Monaten wieder offen!,-1,-1,1,1,1,1
"Der Typ ist doch selbst nur ein Fake! Ebenso dass ganze RKI! Praktikanten im täglichen Lügendelirium! Merkel der Anführer allen Übels, was in D abgeht! Nicht erst seit 2015, nein schon seit 2005! Eine reine Hütchenspieler Gang!",-1,-1,1,1,1,1
"Bin immer wieder erstaunt warum wenn man nicht weiterkommt schnell die Nazi Keule rausholt, zeigt doch wie dumm manche sind.",-1,-1,1,1,1,1
scheiß privelegiere arrogante  zynische A*schlöcher. Eure kack Tatorte könnt ihr doch machen und geschaut werden sie auch. Und bezahlt werden ihr auch noch von dem Ach so schlimmen totalitären Staat. Schämt euch. Menschen verrecken aber das ist euch egal.,-1,-1,1,1,1,1
"Wenn von einem AFD Deppen das höchste Gericht unserer Demokratie in den Dreck gezogen wird, da gibt es keine Reaktion vom Bundestagspräsidenten? Ab÷ wehe man sagt zu den blaubraunen Nazis, dann brennt gleich die Luft. So demontiert man unsere Demokratie Stück für Stück. Zum",-1,-1,1,1,1,1
"Schon in den 70ern wussten wir, dass die Bild ein übles Lügenblatt ist. „Bild sprach zuerst mit dem Toten“ war damals noch ohne # so beliebt, wie heute   ...
Die Bild will nicht, dass man  tweetet? Kommt wieder, wenn ihr seriös geworden seid!",-1,-1,1,1,0,1
"sie hat doch Recht wenn sie die AfD als allegemeines Problem für die Demokratie in Deutschland und als politischen Gegner der FDP darstellt.
Hass? Hass ist die Kernkompetenz der selbsternannten, blauen möchtegern ""Patrioten""",-1,-1,1,1,1,1
"Die Ausrede zeigt deutlich, dass diese Partei ein Haufen von dilettanten ist.
Dadurch wird sie allerdings nicht weniger gefährlich. Es ist bereits ein Politiker ermordet worden, auf Grund der Spaltung, die von afd gefördert wird.",-1,-1,1,1,1,1
Pls   endlich. Niemand braucht noch mehr spaltung der Gesellschaft.,-1,-1,1,0,0,0
"Was war für dich das größte Fehler was EA gemacht hat?

Meine ist das EA so behindert war und titanfall 2 zwischen battleflied 1 &amp; Call of duty infinite warfare rausgebracht hat  Wie behindert kann man sein!  https://t.co/QSurZVYTLi",-1,-1,1,0,0,1
"Du bist einfach fucking AfD Dreckspack. Meine Meinung, musst Du wertfrei akzeptieren",-1,-1,1,1,1,1
"Es gibt kaum Querdenker in D. Querdenker sind in der Regel Philosophen, die sich konstruktiv mit der Realität auseinandersetzen. Wer sich heute Querdenker nennt, will nur sein terroristisches Gedankengut intellektuell verpacken.",-1,-1,1,1,1,1
"Es gibt auch linke Juden, die der MuslimBruderschaft nahe stehen. Verräter der Heimatländer findet man überall. https://t.co/8WWf5s5E6b",-1,-1,1,1,1,1
hmmm. Abstrus wenn man es so formuliert. Spaß beiseite. Der US beschäftigt sich natürlich auch nicht mit den Masken oder Testskandalen. Das wäre die Aufgabe der hiesigen Behörden.,-1,-1,1,0,0,0
"Antifa-Clowns waren schon immer unverschämt und argumentationsbeschränkt. Kausalzusammenhänge, Gesellschaftstrends und Zukunftsprognosen sind nicht das täglich Brot des tumben Pöbel- und Prügelmobs auf dem Wege zum blutigroten Utopistan, habe ich gemerkt.",-1,-1,1,0,1,1
"Die nigerianische Mafia infiltriert Deutschland https://t.co/tnsXHvUPFb via   Klar! Schaut die meisten Flüchtlinge an, gut genährt, trainiert, hell in der Birne, denn sie wollen mehr! 90 % sind als gefährlich einzustufen.",-1,-1,1,1,1,1
"Scheuer und sein Ministerium sind nicht nur eines der größten Unfallrisiken, sondern ein korrupter S..Haufen, der mitsamt dem BMWi  Deutschlands Zukunft mit Vehemenz kaputt macht. Unfähigkeit pur, Korruption pur, Ignoranz und Dummheit in Perfektion.",-1,-1,1,1,0,1
Und weil Sat 1 spielt als Frau Merkel als Bild als baerbock sind aber Fleisch sind die moderatoren nutten und Bock wie dazu noch kriminelle und man sollte mein Verstand der zukunft sehen wie sie als Männer schreien und rennen und dabei gleichzeitig scheißen wie pinkeln huten.. https://t.co/Zoye0BEqpu,-1,-1,1,1,1,1
"WHO: ""Dieses Virus hat eine enorme Bewegungsenergie""
Was für ein Bullshit!
Das Problem sind Psychos und Arschlöcher und Schlappschwanz-, die zu blöd sind, auf  sinnvoll zu reagieren.
Ganz einfach.
 https://t.co/z3feLIbYoB",-1,-1,1,1,1,1
der Begriff Antisemitismus wird von einer verzogenen Göre missbraucht und keiner sagt was? Alle mal zum Psychiater...,-1,-1,1,1,1,1
"Wenn die antidemokratische, diskriminierende und diktatorische Ausgrenzung der AFD durch alle anderen Parteien nicht mehr allgemein geduldet und toleriert würde, würden noch einige Prozente mehr drin liegen. Solche Diffamierungspolitik ist einer Demokratie unwürdig!",-1,-1,1,1,1,1
"Die heutige Headline im Print ist pure Querdenker Rethorik.. der Ekel den   und die  auslösen ist in solchen Krisenzeiten noch zusätzlich gepaart mit einer Wut über solch asoziales Verhalten.
Journalistischel Gesindel, zugekokst und hässlich.",-1,-1,1,1,1,1
Dikka du hurensohn Hater deine Mutter ficke ich im Schlaf wenn ich nachts von einem Nachtisch träume wie ich den mit deiner fetten Mutter auf ihrem Balkon fresse. Du hurensohn Bastard hater. Komm mal ran junge. Dann breche ich dir die Nase.,-1,-1,1,1,1,1
Und dann irgendwelche scheinheiligen Entschuldigungen- ihr seid ökoterroristen,-1,-1,1,1,1,1
den größten respekt für jeden der sich dem terrorregime und der SA-polizei entgegenstellte nachdem ein mann grundlos von den cops zu boden gerissen wurde!  das ist echte solidarität.,-1,-1,1,1,1,1
"Niemand ist auf dem Kurs der AfD, ach doch die SPD, die verliert ungefähr genauso viel Wähler wie die kleinen blau braunen von der NSDAP Nachfolgepartei. Dazu noch der dauerbesoffene Brandner, der eine Scheiße redet, dass man ihm täglich ins Gesicht kotzen möchte.",-1,-1,1,1,1,1
"Sind Sie Kreationist oder wie kommen Sie zu so einer Aussage? Nicht nur, dass Juden bereits vor Erfindung des Islams länger in der Levante gelebt haben als der Islam überhaupt existiert, sie haben auch nach der islamischen Invasion weiterhin dort parallel zu Muslimen gelebt.",-1,-1,1,0,1,0
Ja mir ist bewusst das ich jetzt wieder Als Nazi abgestempelt werde... Aber auch das kennt man als Ossi zur genüge...       Alle kannst du in einen Sack stecken und Draufkloppen... Niemals Trifft es den Falschen...!,-1,-1,1,1,1,1
"auch drecksvereine. greenpeace, und die fifa sowieso,die sind dazu noch ein korrupter drecksverein.",-1,-1,1,1,1,1
halt die Fresse ich fordere alle  in den Knast alles Potentielle Mörder,-1,-1,1,1,1,1
"… Sie sprechen sicher vom massenhypnotischen Phänomen Covid 19, dem die primitiven Nachkommen unserer Vorfahren hirnlos folgen.",-1,-1,1,1,1,1
"Du checkst auch nicht was abgeht oder, Meltem ist die mit der beschissen Einstellung

Sie Missgendert Leute absichtlich, ist nicht so geil

Rassismus ist auch nicht geil ja, aber weil sie scheiß transphoben Müll raushaut wird niemand anfangen alle Türk*innen zu hassen",-1,-1,1,1,1,1
"da ladet ihr von eueren Kindern Fotos hoch und perverse Schweine, verfremden diese Fotos &amp; teilen diese in   und die  tolerieren in ihrer Partei mutmaßliche Kinderschänder wie 
Glückwunsch inkompetente Frau",-1,-1,1,1,1,1
Dann haben deine paar Kiddies beim G20 Gipfel in Hamburg alles kurz und klein geschlagen und sich Straßenschlachten mit der Polizei geliefert. Wie kann man so dumm sein und  als Politiker so einen Schwachsinn schreiben.  ist linker Faschismus.,-1,-1,1,1,1,1
"So wird das nix.
7-8% für euch Jammerlappen.
Höchstens.
Kein Schwein braucht Nazis.",-1,-1,1,1,1,1
Warum muss man jetzt ausländische Antisemiten importieren?,-1,-1,1,1,1,1
Was tun gegen Antisemitismus? Ganz einfach! Die arabischen Antisemititen und Demokratiefeinde konsequent abschieben.,-1,-1,1,1,1,1
"Schwarzer, krimineller Drogendealer wird gefeiert und geehrt. Passt doch super zu Berlin und seiner  linksgrünen Regierung.",-1,-1,1,1,1,1
"Ich hatte gerade die Gedankenkette ""Laschet ist ein Arsch und den Arsch wischt man mit Klopapier ab. Eine Klopapiermarke ist Charmin -&gt; Charmin Larschet!1"" und jetzt ist meine Laune etwas besser",-1,-1,1,0,0,1
"Das ist sicher bei einigen Fanatikern so…
Das gleiche gibt es mit Sicherheit umgekehrt auch bei christlichen Familien…",-1,-1,1,0,1,0
"Oder du malst die Welt wie sie dir gefällt, verbreitest weiter deinen haltlosen Müll und ignorierst Studien wie die obige. Ich bin keiner dieser wir sind alle bunt Menschen und eben auch kein Nazi. Ich sehe das grau zwischen deinem schwarz und weiß. Denk mal drüber nach.",-1,-1,1,1,1,1
"Wenn Sie das nach über einem Jahr immer noch nicht verstanden haben , Ehrlich dann tun Sie mir unendlich leid. Ich weiß aber auch Ihr Leerdenker könnt nix dafür. Irgendwann, Irgendwo sind Euch irgendwelche Synapsen abhanden gekommen ....",-1,-1,1,0,1,1
"Wer ernsthaft glaubt, die Mehrheit der Deutschen zieht  einem  vor, der muss frisch eingewandert oder lang weg gewesen sein ... oder unter dem Einfluss starker Medikamente stehen.",-1,-1,1,1,1,1
"Deutschland ist eine Paradies für Pädos, darum auch so viele Antifa Mutanten überall, die dann auch pädophile Politik machen und pädophile Verbrecher gar nicht oder geringer bestrafen als diejenigen, die diese Politik kritisieren... https://t.co/s9now3VjsR",-1,-1,1,1,1,1
. so zuerst dich und deinen freund behindert gefickt und jetzt sie auch noch ich küss dochn euer herz aber von euch wird jetzt kommen den kindergarten  gebe ich mir nicht mimimi https://t.co/LlPceqnqx2,-1,-1,1,1,1,1
ist ne digitale Mülldenker Demo. Was habt ihr denn erwartet? Steckt euch euren Claim in den Arsch ihr Pisser seid allesamt Querfront durch und (einfach nur noch) durch. https://t.co/sztk3wmppw,-1,-1,1,0,1,1
"Priviligierte Promis, viele hatten vergangenes Jahr noch für das medizinische Personal geklatscht, verhöhnen nun dieses Personal und alles Opfer der Pandemie und lassen sich feiern von Leerdenkern, Schwurblern und Nazis.",-1,-1,1,1,1,1
"Natürlich... Wer nicht für euren realitätsfremden Megalockdown ist, muss eine rechter Querdenker sein... Ihr seid sowas von falsch abgebogen. Die Zahlen sinken im Moment wieder, ganz ohne wirtschaftl. Totalcrash! Aber wem erzähle ich das, ihr habt wahrs. weder Job noch Kinder.",-1,-1,1,1,1,1
"Kann es sein, dass Menschen mit sehr exotischen Pronouns oder ""Geschlechtern"" das nur so sagen, weil sie sich in irgendeiner Form besonders fühlen wollen? Nach diesem Gespräch schoss mir das so durch den Kopf kp ich wurde gerade einfach behindert",-1,-1,1,1,1,1
"Und genau wegen solchen Aussagen ist es genau richtig von Neuer! Nichts in der Öffentlichkeit zu suchen? Was denkst du wer du bist? Jeder ""normale-hetero""? Alles andere ist laut dir nicht normal!? Genau wegen solch Homophoben deppen sind solche Statements Wichtig!",-1,-1,1,1,1,1
"Die Überzeugung,ein übernatürliches Wesen lenke die Geschicke der Welt,würde im ICD als Wahn verschlüsselt werden.Dazu kommt oft der Narzissmus:ich bin auserwählt/erleuchtet,deshalb was Besonderes.Das birgt die Gefahr,dass man durch diese Störung anderen Menschen schadet.",-1,-1,1,0,0,0
"Man schaue sich die Bilder an und warte auf die Polizeiberichte. Wir haben hier einen importierten arabischen Antisemitismus, den es vor einigen Jahren noch nicht gab.",-1,-1,1,1,1,1
"Zu spät, Merz, zu spät.
Ihr habt die Union zu einem linksgrün versifften Haufen verkommen lassen und das wird die Rechnung sein.
Aber wie immer im Leben, gibt es eine Alternative.",-1,-1,1,1,1,1
"- wer schon immer mal eine Definition von egozentrischen Arschlöchern gesucht hat, findet sie da. Man hätte ja auch eine Kampagne für bessere Bezahlung der Pflegekräfte machen können, aber nein, man selbst ist ja der Nabel der Welt. Was für Lappen!",-1,-1,1,1,1,1
"So etwas ist der Politik scheissegal. Die   Sekte hat das Land übernommen und wird nicht stoppen, bis es irreparabel ist. 

""Was den Kindern bleibt, sind der Bildschirm und das Essen"" https://t.co/MpCAqibqFO via",-1,-1,1,1,1,1
"Die gierige Pharma Mafia will impfen/gen therapieren, weil mit der Söderwindel und der Angstindustrie jetzt Milliarden geraubt werden können. Easy. Man sollte, nur vorbelastete Schützen, am besten mit einer Antikörper Therapie. Bei weitem besser.  Aber halt weniger Milliarden  https://t.co/RkKO1YzJKl",-1,-1,1,1,1,1
"Wer hat euch eigentlich ins Hirn geschissen... ""Merkels Einsperr Gesetz""? Habt ihr sie noch alle? Ihr wart ja schon immer scheiße aber das setzt dem ganzen echt die Dampfende Krone auf.

Dreckiges, verachtenswürdiges Hassblatt.",-1,-1,1,1,1,1
"Bin ich ein Nazi wenn ich feststelle, dass die Grünen dumm wie 10m Feldweg und hohl wie Schnittlauch sind?

Wenn unsere Schulen weiter geschlossen bleiben und Physik zur Nebensache wird, haben wir eine neue Generation die solchem Unsinn Beifall spenden. https://t.co/kiHj84oxuj",-1,-1,1,0,1,1
"Die sonst gern ACAB schreienden Witzfiguren frönen zu  wieder ihrem liebsten Nazifetisch. Natürlich stört es sie nicht, wenn die Polizei auf friedliche Bürger knüppelt, wenn diese sich das aber einmal nicht mehr gefallen lassen, werden Spaziergänger zum Mob erklärt.",-1,-1,1,1,1,1
"Hahaha. 

Und Sie wollen in keine Schublade? 

Nur, was hält Wagenknecht pro-Rassenherrschaft-Schirinowski?  Er ist ein Aberwitz der ""fake opposition"", die durch harte Worte den Giftmörder etwas besser aussehen lassen soll. Hier würde man ihn (wie Putin) rechts der AfD verorten.",-1,-1,1,1,1,1
"Ein Sieg ist es erst, wenn die Altparteien und somit Menschen wie Sie aus dem Rennen sind.",-1,-1,1,1,1,1
"Gewalt, Massaker und Völkermord dauern seit 72 Jahren an. Israel tötet Muslime an ihren glücklichsten Tagen. Wir erheben unsere Stimmen für die Freiheit gegenüber Jerusalem und den Muslimen. Wir wollen Freiheit für Palästina, Jerusalem und Muslime.",-1,-1,1,1,1,1
"20€ gibt es für die Corona-Impfung. Und nun?
Ich weiß, für geistige und soziale Minderleister mag das nach viel Geld klingen.",-1,-1,1,1,1,1
"Die Politik hält sich bei einer Krtitik des Islams zurück, da es um Wähler geht und um die Angst, als politisch unkorrekt eingestuft zu werden. Das ist ein grober Fehler. Das Problem ist der Islam und der Koran! Handlungsbedarf....",-1,-1,1,1,1,1
"Es ist noch gar nicht so lange her, dass ich großen Respekt vor der Polizei hatte. ""Freund und Helfer"", ""Bürger in Uniform"" und so... Heute empfinde ich für diese uniformierte StaatsGEWALT nur noch Ekel und Verachtung.",-1,-1,1,0,0,1
"Statt gerade den 1.Mai als Tag der Solidarität mit Menschen zu begreifen, die seit 1  Pandemiejahr Jahr das Land am Laufen halten, gehen wohlstandsverwahrloste, Egoisten die sich  nennen und nicht mal den Anstand besitzen ihre Mitmenschen zu schützen auf die Straßen",-1,-1,1,1,1,1
"Wieviel Köpfe müssten rollen, um sich wieder glaubhaft zu konservativen Werten zu bekennen?    Ich denke, die Quittung kommt noch. Am Ende bleibt der gleiche Sauhaufen wie die heutige SPD übrig (wenn er es nicht jetzt schon ist). Merkel hat alles zu Scheiße verwandelt.",-1,-1,1,1,1,1
"Sie erzählen halt Bullshit.

Finanzminister war Peer Steinbrück von der SPD.

Doofer Kapitalismus... Alles klar.

Wenn man den Kapitalismus doch nur ausnahmsweise mal hätte machen lassen...

Aber nein!

Linke fanden es geil, Banken zu retten.

Danke für nichts... https://t.co/FscfZFBNFj",-1,-1,1,0,1,1
"aber genau darum geht es gerade. Bei der Aktion wurde eine völlig unschuldige Frau verletzt, aber trotzdem wird sie noch verteidigt, weil Greenpeace ja auf der richtigen Seite steht und VW ist ja ultra böse. Das ist doch Whataboutismus auf AfD-Niveau.",-1,-1,1,1,1,1
"Hat tatsächlich jemand etwas anderes erwartet? Das Holland überläuft war klar.  Rücksicht, Solidarität, Verständnis oder Respekt erwartet zwar jeder hier im Lande für sich, aber bietet nicht jeder. Ein Teil unserer Bürger denkt maximal bis zum eigenen Arsch , fordert aber alles.",-1,-1,1,0,0,1
"Niemand braucht diese Hetzte von euch!     
https://t.co/aqepJfEipZ",-1,-1,1,0,1,1
Nachdem der israelische Terrorstaat Gebiete in Gaza angegriffen und 11 Menschen darunter 3 Kinder ermordet hat . Israel begeht Staatsterror!! Früher oder später alle islamischen Länder  werden sich vereinen gegen diese zionistische Tyrannei,-1,-1,1,1,1,1
"Hallo sind sie behindert, meine Brüder die Muslime wurden während des Freitagsgebet von den behinderten Israelischem Militär angegriffen, hör auf zu lügen du fettes Arschloch",-1,-1,1,1,1,1
"Spätestens wenn  &amp; rechte  - Hetzer gemeinsam anfangen  über die  zu verbreiten weiß man wer tatsächlich kein  - Programm für  hat. 

Link: https://t.co/TrYW23GSyW ...",-1,-1,1,1,1,1
"Nein. Die AfD vertritt ja eine Vielfalt an Positionen. Und auch ein blindes Huhn findet mal ein Korn.
Solange man selbst weiß, dass es braun kollektivistische Affen sind die mit Liberalismus nichts am Hut haben, ist doch alles gut.",-1,-1,1,1,1,1
"Waschlappen  drängt darauf dass seine Nachfolge in  erst geklärt wird, wenn er auch tatsächlich ins  zieht nach der . Liebe /-Wähler: merkt euch das schon mal vorab was ihr euch da für ein feiges Huhn ins Amt holt..",-1,-1,1,0,0,1
"Kriege ich die 20min verschwendet Lebenszeit wieder? Also ich seh nur nen eingemuckelten Vollidioten, der nicht einen soliden Punkt gegen Frau Baerbock aufbringen kann, bis auf ""die Frau hat keine Regierungserfahrung"". Das sind einfach 20 min billiger Populismus, AfD Schmutz halt",-1,-1,1,0,0,1
"Ich finde Deine Berichterstattung sehr viel verstörender..Aber anscheinend bekommst du das Geld von der Afd immer in der Dumm Skala! Von 10,  könnte auch aus der Bild sein( wenig Geld) bis 1,ist so dämlich das es auch Afd Wähler verstehen ( viel Geld). Ist ja alles dabei. https://t.co/341E8n4Cta",-1,-1,1,1,1,1
"Ich sehe Menschen mit Masken alleine im Auto, im Park, im Boot, auf dem Skateboard, im Schwimmbad... Unfassbar, dieser Maskenkult- mit gesundem Menschenverstand hat das nichts mehr zu tun. Das ist krank.",-1,-1,1,1,1,1
"Unter der Politik und Ministerien sind selbst die psychisch Gesunden völlig daneben, und korrupter als Männer. Eh klar, Männer müssen bei der Erbringung von Leistung nicht Lügen. Und werden aber genau dort betrogen, durch Inszenierung und Korruption wie Vetternwirtschaft. Hexen",-1,-1,1,1,1,1
"An die genossen, einfach als verschwurbelter Querdenker Qanon nazi ausgeben dann lassen die euch ungehindert durch und machen nichts...",-1,-1,1,1,1,1
"Die eigentliche Bombe im Gebälk unseres Staates sind Politiker wie Löbel, Nüßlein, Sauter, Strenz, Hauptmann, Amthor, Scheuer, Schäuble, Bareis. Aber Sie halten dafür ihre christlichen Werte hoch, wie Flüchtlinge absaufen lassen. Was für eine Schande liebe Unionspolitiker!",-1,-1,1,1,1,1
"unter sich und zu blöd um einen Satz fehlerfrei zu schreiben (2 Fehler bei 11 Wörtern) - bitte - gerne, Klagepaten.

Und natürlich wieder ein unterirdischer Vergleich. Die weiße Rose als Zeichen des  Widerstandes. Pfui Deibel.

 https://t.co/FyJh7kyEil",-1,-1,1,0,1,1
"https://t.co/cs5KoavBp8 

NRW Lusche 
ihr seid scheiße nein du bist es!
Ein Freund aller Schwulen Spahnferkels. 
thx",-1,-1,1,1,1,1
"Viel schlimmer finde ich, wie wenig sich die Regierung und einzelne Richter um die Verfassung zu scheren scheinen. Die Opfer dieses Verhalten sind die Bürger und die QD.",-1,-1,1,0,0,1
Als wenn der etwas anderes sagt als die Merkel. Lach mich Tod. Auch so nen Schwätzer vor dem Herren,-1,-1,1,1,1,1
Dann kann man die AfD gleich FDP nennen. Niemand braucht Antideutsche wie Cotar.,-1,-1,1,1,1,1
"Liebe Gehirnakrobaten, 

Wenn ihr gegen Covid geimpft seid, könnt ihr eure Oma immernoch infizieren. Zudem könnt ihr sie sowieso weiterhin mit etlichen anderen Krankheiten anstecken.  Wenn man sehr alt ist, stirbt man irgendwann an irgendwas. Das ist der Lauf der Dinge.",-1,-1,1,1,0,0
"Sag mal...was ist bei euch Nazis eigentlich kleiner.
Hirn oder Penis?",-1,-1,1,1,1,1
"Wie müssen Merkel und die Alt Parteien los werden, denn den verschwindet auch das Virus. Ich lasse mich auch nicht Impfen, weil das Virus in Berlin sitzt.",-1,-1,1,1,1,1
"OMG wie kann man nur so Gehirnverblasen sein? Kann man nicht ein mal seine dumme Fresse halten? wirklich ich hatte einen guten Sonntag bis ich Twitter geöffnet habe, ich lösch die App jetzt. Peace out",-1,-1,1,0,0,1
Wen er ab Herbst in der Opposition sich wiederfindet wird er wohl gegen den GrünenLinken Block sehr häufig mit der AfD und der FDP zusammen dagegen halten müssen... weiß er bloß noch nicht vor Blindheit durch den vollen Futtertrog von dem er sich aktuell noch labt,-1,-1,1,0,0,1
".. und die Menschen dann skrupellos mit dem Dreck und Lärm des Militärs alleine lassen. Die Pfälzer waren bei der  dumm genug, diesen Verein schon wieder in die Regierung zu wählen (nicht, dass die  besser wäre). Mal sehen, ob sie bei der  genau so ticken ...",-1,-1,1,0,0,1
"Wirst du auch nicht finden. Aber wenn ich helfen kann, diese schmierige Bagage mehr oder weniger korrupter herzloser Menschen wie Laschet, Scheuer, Klöckner und wie die Klapperköppe alle heißen, von weitere ""Regierungserfahrung"" fernzuhalten, werfe ich mich aufs Feld.",-1,-1,1,0,1,1
"Hier finden Menschenversuche statt. Alle Impfstoffe haben nur eine bedingte Zulassung.Die Hersteller selbst sprechen von noch laufenden klinischen Studien.Wer sich jetzt impfen lässt,ist Laborratte für die Pharmamafia.Lass' Dich impfen. Aber bitte trolle woanders herum.",-1,-1,1,1,1,1
"Man lasse sich von zwischen AfD und Grünen herumirrenden Korruptionsschwindsüchtlern der  nichts weißmachen.

Diese sind den Grünen doch 100% näher als den Gegnern der Grünen.

Einziger echter Gegner der Grünen und ihrer Wahnsinnspläne: die  .

Like it or not.",-1,-1,1,1,1,1
"Ja, lassen Sie sich ruhig Zeit. Während der Beratungen stirbt ja niemand.
Die  mutiert so langsam zur  Partei mit gelb angestrichenden Aluhüten. Und  spielt den Rattenfänger und quatscht nur dummes Zeug. 
Was kommt nun? Die kleine Schwester der 
???",-1,-1,1,1,1,1
"Die links-grün versyfte Bande ist unberechenbar!!!   Berlin: Linke attackieren Skinhead auf Mai-Demo, der stellt klar: ""Ich bin Antirassist, kein Nazi"" https://t.co/icq6cy90ks via",-1,-1,1,1,1,1
Merkel hat diese muslimischen Antisemiten ungehindert einreisen lassen. Es fanden keine Sicherheitsüberprüfungen statt - entgegen der Warnungen der Sicherheitsbehörden.,-1,-1,1,1,1,1
"Heul nicht rum und laber bitte nicht von Rechtsstaatlichkeit. Deine Partei hat maßgeblich dazu beigetragen, dass es in D Polizeigesetze gibt, die mehr mit einer Diktatur als mit einem demokratischen Rechtsstaat zu tun haben.",-1,-1,1,0,1,1
"Deutschland hasst Menschen. Es ist Nazi geblieben. Wer sich für Herkünfte (z.B. aktuell dunkelhäutige) stark macht, für Kinder, Frauen, sexuelle Orientierungen, alte, linke, kurz Menschen sortiert, ist ÜBELSTER FASCHIST. Ein menschlicher Mensch tut das nicht. ALL LIVES MATTER!",-1,-1,1,1,1,1
"Oh, neuen Begriff gelernt? Haust damit aber direkt daneben.  wäre es nur dann, wenn diese Egomanen deshalb keinen Job mehr bekämen. Alles andere ist die freie Wahl der Zuschauer. Oder willst Du jetzt Leuten vorschreiben, welche Schauspieler sie sich anzusehen haben?",-1,-1,1,0,0,0
"Wir benötigen einen Führerschein für Eltern und weniger Zeugungsfähige mit schizoaffektiven Störungen und dem Drang zum Helikoptern! Nur weil man dummgeil rumvögelt, macht einen das nicht zu ner guten Mutter/nem guten Vater. https://t.co/VG10Q9JO6o",-1,-1,1,1,1,1
"AstraZeneca 2.0 oder was??
Coronavirus in Deutschland: Impfstoff von Johnson &amp; Johnson nur noch für Menschen ab 60 empfohlen

und die wollen uns erzählen Biontech und Moderna sind dann die sicheren?? 
aber die doofe Kartoffel glaubt ja alles
https://t.co/4sywpWsI2O https://t.co/ORAgluV6im",-1,-1,1,1,1,1
"Wie behindert ist bitte die DFL? Da kommt erst in der Buli wie aus dem Nichts ne englische Woche, nur um 2 Wochen später ein ganzes WE für zwei DFB-Pokalspiele zu verblödeln.",-1,-1,1,0,0,1
"Für Ihre Information
 Diejenigen im Haus sind Zionisten, die das Haus übernommen haben
 Diejenigen außerhalb des Hauses sind die Eigentümer des Hauses
  So leben die Menschen in Palästina
 Zionisten sind Diebe, die Häuser stehlen
 Ist das fair?
  https://t.co/QimhLXSjHl",-1,-1,1,1,1,1
"Hass und Hetze lebt nun mal bei den Spezial-Demokraten.
Ich schätze, die sogenannten Persönlichkeitsstörungen finden sich eher beim Ersteller dieses Postings ..
Frau Dr. A. Weidel wäre die perfekte Bundeskanzlerin 
https://t.co/SxpbGwS4LI",-1,-1,1,1,1,1
"Ich kanns nicht mehr hören, auf jede Kritik wird mit das Wort Schwurbler oder Querdenker draufgeknallt und sofort ist das Problem erledigt. Differenzierte Auseinandersetzung erfolgt nicht mehr sondern man versucht nur noch andere Mundtot zu machen. Aber was erwartet man vom ÖRR.",-1,-1,1,0,0,1
BRD Diktatur im Netz und nun auch aggressiv und brutal gegen freie BürgerDie sind aktuell genauso wahnsinnig wie die Nazis 1933Eine Schande für jeden in der BRD der in Geschichte aufgepasst hat,-1,-1,1,1,1,1
"Ich würde mich über die Art humoresker Belebung im Wahlkampf sehr freuen :-)

Twitter würde überquellen mit immer neuen Weidel-Witzen. Nicht nur mit den alten über Nazi-Schalalalampen....",-1,-1,1,0,0,0
"Du kannst doch wohl sagen was du willst. Aber ihr armen Rechten macht ja so gerne auf Opfer und heult rum. Du gehst doch mir nicht zu etwas zu sagen. Aber So sind Faschisten nun mal, unsympathisch",-1,-1,1,1,1,1
Ach haltet dich einfach Eure Fresse alles die Ihr da bei  mitmachen!,-1,-1,1,0,1,1
"Das Opfer ist die deutsche Sprache! Fakt! Und ja, man wird sehr wohl gezwungen! AUDI ist eines der Beispiele. Die Medien sind ein anderes. 

Zudem wird man dazu gezwungen ständig diesen Bullshit zu lesen wenn man Nachrichten verfolgen möchte! 

 ist keine Sprachkultur!",-1,-1,1,1,1,1
"Der übliche politische Geschachere. Im Lichte einer Pandemie schlicht menschenverachtendes   
    https://t.co/CcfCx9tTmB",-1,-1,1,0,1,1
Sieht der für dich wie jemand aus der ahnung hat  für mich ist ziemiak genauso wie die anderen Unionsdeppen. Sieht aus wie einer der nichts gutes im Sinn hat außer es hilft ihm selbst und was andere wollen und brauchen ist denen eh scheissegal,-1,-1,1,1,1,1
"Wenn du ""normal"" bist, dann möchte ich das nicht sein.",-1,-1,1,0,0,1
"Liebe , die Leute, die ihr da übergriffig behandelt, sind die, die euch selbst durch ihre Wahl im September vor  &amp; Co noch schützen können. Aber anscheinend braucht ihr ja den antifageworfenen Pflasterstein in eurer Fresse dringender, als Gewaltfreiheit.  https://t.co/ElYXMgiSNs",-1,-1,1,1,1,1
"Zwei junge Tüpen mit Umhängebox gehen zum Netto, ihr Rapper verkündet: ""Diese Leute  die dich Nazi nennen, handeln wie die Stasi."" Rapmusik macht also wirklich dumm und gewalttätig!",-1,-1,1,1,1,1
Sie kaufen Luft bei Amazon  oder blasen abwechselnd in Tüten ? Allein hiervon kann man sich sehr leicht verunglimpft oder beleidigt führen. Sie stecken sich den Lockdown in den Arsch (Text von Brüggemann). Und gleichgeschaltet sind die Medien ? Muss ich alles nicht aushalten!,-1,-1,1,1,1,1
Du hast doch auch den Knall nicht gehört. Nur ein Quäntchen seitens Wissens und du wärst schlau genug bei völliger Ahnungslosigkeit einfach die Klappe zu halten? Wie viele Jahre musstest du im Bunker leben?Darfst deine Meinung äußern...,-1,-1,1,0,0,1
Eine geistig verblödete Bundesregierung mit enormen Fachkräftemangel heißt alle Schmarotzer herzlichen Willkommen und verköstigt sie auf Kosten des Steuerzahlers.,-1,-1,1,1,1,1
"Wen interessiert schon ihre tendenziell rechte, populistische und ungebildete stimme. Nicht mal das Rückgrat sich zur   zu bekennen, für die sie ja so gerne Propaganda betreiben.",-1,-1,1,1,1,1
"Was für ein Schwachsinn. Straßen haben nichts im geringsten damit zu tun heutzutage. Und auch Länder müßen dafür nicht erobert werden. Meine Güte, schafft euch endlich einen Verstand an, anstatt in voller Naivität auf eure Unheilsbringer zu warten",-1,-1,1,0,0,1
Christine Lambrecht ist genauso eine Nazihetzerin welche ihre SS Schergen auf die unschuldigen Bürger und Steuerzahler welche andere Meinung sind einschlagen läßt. Sowelche Nazi Propaganda Hetzer gehören aus dem Bundestag entfernt und in die Klapse weggesperrt.,-1,-1,1,1,1,1
"Klagen heilt natürlich.

Zwar nicht die Covid19-Betroffenen.

Aber die eitlen Seelen der stänkerwütigen Streithammel. https://t.co/zBCpBDdtDN",-1,-1,1,0,0,1
Ich glaub der Typ is Mitglied bei der AFD weil der es gewohnt is scheiße an seinen Händen zu haben,-1,-1,1,1,1,1
könnt ihr AfDHasser eigentlich noch in den Spiegel sehen um vor Haß nicht zu kotzen ?',-1,-1,1,1,1,1
"Die Angst lähmt, die Angst öffnet den Schließmuskel und die Polis scheixxen sich an da ist es leichter alte Frauen bei Demos zu knüppeln",-1,-1,1,1,1,1
Für mich die für  Frieden +lebenswerte Zukunft gefährlichste Polit Gangster Bande seit den Nazi Verbrechern der NSDAP.,-1,-1,1,1,1,1
"Altparteien verunglimpfen  in Resolution gegen  und verschweigen islamistischen  – AfD steht an der Seite Israels und unserer jüdischen Mitbürger

 https://t.co/CtW6Kl4XEt https://t.co/PpDvl8mco6",-1,-1,1,1,1,1
"Ich würde auch keine Union wählen,hat sich in den letzten Monaten gezeigt wie mies und verlogen ihr seid ! Ihr seid keine Volkspartei mehr,sondern nur noch eine Schande für Deutschland ! Ihr habt nur Angst vor der AfD ......",-1,-1,1,1,1,1
"Es ist normalen Menschen unerklärlich wie verdammt blöd ein Großteil unserer Bevölkerung zu sein scheint. Kleiner Spoiler, die nächsten paar Zeilen werden unter Umständen beleidigend, anders lässt Sich die Dummheit der Querdenker und ""Kritisch denkenden"" oder auch ""selbst (1/8)",-1,-1,1,0,1,1
Was für ein Schwachsinn weil ein paar Polaken Covid gekriegt haben soll ein ganzer Landkreis in den Lockdown meine Fresse wie hart wollen wir uns noch alle ficken lassen!?,-1,-1,1,1,1,1
"Was soll ""Normalität"" eigentlich sein? Weiter ein Scheissekonsument sein, der blind für seine Umwelt die Natur malträtiert, Afrika ausbeutet, während er sich den Schädel voll Fleisch &amp; Bier stopft, bei Aufregung über Flüchtlinge? Diese Normalität von  &amp; ?",-1,-1,1,1,1,1
"Yepp, für die Morde, für die Anschläge, für die Hirntoten Querdenker, für die Mordaufrufe gegen Merkel, für die Spaltung von Deutschland, für die ewigen Lügen/Hass/Hetze etc. 
AfD eine Nazi Partei, die seit knapp  vier Jahren Steuergelder abgreift. Danke AfD",-1,-1,1,1,1,1
Na lieber . Was ist die größere Bedrohung. Friedliche -Demos oder der asoziale  -Abschaum der prügelnd und marodierend durch die Stadt zieht. Ihr  mich an.,-1,-1,1,1,1,1
Ach Mensch Carina hör mir auf mit deiner Israel Babykiller Propaganda. Israel wird es nicht mehr lange geben und das weißt auch du selber.,-1,-1,1,1,1,1
Das ist einfach dummer Trend wie blm no cap,-1,-1,1,1,1,1
"Und wieder will jemand die Wahrheit nicht akzeptieren und relativiert und nein, dass sind keine Deutsche!!!",-1,-1,1,1,1,1
Uff hab manchmal das gefühl du bist full alman. Hast du irgendwie deutsche mutter/vater oder so?,-1,-1,1,0,1,1
"Die links-grün versyfte Bande ist unberechenbar!!!   Berlin: Linke attackieren Skinhead auf Mai-Demo, der stellt klar: ""Ich bin Antirassist, kein Nazi"" https://t.co/icq6cy90ks via",-1,-1,1,1,1,1
"Wow die Nazi-Keule...... Abgenutzt durch Linksextreme Vollpfosten wie ihr es seid. Hast du auch Argumente? Ach warte, Realität und Links Grün..... Da war ja was.",-1,-1,1,1,1,1
"Dann guck mal das Unrecht in Israel gegenüber Palästinensern an, und ja da sind eindeutig rechte Tendenzen ,bei Nawalny ganz klarer Fall von Rechts-Fetischismus, auf den ist geschissen! Also verpisst euch mit eurem westlich moralischen Zeigefinger!",-1,-1,1,1,1,1
"Genau, weil de AfD in Sachsen hat ja auch die letzten Jahre nicht zugelegt. Naja bei deinem Gesicht solltest du deine Eltern verklagen, Weichei.",-1,-1,1,1,1,1
"Die sitzen heute noch im Bundestag, zersetzen ehemals konservative Parteien wie Merkel die CDU, bekommen Steuergelder ohne Ende in den Arsch geblasen wie die Stasi-Kahane, etc. pp...",-1,-1,1,1,1,1
"Geil, und auf dem Bild rechts siehste nur Schwarze oder besser ausgedrückt, mit Migrationshintergrund. Ich bin mir sicher, wenn die Grünen die Tore für die dritte Welt öffnen schaffen sie sich selbst ab. Die wollen keine Weißen die über sie bestimmen. Nur deren Geld !!",-1,-1,1,1,1,1
"ich fand   überraschend souverän,  hätte da viel dümmer reagiert",-1,-1,1,0,0,0
Frau Baerbock ist eine dumme ungebildete Person und das macht sie nicht nur am Kobalt fest! Gott bewahre unser Land vor solchen Leuten als Kanzlerin! Nichts anderes als grün lackierte Kommunisten!,-1,-1,1,1,1,1
"Wenn Argumente fehlen und unter der Frisur ein geistiges Vakuum herrscht,  kommt diese ganze Weiße, Hetero, Männerscheiße!
Armselig, einfach nur armselig!",-1,-1,1,1,1,1
"Benennt diese AFD Leute als das was sie sind Faschisten, nicht rechts radikal oder sonstiges rumgeiere. Diese Leute sind brandgefährlich Polizei",-1,-1,1,1,1,1
Dummfreche   haben nichts in den Medien zu suchen. Anne Will schritt nicht ein und Laschet hätte auch eine klare Absage erteilen müssen. Sehr schwach.,-1,-1,1,0,0,1
"Dass Demokratiefeinde von der  überhaupt über Listen sinnieren können, ist  .",-1,-1,1,1,1,1
Vieles was in Israel passiert wird entweder nicht berichtet oder schöngeschrieben. Eine typische Krankheit unfreier Journalist*innen,-1,-1,1,1,1,1
"„Mutti“ hat einen ziemlichen Knall! Wenn ihr nicht so vollkommen gehirngewaschen wäret, wüsstet ihr, dass das nicht Querdenker verbreiten. Cool wäre es, wenn ihr angstbesessenen, obrigkeitshörigen Coronajünger euch einschließen und normale Menschen in Ruhe lassen würdet. https://t.co/S58E1Re8XU",-1,-1,1,1,1,1
Die hässliche Fratze des Judenhasses deutscher Linker (also 95% aller GEZ-Journalisten / -Aktivisten) fein präsentiert auf YouTube. Schön verpackt in ein Jugendformat wie Strg+F für dämliche 16-jährige Klima-Lisas und Antifa-Kevins.,-1,-1,1,1,1,1
"und/oder ""Querdenker"" hinzustellen besteht aber ein Unterschied. Ich glaube einige haben sich da auch dümmlich Naiv &amp; blauäugig in etwas hineinziehen lassen ohne die angebrachte Vorsicht walten zu lassen. Der Ausnahmezustand begünstigt so etwas vllt auch.

Liefers ist hingegen",-1,-1,1,0,0,0
"Wenn im sportlichen Bereich gehetzt wird (ist ja bei der  sehr häufig), lassen wir den Hashtag also jetzt weg?
Was benutzen wir denn statt , wenn Sportler durch den Schmutz gezogen werden?",-1,-1,1,0,0,0
Weder Bild noch diese widerliche Nazipartei afd sind ernstzunehmende Gesprächspartner. Miserabel ist das Infektionsschutzgesetz dennoch. Es atmet den phantasielosen Geist eines bräsig sklerotischen CDU Apparats dessen dieses Land so überdrüssig ist.,-1,-1,1,1,1,1
"Die  ist keine demokratische Partei auf dem Boden des Grundgesetz. Sie ist geistiger Brandstifter und Gift für jede Demokratie. Sie ist eine reine rechtspopulistische und faschistische Partei. Sie ist ein Sammelbecken für homophobe, rassistische und antisemitische Demagogen.",-1,-1,1,0,1,1
"du bist also ein depp und wählst die ""deppen für deutschland"" dann tust du mir leid.",-1,-1,1,0,1,1
"Rassismus ist keine Erkrankung! 
Dieser Dumme Hund ist einfach gestrickt, aggressiv und gewaltbereit. Dafür muss man keine psychische Erkrankung vorliegen haben.",-1,-1,1,0,1,1
ist ne digitale Mülldenker Demo. Was habt ihr denn erwartet? Steckt euch euren Claim in den Arsch ihr Pisser seid allesamt Querfront durch und (einfach nur noch) durch. https://t.co/sztk3wmppw,-1,-1,1,0,1,1
Sie deutschen denken sie können etwas ALLEINE bewirken! Die araber kühlen mit Riesen Klimaanlagen Ihre Cafés um es Kunden angenehm  zu machen und der Hitze der Wüste zu schützen und ihr denkt ihr spart Co2 ein,-1,-1,1,1,1,1
"Wie kann man so ein Hetzer, Verleumder und Idiot sein? Unfassbar.
Hätte die Deutsche Regierung mehr Mut gehabt, hätte man das schon im Oktober durchgezogen und wir wären jetzt - mindestens - so gut aufgestellt wir die Briten.",-1,-1,1,1,1,1
Die  ist ein ganz großer Teil des Problems und sollte sich ihrer Verantwortung ggü. des Abdriftens ihrer Wähler zur  stellen. Das Versagen beim NSU kommt noch obendrauf.  https://t.co/3hjQXKIekt,-1,-1,1,0,0,1
"Ja, danke. Ich hasse diesen Querdenker ""IchbinSofieScholl""-Abschaum, aber auch mir ist seit so grob einem Jahr klar, dass es am Ende um Therapiemöglichkeiten gehen wird und Impfen nur die zweitbeste Möglichkeit sein wird...",-1,-1,1,1,1,1
"War doch klar, dass die Rechten dagegen klagen werden und um ihre Querdenker weiterhin anzustacheln.",-1,-1,1,1,1,1
"Das sagt ja wohl der richtige afd Anhänger. Wer gibt euch das Recht eure Gegner zu diffamieren, zu beleidigen und zu Drohen. Ihr wollt den deutschen Staat zerstören.",-1,-1,1,0,1,1
Okay. Also am Ende hab ich versucht nett zu sein und Respekt zu haben aber ich kann auch anders: du kannst deine scheiß Israel stories auch dummen erzählen und deren Gehirn waschen. Salam,-1,-1,1,1,1,1
"bei mir verursachen diese menschen nur noch Übelkeit. habe leider selber jemand in der engeren familie, obwohl  5 Familienmitglieder mehrere Wochen mit dem Virus flachlagen und jetzt noch einbussen haben. ""ihr redet euch das ein, weil die merkel euch das so sagt...""",-1,-1,1,1,1,1
"Die Frage ist welche Idioten wählen diese Witzfiguren und vertrauen denen ein Land und Bevölkerung an die weder Laschet ,Söder oder die Grünen vertreten.  Wer ruiniert und versklavt schneller die Bevölkerung.",-1,-1,1,1,1,1
"Grünes Feigenblatt: Eltern/Großeltern d. FFF Generation müssen so ihre kognitive Dissonanz nicht wahrnehmen.
Huldigen weiter d. Wünschen d. Wirtschaft u. d. Wachstumsparadigma, obwohl Entkoppelung v. Ressourcenverbrauch u. Wachstum noch nie gelang.
Stellen d. harten Fragen nicht.",-1,-1,1,0,0,0
"Oh ja, bei sowas wird auch gar nicht lange überlegt. Hast du gut gemacht.

Der Absage fehlte nur noch ein",-1,-1,1,0,0,0
Wieso soll Frauenfussball besser bezahlt werden als das männlich Pendant wenn er viel weniger attraktiv ist und weniger Publikum anzieht? Vergleichst du mal ein Spiel der ersten Bundesliga der Frauen und der Männer? Du sieht dort das die Unterschiede eklatant sind.,-1,-1,1,0,1,1
"Dann sollten  dir erst recht zu denken geben, denn die leben hier und jetzt und scheißen auf das Leben und die Gesundheit anderer, während Mao und Pol Pot längst in ihren Gräbern verrottet sind.  Du scheinst irgendwie noch in den 70ern zu leben.",-1,-1,1,1,1,1
"Was ist so schwer daran, den Vorfall gegen Herrn Ofori klar und unmissverständlich ohne Relativierungen zu verurteilen? Warum missbraucht  ihr den Anlass, um wieder zu jammern wie 'schwer' ihr Kartoffeldeutsche es habt. Wann fliegt die Kartoffel Liecke endlich aus dem Rathaus?",-1,-1,1,1,1,1
"Das sind bestimmt die, die nach Meinungsfreiheit schreien Ihren Querdenker Quatsch muss sich jeder anhören, aber wenn man ihnen die Wahrheit sagt, ertragen sie das nicht und die Meinungsfreiheit gilt auf einmal nicht mehr. Solche Leute ekeln mich an",-1,-1,1,1,1,1
Du gehörst verboten. Deine Rassistische Scheiße gehört verboten. Deine dumme Homophobie gehört verboten. Du bist nicht Deutschland. Du bist nicht genug.,-1,-1,1,0,1,1
"wenn der Ober- einem Reichsbürger und Straftäter in dessen Arsch kriecht und dann noch ein Konto bei einer Reichtsbürger-""Bank"" eröffenet dann sieht man deutlich die Nähe von  zu Nazis usw.  gell  ;-)",-1,-1,1,1,1,1
juden sind ur rassisten  und vorfahren der faschisten und sind immer noch Terror staat İsrael,-1,-1,1,1,1,1
"Wer es nicht schafft Homosexualität wertfrei zu tolerieren und akzeptieren ist ein widerlicher Homophob.

Homophobie nicht zu tolerieren und zu akzeptieren ist allerdings gut für die Gesellschaft.",-1,-1,1,0,1,1
"Dass Leute nach 15 Jahren Merkel unironisch feiern, dass die Grünen eine Frau aufstellen ist absurd!

Dass das dumme Identitätspolitik ist kommt natürlich obendrauf. Dass die Dame nicht allzu schlau wirkt und die Ideen aus der etatistischen Hölle stammen macht´s  noch schlimmer.",-1,-1,1,1,1,1
"Also: Für wie blöd haltet ihr die Menschen, dass ihr meint, sie müssten nach diesen Jahren noch ""aufgehetzt"" werden. Das hat die herrschende mieter*innenfeindliche Politik ganz allein geschafft. Ich jedenfalls werde Angela Merkel und ihrer Partei keine Träne nachweinen.
11/12",-1,-1,1,0,0,1
"Als  keine  zu haben ist heutzutage ja eigentlich ein Qualitätssiegel gegen  und .
             https://t.co/Gl1YN3JqYo",-1,-1,1,0,0,0
Deine aussagen sind vollkommen daneben;) zahlen leute keine steuern hab sie nich das recht Häusern zu wohnen so einfach ist das so funktioniert rechtsstaat...davon verstehen moslems nix da macht man ehrenmorde und so nen scheiß,-1,-1,1,1,1,1
"Ich bin Ausländer....
Nicht NAZI...
Nicht Kommunist....
Nicht Kapitalist....
Nicht Deutsch....
Nicht Extremist....
Nicht Kämpfen.....
Aber ich erkenne das AfD ist nicht NAZi...!
Und ich erkenne das CDU ist Ausländer HASS hat !!
Das CDU zerstören Zukunft und Europa Menschen leben! https://t.co/kxWBKu1v4q",-1,-1,1,1,1,1
"Alimentierung von 80% der Importierten, Ehrenmorde, Vergewaltigung nennen sie Hilfe. Religionsfreiheit, haben sie ein Mädchen erlebt, dass dem Christentum beitreten und einen Mann anderer Religion heiraten durfte, das ist ihre moslemische Religionsfreiheit",-1,-1,1,1,1,1
"Es gibt nur eine logische Erklärung:
Es handelt sich um Korruption, denn Impfungen, Tests, Schutzkleidung, Medienkampagnen, [...] sind ein extrem lukrativer Markt für hirnamputierte Idioten, die jede Scheiße fressen und jedem Führer folgen.",-1,-1,1,1,1,1
"Bin SPD Mann als Gastarbeiterkind. Wähle das erste Mal grüne. Sollen aber dafür sorgen Merz fernzuhalten. Ob ich1.80 oder 2.20 Benzin zahle ist es mir wert . Nach Frau Merkel kein Bock auf Nazis wie Söder , Merz und Hure laschet",-1,-1,1,1,1,1
"Mikah : Sie betet zu Gott das dem Weißen Menschen der Atem genommen wird. Sterbt einfach alle aus. Sterbt. keiner hat das Rückgrat eure ekelhaften Nationen u. Staatengemeinschaften zu stürzen. Ihr seid die Minderheit, die  Abfuckt. Fallt bitte TOD um. Rassismus pur https://t.co/hm1WEw5Dqg",-1,-1,1,1,1,1
"Auch stimmt, dass Patriot ist für euch Links Grün versiffte natürlich absolut Nazi, richtig? Und nicht am Genexperiment teilzunehmen noch eine Steigerung von Nazi? Offenbar hast du es mit selbstständig denken nicht so.",-1,-1,1,1,1,1
"Judenhass &amp; Israelfeindlichkeit mitten in  - wie in dunkelsten Zeiten. Und zwar durch arabischsprechende Muslime! 

Die Folge einer gefährlichen Asylpolitik!

Die Saat von Merkel geht auf! Und die Politik schweigt und gratuliert zum Zuckerfest!

https://t.co/LNiwxNNA75",-1,-1,1,1,1,1
"Die  Spießer bejubeln mit  eine ahnungslose  Trulla, die   studiert hat und für diese fiese Kaste sinnbildlich ist, die nichts kann außer Politik. Und diese beherrschen sie nicht praktisch, sondern nur theoretisch.",-1,-1,1,1,1,1
Dumme Frage: WARUM sollte ich mich als blonde-weiße Skandinavierin mit dem Islam beschäftigen oder gar Rücksicht auf diese mittelalterliche menschenfeindliche Beduinenreligion nehmen? 1 guter Grund? anybody?,-1,-1,1,1,1,1
Watt sind datt denn für Würstchen aus der  ?! https://t.co/2W81AWlPGv,-1,-1,1,0,0,1
"Einfach ard/zdf schauen!!! Die größte grüne nazi und terror propaganda der Geschichte!  nie wieder Sozialismus, auch kein grüner Kobold Sozialismus",-1,-1,1,1,1,1
"https://t.co/cs5KoavBp8 

NRW Lusche 
ihr seid scheiße nein du bist es!
Ein Freund aller Schwulen Spahnferkels. 
thx",-1,-1,1,1,1,1
Halt die Luft an kleiner Knirps komm wir klären das vernünftig   Ich will dich so behindert Boxen,-1,-1,1,1,1,1
"Sagt der der sich mit einer Staatsterroristin und Schwerstkriminellen solidarisiert, genau mein Humor https://t.co/GM7DZb0YHs",-1,-1,1,1,1,1
Diese Misanthropen wollen nur unser Geld und dann schlagen SIE verbal und nonverbal uns den Schädel ein     in Mülheim hat ein 36 Jähriger Libanese  einen 80 Jährigen platt gehauen ( es gibt auch gute Libanesen ) aber diesen Irren raus aus Deutschland,-1,-1,1,1,1,1
"""Einzigstes"" gibt es nicht... ausser in der Walddorfschule.",-1,-1,1,0,0,0
"Ja, wie großartig kann das werden. 
Ich kann und will diese alten bräsigen, selbstgefälligen ArschkrampenKerle nicht mehr sehen.
Und wenn Mutti böse guckt, stecken sie bis zu den Schultern ihr wisst schon wo. 
  ist der gamechanger!",-1,-1,1,0,1,1
"Egal was du nimmst, du solltest weniger davon nehmen.",-1,-1,1,0,0,0
Aber deine links Grünen Rattenfänger musste mit der Lupe suchen,-1,-1,1,1,1,1
und  sind der Abschaum der Menschheit! Beide wollen keinen freiheitlichen demokratischen Rechtsstaat!,-1,-1,1,0,1,1
"Bilder in der  von Demos. 1. Mai Demos - Menschen auf Fahrrädern, mit MNS, mit Abstand - mit Wasserwerfern.

Und Demos von  

Ohne MNS. Ohne Abstand. Ohne Genehmigung.

Ohne Wasserwerfer.

Finde den Fehler.",-1,-1,1,1,0,0
"merkel reisst nach der wahl  die deutschland fahne aus der 
hand  des parteikollegen und schüttelt den kopf,
die kobold partei will den namen"" deutschland"" streichen,  aber alle  sind
in deutschl.  dick u  fett
geworden, neuer name evtl 
willkommendsland mit bunter
flagge",-1,-1,1,1,1,1
Man sieht in Baden-Württemberg dass es die Grünen auch können! Man braucht nach 16 Jahre die Abzocker Union nicht mehr.,-1,-1,1,0,0,0
"- na und? Querdenker töten Menschen! Jetzt die Frage, was menschenverachtender ist…",-1,-1,1,1,1,1
"hurensohn bundesrat ich mach steuerhinterziehung, ich fang jedz an exzessiv Drogen auf strasse zu konsumieren und spritz mir heroin in die leiste vorm rathaus
die umweltsünden werde ich verschweigen,  fick dich hurensohn nazi dreckdsland voller inzest politiker

mfg frankfurt",-1,-1,1,1,1,1
"Zeigt ja auch wieder wie dumm die AfD'ler sind, wenn sie Einschaltquoten pushen wollen und sich alle vor einen Fernseher setzen",-1,-1,1,1,1,1
"Das hat mittlerweile einen langen Bart und interessiert vielleicht noch die linksliberale Community. Wenn wir jetzt alle Sprüche irgendwelcher Politiker der letzten 30 Jahre auflisten, werden wir Bücher voll Blödsinn füllen können.",-1,-1,1,0,0,1
Bist du behindert die arbeiten damit die nicht verhungern du dummer Bastard https://t.co/bAgbfGmsQl,-1,-1,1,0,1,1
"Das tut der VS doch auch: QD gefährdet Pressefreiheit, körperliche Unversehrtheit, ist rassistisch, antisemitisch und gefährdet die öffentliche Sicherheit. Damit klare Gefährder der Verfassung.",-1,-1,1,1,1,1
"Genau das seid ihr. Ne dumme Schlägerbande, die nur in der Gruppe stark. Zu Hause bei Mama kuscht ihr Pantoffelhelden.",-1,-1,1,0,1,1
"Feinde der Menschen, Feinde der Demokratie, dreckige Hetzer, jämmerliche Lügner, arrogante Flegel und im Grunde zu nichts zu gebrauchen. Das ist für mich die AfD. Eine Schande für jeden anständigen Menschen.",-1,-1,1,1,1,1
"Die letzten 16 Jahre nichts getan, und pünktlich zur Wahl plant ihr etwas umzusetzen? Alles nur Wählerfang, einfach lächerlich. Ihr seid ein korrupter Haufen. Nichts anderes.",-1,-1,1,0,0,1
Schade dass sich die ganzen selbsternannten Leugner doch zu feige sind an ihren eigenen Quatsch zu glauben. Sonst könnten die Querdenker doch wunderbar für Studien als nicht geimpfte Kontrollgruppe ohne Behandlung herhalten.,-1,-1,1,0,1,1
Lasst die öko-terroristen doch mal machen. In 4 Jahren ist der Spuk vorbei. Nur die absolute Mehrheit sollte verhindert werden.  Das ist machbar Dank FDP und der doch nicht so schwachen AFD. CDU braucht eine Auszeit.,-1,-1,1,1,1,1
"Der ""Schusterreiter"" freut sich, dass es ausreichend gläubige Idioten gibt, die ihm seinen Schwachsinn abkaufen und ihm dadurch noch einen schönen Lebensstandard sichern! 
Armes Deutschland! https://t.co/kRbl8aOm82",-1,-1,1,0,1,1
"Super Hinweis darauf, bei der nöchsten Bundestagswahl weder die KP Chinas noch eine der konservativen iranischen Parteien zu wählen. 
Dummheit, Dein Name ist .",-1,-1,1,1,1,1
"Es gibt kaum etwas Dümmeres als Schauspieler und Musiker. Hättet ihr etwas Gescheites gelernt könntet ihr jetzt euren Mitbürgern helfen, anstatt nur dumme Sprüche loszulassen!",-1,-1,1,1,1,1
"Hätte die AfD immer regiert, würden wir noch in Höhlen Wandmalerei betreiben!",-1,-1,1,1,1,1
"Ihr Hirnlosen Querdenker Mörder solltet mal lernen gelesenens auch zu verstehen. Wenn ihr Deppen Dicht an Dicht läuft, steht oder anders bewegt, verteil ihr eure verseuchte Aerosolen. Aber um das zu verstehen, fehlt euch halt der Verstand.",-1,-1,1,0,1,1
"Finde diese aktuelle Kampagne von gewissen Schauspielern gerade einfach nur unglaublich pietätlos. Schön die Querdenker befeuern, wenn man sowas auch hätte nutzen können, um richtig Kritik an der Umsetzung der Coronapolitik zu üben.",-1,-1,1,0,0,0
Leider nicht nur. Dieses dämlichen Heinis können wir mit ein bisschen guten Willen in die ungenutzten Flugzeuge setzen aber was machen wir mit unseren eigenen Schwachköpfen?,-1,-1,1,1,1,1
"""17 Tote im Flüchtlingsboot"" 

Die Grünen u Merkel locken solche Leute nach Europa.

Die grüne Protestbewegung ist als Partei politisch irre. 

Die Grünen haben keine Moral und keine Logik.",-1,-1,1,1,1,1
"Die planen jetzt erst, wie die uns das Internet abschalten? Wasn das für ne Amateurveranstaltung? Und wie dumm sind die Querdenker dann, wenn die alles vorher wissen und nix gegen diese Amateure tun können? Menschheit so lost eif",-1,-1,1,1,1,1
"Sich auf die selbe Ebene zu stellen, wie die Opfer des Nationalsozialismus ist von Seiten der  und den  auf so vielen Ebenen menschlich pervertiert und verwerflich, dass einem die Spucke weg bleibt.",-1,-1,1,0,1,1
"Sorry aber die allergrößten Covididioten, Leerdenker sind die die weder Toleranz, Respekt noch sonst was kennen außer denunzieren, beleidigen usw,  weil ich behalte im Auge um wachsam zu sein https://t.co/0VD1OaY7BM",-1,-1,1,1,1,1
ich raste aus ist die ganze show so behindert,-1,-1,1,1,1,1
"Was für ein kleiner feiger besoffener Nazi Hurensohn. Hätte definitiv mit ihm gekämpft. Was für ein kranker dummer Mensch und die meisten schauen zu. Einer steht auf, dann der Zweite, dann der Dritte und er ist dann derjenige der am Ende zu recht verprügelt wird.",-1,-1,1,1,1,1
"Jetzt sehe ich erst , das Du so ein kleiner FFF Hüpferling bist .
Hast Du deine Großeltern oder vielleicht Urgroßeltern mal gefragt, was sie während der Nazi Zeit gemacht haben ?",-1,-1,1,1,1,1
"Einfach jeden Betrunkenen, mit beklopten Farben geschmückten Irren einfach umlegen. Die Bundeswer? Muss panzer schicken!!!",-1,-1,1,1,1,1
"Tja da spricht der Neid der  die sich ärgert, das  mit  kompetente  Anhänger hat, die  und der  die Maske vom Gesicht gerissen hat, und sich nun das wahre hässliche Gesicht der  zeigt. Darum",-1,-1,1,0,1,1
Du fetter Hurensohn hahahahahahahahah du machst fake leak aber beim echten einfach fetter Hurensohn kanake der stinkende Eier hat,-1,-1,1,1,1,1
"Das ist somit die krankste Scheiße die ich jemals gelesen habe, nachdem was in Deutschland 1933 passiert ist und hier von der bösen AfD gesprochen, ist das UNFASSBAR!",-1,-1,1,1,1,1
"Ihre Drogen würde ich auch gerne nehmen
Also diese Aussage gehört wirklich zu dem größten homophoben Schwachsinn, den ich je gehört habe 
Und alle, die ihre Meinung nicht tolerieren sind Rassisten haben sie eben erwähnt 
Ich werd' nicht mehr 
Alles Rassisten",-1,-1,1,1,1,1
"Die -Zeitung ist ""Deutschlands auflagenstärkstes Drecksblatt"". Nur möglich, weil Schädling  u. ihre Staats-Pfusch-Legionen eine durch u. durch verkommene bis skrupellose Bande von verantwortungslosen Charakter-Zwergen u. Gemeinwohl-Feinden ist.  inkl.",-1,-1,1,1,1,1
"Dummer Mensch ist der Fachbegriff. 

Da wundere ich mich das so etwas nie in den Medien gezeigt wird oder das eine Frau Baerbock nicht darauf angesprochen wird. Diese radikalen findet sehr häufig bei den Grünen und den Linken.
Hetze gegen Deutschland.",-1,-1,1,1,1,1
"redet bei  was von geistlosen Corona Maßnahmen, die angeblich was bringen, (dabei ist die Grippesaison vorbei) &amp; einen Tag später redet er von hirnlosen Öffnungen? Unglaublich wie arrogant diese Versager sind! Und dann wundern sie sich warum es Querdenker gibt",-1,-1,1,1,1,1
"Lasst uns den Hashtag kapern, denn:

 und wählen diese dämlicher Blauwichtel aus dem Bundestag.",-1,-1,1,0,1,1
"Sind ganz klar die  und Querdenker schuld! Die sind ganz klar schuld für diese immensen Kollateralschaden! Weder die BR und ihre VIP-Krankheit Corona, oder der bürgernahe Spahn mit seinem Einsparungen im Gesundheitsbereich sind schuld!",-1,-1,1,1,1,1
Der macht mich noch behindert vallah was ein lächerlicher Kerl,-1,-1,1,1,1,1
Genau das ist die Wahrheit Kooperation mit Ditib # Inportation des Antisemitismus #,-1,-1,1,1,1,1
Wollte damit zeigen wie schwach deine Rhetorik ist. Ziemlich sicher ist dein Text aus irgendeiner Telegramgruppe geklaut. Typisch dass das ein verschwörungstreuer Hildmannseierlutscher nicht kapiert. Du verstehst die Ironie nicht und blamierst dich. Wie ekelhaft einfach.,-1,-1,1,1,1,1
"Die bekommt man schon nicht in den Griff, dann holt man sich das Unheil noch dazu. Und das noch in allen Bereichen. Sexual Delikte, Antisemitismus, Terror, Raub und Ehrenmord, Clan Strukturen und die ganze Batterie",-1,-1,1,1,1,1
"Merkel und Konsorten sind (wenn wahr) nicht mehr tragbar für dieses Land. z.B. Müll auf dem eigenen Grundstück nach 21:00 rausbringen will mir diese  Dame &amp; Friends also verbieten, sorry nicht mit mir.
NIEMEHR MERKEL NIEMEHR  und alle die SOWAS unterstützen! https://t.co/kBA82zZUYn",-1,-1,1,1,1,1
"bedeutet eine von Moral und Anstand befreite Politik, Korruption, Vetternwirtschaft, Stillstand, rückwärtsgewandt und Lobbyismus, neuerdings Nationalismus! Die CDSU ist ein Haufen verkommener Ratten, die sich auf Kosten des Steuerzahlers bereichern, unchristlich asozial",-1,-1,1,1,1,1
Die AfD ist der Abschaum der Menschheit und für uns untragbar https://t.co/lZLnmpEiG8,-1,-1,1,0,1,1
"Das Grundrecht auf Versammlungsfreiheit wurde heute von  und  außer Kraft gesetzt. Wenn wir am Montag wieder mit vollen Bahnen zur Arbeit müssen, kommen natürlich keine Wasserwerfer. Rot-Grüne Doppelmoral. Das Virus lacht sich (und uns) tot.",-1,-1,1,1,0,1
"Du bist der Bodensatz dieser Gesellschaft.
Ein Nazi durch und durch.",-1,-1,1,1,1,1
"So wichtig sind die Querleernixdenker nun auch wieder nicht.
Jetzt kümmert sich erstmal der Verfassungsschutz um die Dummbratzen, dann wird der Spuk bald vorbei sein, weil die feigen Pisser keine Eier haben",-1,-1,1,0,1,1
"guck nach Indien du dreckiger Bastard. Wie kann man so wenig Respekt vor dem Leben einzelner haben.

Aber hier auf Hippie und Freiheitliebend tun. Ich spuck auf euch ekelhafte Hurensöhne",-1,-1,1,1,1,1
"Vorhin standen auf dem Weg nach Hause ein paar Querdenker mit Schildern, wo dummes Zeugs draufsteht, am Straßenrand",-1,-1,1,0,1,0
"Na klar, man verkauft Geimpfte in den Nachrichten mit Privilegien. Oder schreibt dass Impfungen mit negativem Test gleichgestellt wird. Nicht.
Schön Öl ins Feuer der Querdenker und Impfzwang und Abschaffung der Grundrechte. Ach Leute...die Medienkasper und Ihre blöden Headlines.",-1,-1,1,1,1,1
"Kommunen hätten locker flockig ihre Kasse füllen können, wenn sie bei jeder Demonstration die begangenen Ordnungswidrigkeiten der  ,  und  direkt vor Ort jeweils 50€, 75€, und 100€ kassiert hätten.",-1,-1,1,0,0,0
Noch eine weitere USA scheiss Mist Land gender reveal party auf social media XY zu sehen und alle Lichter werden ausgeschossen. Da wurden muffins gebacken und die Farbe innen wo der bast reinbeißt ist dann das gender ICH GEHE DUMM,-1,-1,1,1,1,1
"Der korrupte Haufen ist doch kein Maßstab!
Die Idioten träumen von Cannabis Prohibition- machen wir es zu dem größten Albtraum der Stasinaziunion! Korruption Prohibition ist leicht widerlegt!
We FREE Ganja now, whatever it takes",-1,-1,1,1,1,1
"Na klar, wieder durch solche Behauptungen vom eigentlichen Problem ablenken: Der größte Teil des  ist importiert. Falls ein genaues Datum gewünscht wird: seit September 2015. Aber solange das nicht offen gesagt werden kann, wird sich nie etwas ändern.",-1,-1,1,1,0,0
"Dann nochmal lesen, darüber nachdenken und Wörter wie Ironie, Polemik, etc. nachschlagen.

Ich würde niemals die Grünen wählen, weil ich keine Partei wählen würde, welche Pädophilie unterstützt, aber was Boris Palmer dargebracht hat, war offenkundig mehr als ironisch gemeint!",-1,-1,1,1,0,0
"Ihr seit ein verlogenes Pack, ausgebildete Schläger die für Ihre Straftaten ,nicht belangt werden! Dann stellt ihr euch noch hin und lügt das sich die Balken biegen bzw .Ihr bei der 1.Mai Demo ,Menschen den Schädel brecht! Das ist ein Mordversuch!",-1,-1,1,1,1,1
"Die  hat 32 Jahre lang   durch  verhökert!

!!! … https://t.co/6czON37fmL",-1,-1,1,1,1,1
"Der Hassprediger  von der  hat kein Problem damit eiskalt den  weiter voran zu treiben;  gehören ja zum Tagesgeschäft der rechtsextremen ""Volkspartei""! 

           https://t.co/1NIJNqw69R",-1,-1,1,1,1,1
"Ihr ganzes Profil schreit ""Dummheit"" hinaus wie nichts anderes.",-1,-1,1,0,0,1
"Haha, dreckiger Bastard. Du Rechtsradikaler AfD Wähler. Damit wirst du nicht durchkommen. Gib zu, dass du nur quitest, weil die Polizei dich jetzt hat!",-1,-1,1,1,1,1
"Ich würde mich freuen, wenn alle Querdenker und sonstige Extremisten auswandern würden.",-1,-1,1,1,1,1
"Auf Augenhöhe, na dann streichen Sie mal schnell ihr tolerant und das Programm der AFD ist bis jetzt nicht verfügbar,  es ist das von 2017 , dass war schon dämlich",-1,-1,1,0,0,1
"Es ist das Land der Juden.
Israel war so gnädig und hat den Palästinensern den Gazastreifen überlassen, obwohl Palästina zwei Kriege in Folge verloren haben. Welche Palästina angezettelt hat.",-1,-1,1,1,1,1
"Sie freuen sich nicht nur wie ein Kobold, Sie haben durchaus auch die laszive Anmut eines Kobolds. Oder meinte ich Waldschrat? Sei's drum, ich freue mich wie Bolle auf die Zeit, wenn die AfD ein Fliegenschiss deutscher Politikgeschichte sein wird. Und das dauert hftl. nicht lange",-1,-1,1,1,1,1
"Schau dir ""SKANDAL! GEHEIMER PLANvonARD und ZDF ENTHÜLLT!"" auf YouTube an https://t.co/1F2DlhPnaP was erwartet man da außer Zwangsgebühren genauso wie diese drecks Verbrecher Lügner's Betrüger's Mörder's Merkel Spahn Söder Altmaier Laschet Lauterbach Seehofer Drosten RKI WHO PEI",-1,-1,1,1,1,1
Ne digga bist du behindert kannst du iwie net lesen ???? Schonmal was von import export gehört du zurückgebliebenes stück Dreck shit wie kann man so dumm sein ich raff es net,-1,-1,1,1,1,1
"Also beim zweiten Screenshot kriege ich ja schon wieder Blutdruck.
Das Klimaschutzgesetz wurde verhindert, weil die MPs Sorgen um ein paar Tausend Arbeitsplätze hätten?!
Entweder die sind völlig dumm oder das ist eine schamlose Schutzbehauptung.",-1,-1,1,1,0,1
"Ob ihr nicht ganz dicht seid?
Aus dem Elfenbeinturm heraus süffisant Säure kippen. Deutsche Schauspieler und ihr geistiger Verfall.",-1,-1,1,0,1,1
Absolut. Wer am lautesten Korruption  schreit hat meist etwas zu verbergen. Das Geschrei der Opposition dient nur von den eigenen Sümpfen abzulenken.,-1,-1,1,0,0,0
Bild eh alles nur Mongos können net mal Atmen ich hoffe die bekommen alle Arschkrebs und Ebola,-1,-1,1,1,1,1
Und übrigens wir sind Flüchtlinge weil christen gejagt wurden wie wilde Hunde. Und diese komischen kz Vergleiche können sie sich sonst wo hin stecken. Sie sind wie diese „ich kann kein nazi sein ich kenne einen schwarzen“ Leute  liebe afd als der Rest der Bagage,-1,-1,1,1,1,1
"nimmt uns Bürger so scheiße krass aus, dass könnt ihr Euch nicht vorstellen.
Die korrupten Kommunalpolitiker von  u.   kaufen deren Aktien mit Steuergeldern machen damit Städte abhängig u. bekommen dann Posten im Konzern.",-1,-1,1,1,1,1
"Ja. Und ich finde Söder persönlich sympathischer. Man muss schon ein ziemlicher Arsch sein, um das zu tun, was Laschet als Unidozent abgezogen hat. Außerdem erinnere ich mich noch sehr gut an die gequirlte Kacke, die er zu Syrien und Assad rausposaunt hat.",-1,-1,1,0,0,1
Wer weiß..Diese Eliten sind hinterhältig! Und dann noch eine Asylbewerberin,-1,-1,1,1,1,1
macht auch Werbung für  - Videos. Wer hätte das erwartet...? Die AfD und Schwurbler klatschen Beifall. Entweder diese Schauspieler zeigen hier offen ihre politische Gesinnung oder sie sind einfach nur dumm und naiv. Unfassbar.,-1,-1,1,0,1,1
"Islamophobie gibt es nicht, selbst wenn es Sie geben würde, wäre Sie in anbetracht der abscheulichen Verse über Un-und Andersgläubigen, etlichen Kampfaufrufe, bis hin zur Auslöschung des Hebräischen Volkes mehr als verständlich....",-1,-1,1,1,1,1
"Es werden gemeinschaftlich, die Hände zum Hitlergruß gehoben. Mit den Worten ""Freiheit""Ihr seid einfach nur scheiß Nazis!!!Nichts war Frei in der Zeit vom Krieg. Nichts war gut in dieser Zeit!Ihr feiert diese Zeit, mit diesem Gruß. Kein platzt für Nazis!",-1,-1,1,1,1,1
"Alter hast du dir mal die Quellen vom Volksverräter angeschaut? Antonio Stasi Stiftung?? Junge Junge ihr deutschen Propaganda Opfer seid echt der Beweis, dass 1933 ein leichtes Spiel war.  Desweiteren was ist strafbar an diesen Aussagen?",-1,-1,1,1,1,1
"Nixcht nur in der AfD generell ! Eine doofe Nuss hat Jahrzehnte gereicht !!! Überall FRAUEN nur noch FRAUEN, was soll denn dieser Blödsinn ????",-1,-1,1,1,1,1
"Wenn Kinder sich die Impfung wünschen, dann nur, weil verantwortungslose Erwachsene ihnen Angst einjagen.",-1,-1,1,1,0,1
Warum wird der Vergewaltiger aus Berlin nicht mit voller Härte bestraft? Na er ist doch ein Kind von Fr MERKEL! Die dürfen rauben und vergewaltigen und sogar töten aber nur Deutsche und Juden. Danke Fr Merkel für diese Fachkräfte!,-1,-1,1,1,1,1
"Der hat doch einen Knall, der Maaßen, wie alle   
Die  will/wird mit der  koalieren. Am Wahlabend wird es dann heißen:""...unter demokratischen Parteien...


Hans-Georg Maaßen wirft den Grünen „Rassismus gegen die eigene Nation“ vor https://t.co/XKI7O2cKBQ",-1,-1,1,1,1,1
"Das stimmt nicht mehr. Die jungen, halbstarken, dummen, ungebildeten und kriminellen Migranten, die hier das Paradies erwarteten (+ bekamen), haben den Hass, den sie mit der Muttermilch trinken, hierher gebracht.",-1,-1,1,1,1,1
Es ist so zu kotzen was sich mittlerweile alles für ein Schmutz unter dem Deckmantel 1. Mai so alles auf der Straße rumtreibt     https://t.co/1jJdaUcCqa,-1,-1,1,0,0,1
"Wenn man sieht welche Autoritäre Gurkentruppe  tweetet wird einem klar warum Deutschland so unendlich am Arsch ist, und wie die Grünen so viele Stimmen Sammeln.",-1,-1,1,1,1,1
"AfD Scheiße, CDU Scheiße, FDP Scheiße.... Nicht wahr? Es lebe der neue Sozialismus! 
https://t.co/zqT69knbPS",-1,-1,1,0,1,1
"Hinterfotzig sind eure Bullen,mit 4 auf einen und dann haut der Milchbubi noch wie ein 3 jähriger von oben auf den Kopf. Aber ihr dummen  Schafe benennt ja auch nen Sportplatz nach nem Kriminellen. Bevor ihr auf andere Staaten zeigt, von wegen Polizeigewalt,kehrt vor eurer Tür.",-1,-1,1,1,1,1
"Wenn Sie kackbraune Scheiße blau übermalen wie der kleine Anstreicher Chruppala bleibt es kackbraune AfD-Scheiße.

Setzen Sechs, Chrupalla!

 entlarvt die ALTPARTEI AfD!
 https://t.co/W4zCnEsTTM",-1,-1,1,1,1,1
"Warum sehen eigentlich  schon immer so aus, als ob sie voll die echten Blitzbirnen wären?",-1,-1,1,0,0,1
"was hat Meinungsfreiheit bitte mit Rassismus zu tun? Mal davon abgesehen, dass du als Cis-gendered, Heterosexuelle WHITE WOMAN schon garnicht von Diskriminierung sprechen solltest.",-1,-1,1,1,1,1
"Die JuLis NRW verzapfen nicht nur etwas im Netz, sondern führen auch Grundlagen-Seminaren mit Leuten wie Thorsten Polleit durch. Polleit ist Schüler vom Demokratiefeind Hoppe und will wie er den Staat komplett durch Privatwirtschaft ersetzen. https://t.co/Rhmvh35VzY",-1,-1,1,1,1,1
"Es ist . Das ist vollkommen klar. Jeder der sich ein wenig mit dem Holocaust beschäftigt hat und vor allem mit dem jüdischen Leben vorher, muß die Parallelen erkennen. Allein die Impfpriorisierung der Barmer spricht eine deutliche Sprache",-1,-1,1,1,1,1
Kann es sein dass du dumm bist es gibt ein Unterschied zwischen Israel und  Judentum !!! Like Israel ist ein ekelhafte Nation judentum ist ein schöne Religion. Also HDM,-1,-1,1,1,1,1
"Was bist du ein politischer Lump. Stefan Zweig lebte von 1881 bis 1942, zitierst hier aus seinem Buch und überträgst es so in die heutige Zeit. Das kann nur ein fanatischer, Linker Schmarotzer, der von Anette Kahane bezahlt wird.",-1,-1,1,1,1,1
schleppen die Deutschen seit Jahrtausenden mit sich herum. Das behindert auch den einzelnen Polizisten in der Wahrnehmung von Gut und Schlecht. Wer scheißt denen regelmäßig ins Gehirn?...denn mit Normalität hat das nichts mehr zu tun.,-1,-1,1,1,1,1
"Das sind KEINE Flüchtlinge, sondern Wirtschafts-Migranten und zwar FAST alle !!      :  Die Flüchtlings-Frau mit der 3000-Euro-Designer-Jacke oder:  Die Flüchtlings-Verarschung, Zwangs-Islamisierung und Umvolkung Deutschlands gehen immer weiter !!: https://t.co/nhPM4ei3QL",-1,-1,1,1,1,1
".....das lichtscheue Gesindel aus einer Melange von Antifa, Verdi, SPD und Migranten zeigt mal wieder seine hässliche, linksgrüne Fratze!",-1,-1,1,1,1,1
Ach wirklich? Ich hätte gedacht das sich so ein Virus mit Millionen einfach ausschalten lässt. Die Politiker sind solche Vögel. Sobald das normale leben wieder beginnt werden sich immer wieder Leute anstecken da kann nicht immer ein lockdown her,-1,-1,1,1,0,1
"Quatsch! 
Dieses Journalistenpack welches diesen Brief gegen Reitschuster verfasste, ist vergleichbar mit dem Gendergaga-Pack, das 2/3 ablehnen

Minderheit,
anmaßend,
undemokratisch,
diktatorisch,
Feinde der Meinungsfreiheit

Aber eines garantiert nicht, Sprecher für die Bürger.",-1,-1,1,1,1,1
"Bin SPD Mann als Gastarbeiterkind. Wähle das erste Mal grüne. Sollen aber dafür sorgen Merz fernzuhalten. Ob ich1.80 oder 2.20 Benzin zahle ist es mir wert . Nach Frau Merkel kein Bock auf Nazis wie Söder , Merz und Hure laschet",-1,-1,1,1,1,1
Alter was ist euer Problem? Darf man hier nichts mehr rein posten was euch nicht passt Punkt ihr macht mich nicht klären das schafft er nicht der Gangster zu dir wäre ich auch gegen die Nazis aufgestanden und euch Kreaturen muss man bekämpfen,-1,-1,1,1,1,1
"Beim Beten sagen wir das. Aber bei so einer Erwin brauchst du nichts hoffen. Eine Deutsche drecks fotze die meint, dass das direkt Terroristen sind.",-1,-1,1,1,1,1
Wer weiß..Diese Eliten sind hinterhältig! Und dann noch eine Asylbewerberin,-1,-1,1,1,1,1
"Mal wieder krasse Kommentare hier. Die bürgerliche Mitte steckt teilweise so tief im Arsch der Polizei, dass sie ganz braun wieder rauskommt",-1,-1,1,1,1,1
Richtig diese schamlose Gewalt der linksterroristen gegen die Polizei ist eine Schande wann wird endlich geschossen auf dieses pack,-1,-1,1,1,1,1
"Selbst zum Ballon fliegen lassen sind  Querdenker zu dämlich. Ich gehe jede Wette ein das man das falsche Gas zum füllen genommen hat. Und solche IQ Zwerge wollen die Regierung stürzen. Ich pisse mich gleich ein vor lachen. 
 https://t.co/Y9cyvOylyE",-1,-1,1,1,1,1
"Nachdem die  durch gesteigerte  &amp; reduziertes  in etlichen Berufsgruppen dafür gesorgt hat, dass Bürger &amp; Bürgerinnen keine freie Wahl mehr haben. ""Küsschen, ?""",-1,-1,1,1,0,1
"14:05 - überall Bullen, lassen Menschen nicht durch 

  
Dammtor",-1,-1,1,0,0,1
"Ich sags der Antifa und du Spahn, Merz, Maaßen, Seehofer, Amthor und den anderen Knalltüten.

Die Rechten und Querdenker haben sich bereits soweit aus dem Konsens rausbewegt, da braucht man glaube ich nicht mehr mit reden.",-1,-1,1,1,1,1
"ist völlig überflüssig und NUTZLOS  wie die gesamte, dauerzerstrittene AfD-Chaotentruppe.

 entlarvt die einzige ALTPARTEI AfD

 https://t.co/hdoYFKHDm9",-1,-1,1,0,1,1
Dafür braucht es keine Studie!! Gangsta Rap befördert Antisemitismus! die Rapper sollten einmal zuerst ihr Hirn einschalten!!,-1,-1,1,1,1,1
"Nein, aber in Deutschland leben Deutsche. Das ist ihr Land, und die problematischen Deutsche sind unser Problem. Aber problematische Nichtdeutsche sollten nicht das Problem Deutschlands sein. Erklär mir bitte, warum ein Vergewaltiger aus z.b. Syrien hier leben soll?",-1,-1,1,1,1,1
"""Querdenker""-Experte: ""Keine Impfungen gegen Verschwörungsideologien""  https://t.co/XuJNGXZeiv via  Diese Dummen die hoffendlich alle sich anstecken und und nicht behandelt werden dürften solch kranke Hohlköpfe",-1,-1,1,1,1,1
Die Demo-Teilnehmer verhöhnen die Corona-Opfer ebenso wie  und . Es ist ein Schlag ins Gesicht der Pflegekräfte und Ärzte in den Kliniken.,-1,-1,1,0,1,1
"Tja, das habt ihr jetzt davon beim linksgrün versifften Gender-Gaga Mist mitzuspielen 
 
Da ist alles sexistisch und böse",-1,-1,1,1,1,1
Dir geht es gerade wie : Deine Parteifreunde und Moralmonopolisten können Satire und Kunst nicht von Rassismus und Demagogie unterscheiden. Deshalb sollt Ihr mundtot gemacht werden.   ! https://t.co/x8vukT4tvA,-1,-1,1,1,1,1
"Alter.. ich bin so ner Liste gefolgt um ein bisschen in die Jura-Bubble zu kommen. Jetzt habe ich dauernd so widerliche Querdenker-Tweets in der Timeline, die mich jedes mal einfach nur zum Kotzen bringen...",-1,-1,1,0,0,1
Ich freue mich sehr auf ein baldiges Verbotsverfahren der faschistischen AFD! Ihr widerliches Rechtes Gesindel gehört weggesperrt!,-1,-1,1,1,1,1
"Was für ein unsinnige Kommentar. Es geht nicht darum, dass diese Leute deutschen Pass haben sondern Deutsche mit Migrationshintergrund sind und Anhänger einer bestimmten Religion. Das sie den deutschen Pass haben macht es höchstens schlimmer.",-1,-1,1,1,1,1
"- er ist ekelhafter  Lügner 
Alte Bilder als neue zu verkaufen - so dumm dreist machen nur nazis!",-1,-1,1,1,1,1
"Soft-Islamisten die finanziert vom Rundfunkbeitrag so ne Kacke ins Internet rotzen.
https://t.co/XK0f4IEsYM",-1,-1,1,1,1,1
Seit wann hat die   mir etwas zu sagen? Dieses Schmierblatt  soll sich mal lieber an  halten!!,-1,-1,1,0,1,1
"Ich vermute, die Analyse ist zu einfach. Als junge Frau in einer Führungsposition stelle ich oft fest: Männer empfinden uns als Provokation. Sie fürchten Bedeutungsverlust. Wir schreddern ihr Weltbild. Wir beeinflussen ihre Töchter und stärken ihre Frauen. Eine Theorie",-1,-1,1,0,0,0
"Wir werden diese Dreckspostille  nicht verbieten können. Aber wir können Druck machen, um ihre Reichweite einzuschränken.  bietet Bild+ kostenlos. Vertrag bei Vodafone kündigen z.B.  
Wenn  innerhalb weniger Tage zerstört wurde, schaffen 1/-",-1,-1,1,0,1,1
"Genau, der hat seine widerwärtige, diskriminierende, menschenverachtende Kackscheiße einfach schlecht formuliert!
Mit den sinnverdrehenden, Verschleierungsphrasen, die die AfD sonst so an den Tag legt, käme das Ganze viel harmloser rüber!",-1,-1,1,0,1,1
"Oh mein Gott, wer nur etwas Verstand im Kopf hat wählt niemals Laber Laschet. CDU, das kann nicht wirklich euer Ernst sein. Na dann mal viel Spaß unter der 5%.",-1,-1,1,1,1,1
"Alter hast du dir mal die Quellen vom Volksverräter angeschaut? Antonio Stasi Stiftung?? Junge Junge ihr deutschen Propaganda Opfer seid echt der Beweis, dass 1933 ein leichtes Spiel war.  Desweiteren was ist strafbar an diesen Aussagen?",-1,-1,1,1,1,1
"https://t.co/DXD1umcC8z Versuchs einfach mal bei Google. die alte hat nicht alle Latten am Zaun schön Regierungstreu. Die sollte sich besser mit Chemie beschäftigen von einer Pandemie hat die 0,0 Ahnung. genauso wie von den Wirtschaftlichen Folgen durch den Irrsinn.",-1,-1,1,1,1,1
"Naja bulle bleibt nun mal Bulle...

Was mir nur sorgen bereitet ist das eine rechte gruppierung stark genug ist und bereit so was durch zu ziehen.

Aber Bulle bleibt nun mal Bulle, wenn bei ner linken demo sowas abgezogen wird wehren sich die leute ja auch. 
Von daher",-1,-1,1,0,1,1
"Du meinst über ""Spenden "" von der Afd..Und sorry. Wer die Afd wählt ist per se ein Depp. Wer Nazis und Rechtsradikale wählt ist ein Depp. Wer Menschenverachtung wählt ist ein Depp. Wer 1933 zurück will ist ein Depp. Punkt",-1,-1,1,1,1,1
Bzgl. Antisemitismus sollte man als Grünin am besten ganz still sein. Oder wie es Anhänger der Grüninen und Linken sagen würden: „die Fresse halten“. https://t.co/PG6vBTlUSg,-1,-1,1,0,1,1
Hieß so nicht der Nazi Opa von Beatrix? Bleibt halt in der Familie,-1,-1,1,1,1,1
"Wir werden ihn finden. Schließlich wird seine Brühe auf der ganzen Welt verabreicht.
Die Jagd nach dem Arsch wird Kultr- Religion- und Systemübergreifend sein.
Sie werden gejagt werden wie seinerzeit die Nazis.",-1,-1,1,1,1,1
"Wie blind muß man sein. Der Antisemitismus kommt aktuell ausschließlich von Migranten und das muß gesagt werden. Es  nützt nichts,  das jetzt durch Schreinargumente  verteidigen oder abschwächen zu wollen",-1,-1,1,1,1,1
"Heutzutage sind Parteien wie Prostituierte ( sorry) .Egal ob afd, CDU CSU, FDP oder Grüne. Sie erheben die Stimme für diejenigen die mit Geld um sich schmeißen, nicht jedoch für die anderen braven Bürger. ( siehe cdu/CSU Immobilienkonzern bei Bundesgesetz für ein mietendeckel)!!",-1,-1,1,1,1,1
"Brechtken, Panthea und Argo Nerd sind also lediglich ""kritische Personen"". 
So kann man das Gebaren dieser faschistoiden, gegen Fakten immunen Taugenichtse natürlich auch bezeichnen - wenn man genauso dämlich ist wie sie.
   https://t.co/V0TSssM9UR",-1,-1,1,0,1,1
"ja aber dieses strunzdumme Grünenweib ist doch mal so hohl wie eine leere Mülltonne. Null und nix in der Birne
aber auf Kanzlerin- Kandidatin machen. 
Da bleib ich doch bei der AFD, der einzigen Partei in Deutschland die noch für das Wohl des deutschen 
Normalbürgers kämpft.",-1,-1,1,0,1,1
"Die offizielle Fehlerquote des PCR Test führt schon zu 20.
Das heißt lebenslangen Lockdown.
Und diese Fascho Fanboys mit rotem Punkt kapieren das nicht.",-1,-1,1,1,1,1
"Die eigentliche Frage ist doch, für wen arbeitet die ? für die Bürger, betroffenen, kranken, verzweifelten oder etwa für das Virus? Derzeit wird das Vertrauen, der Zusammenhalt der Bevölkerung pulverisiert...und NUR das Virus freut sich! ..über diese Inkompetenz",-1,-1,1,1,0,1
Ich frage mich gegen was diese bescheuerten ewig gestrigen ungebildeten Querdenker demonstrieren wenn das Thema Corona in den Hintergrund tritt. Wahrscheinlich ist es das Thema Klimawandel.,-1,-1,1,0,1,1
"Deutschland hasst Menschen. Es ist Nazi geblieben. Wer sich für Herkünfte (z.B. aktuell dunkelhäutige) stark macht, für Kinder, Frauen, sexuelle Orientierungen, alte, linke, kurz Menschen sortiert, ist ÜBELSTER FASCHIST. Ein menschlicher Mensch tut das nicht. ALL LIVES MATTER!",-1,-1,1,1,1,1
"Das ganze liest sich wie ne  Artikel . Dann lese ich Journalistin bei Welt am Sonntag. 

Das Recht sich zu wehren streitet Isreal Niemand ab.
Wie die Sicherheitskräfte das umsetzen und das dabei Kinder sterben müssen ist zu kritisieren.",-1,-1,1,0,0,0
"Mensch Jensi. Jetzt habt ihr nach 6 Monaten Lockdown die Bundesnotlüge an den Frühlingsanfang gesetzt. Und oh, welche Überraschung. Die Zahlen gehen zurück. Wie in ganz Europa. Für wie dumm haltet ihr uns eigentlich? Obwohl, 93 % wollen sich wahrscheinlich impfen lassen. Läuft...",-1,-1,1,1,1,1
Warum muss man jetzt ausländische Antisemiten importieren?,-1,-1,1,1,1,1
"Es wird seine Gründe haben, warum der Stammtischheini Dr.  noch nie von einem Wissenschaftler retweetet wurde?!

Er ist ein Blödheitsmultiplikator.  """" https://t.co/u1C7YHPh8d",-1,-1,1,0,1,1
"Naja, das die  eine  Partei ist, darf er ja nicht sagen. Sonst kommen ja, wie in Belarus Klagen. Das meinen diese Faschisten unter : Nur Ihre Meinung gilt, andere werden 'gejagt', 'entsorgt', oder direkter, gleich 'an die Wand gestellt' und 'erschossen'",-1,-1,1,1,1,1
"Stefan Homburg ist nur ein harmloser Spinner den keiner ernst nimmt, außer ein paar  Vollidioten hier auf Twitter! Sonst ist er einfach ein armseliger möchtegern Patridiotischer Professor.",-1,-1,1,1,1,1
"Nach ihm sollte eigentlich Merz sprechen, der Fichtenelch könnte jedoch nicht landen",-1,-1,1,0,0,0
"Es ist die EU die die Armut in der sog. 3.Welt fördert und damit die Fluchtlingsströme befeuert. Und das ganz wissentlich im Interesse der internat. Food Industry. Es gibt zig Dokus darüber.
Genmanilpukierte Lebensmittel machen Bauern von der Industrie abhängig.",-1,-1,1,1,0,0
"Hier twittert Timon Dzienus, ein grüner Vollidiot und Linksterrorist (Antifa). (wir dürfen Sie doch so nennen, oder?)

Profil:
Bundesvorstand 
 | Nazis blockieren |  |  |  | Insta:",-1,-1,1,1,1,1
"Richtige Deutsche gehen nicht in eine Shisha-Bar sondern auf eine -Demo.
Natürlich nur mit ""Ungeimpft""-Stern.",-1,-1,1,1,1,1
"Nee, mit Frau Baerbock wäre es ein Aufbruch in bessere Zeiten! Die  ist jetzt schon ein Fliegenschiss in der politischen Geschichte.",-1,-1,1,1,1,1
Weil die Aktionen von Greenpeace immer lächerlicher werden und an  eigentlich mit einer verbrecherischen Organisation gleichgestellt werden soll.  Umweltschutz und Änderungen einfordern legitimiert nicht Körperverletzung.,-1,-1,1,0,1,1
"Schöner Aktionsgedanke aber leider echt verkackt. Und an die ganzen Hater hier: seid ihr eigentlich auch so empört darüber, dass die Autoindustrie tagtäglich tausende Menschenleben gefährdet?",-1,-1,1,0,0,1
"Scheiss Kommunisten.
Einen ganzen Block zerstört und Jun ersuchen sie es, indem sie sich den Islamisten Anbietern.

.. 
.. 
Ihr seid eine Minderheit und das ist gut so.",-1,-1,1,1,1,1
Was ich fiel interessanter finde ist das du gesperrt wirst aber AFD Politiker zum Mord an Menschen aufrufen dürfen und ihren Rotz trotzdem weiter in die Welt Tweeten dürfen,-1,-1,1,1,1,1
"Halt einfach mal du die Fresse, du FfF Dummbot.",-1,-1,1,0,0,1
und trotzdem kriecht die Schweiz USA und Israel in den Arsch,-1,-1,1,1,1,1
"Nein, unglaublich wie Sie und die
anderen Leerhirnis hier wieder die
Wissenschaft angreifen und Leugnen . Unfassbar das Ihr immer noch kein Ende findet . Jede Wissenschaftliche Aussage wird von Euch verrohten , Emphatilosen Egomanen niedergebrüllt . 

Ihr seit eine Minderheit.",-1,-1,1,1,1,1
"Dieses  hat es nach fast 70 Jahren immer noch nicht geschafft, eine richtige Zeitung zu werden.
Und man merkt es an diesem Aufmacher wieder, dass  aktuell ist wie  1952, als ein gewisser Springer seine ganz üble Geschäftsidee hatte.",-1,-1,1,0,0,0
"Die sind halt ausser sich vor Freude, dass sie die Juden endlich los sind; jetzt kann man sich getrost und lautstark dem ""naechsten Problem"" zuwenden.",-1,-1,1,1,1,1
&gt;&gt;Auch das Schlagwort Globalisten kann eine antisemitische Chiffre für „die Juden“ sein.&lt;&lt; Wenn linke Schwurbler phantasieren....,-1,-1,1,1,1,1
Ach zu dumm zum scheißen Trinchen. Die braune Kacke staut sich bei dir schon im Gehirn,-1,-1,1,1,1,1
"Ach, du willst also lieber dass dein Kind sich und andere gefährdet? Meine Fresse, ihr egoistischen Realitätsverweigerer geht mir auf den Zeiger",-1,-1,1,1,1,1
"Sie Profitieren davon, dass viele Menschen nicht mehr Wissen wie das Gehirn zu gebrauchen ist! Der Staat sagt etwas und so muss es dan ja auch Sein... Kleines Beispiel gefällig!? Israel und die Rampenpanik... Der Mensch geht über Leichen, Wort wörtlich!",-1,-1,1,1,1,1
Nicht unterkriegen lassen... auch die die Denken das diese Regierung immer noch alles Richtig machen werden irgendwann Wach werden... Spätestens wenn die Grün uns auch noch den Rest würde genommen haben... wir sind doch jetzt schon die Lachnummer der Welt...,-1,-1,1,1,0,1
Wenn man Applaus von der AfD bekommt...   https://t.co/ftAWAVX0fM,-1,-1,1,0,1,0
"Die  inszeniert sich als politische Mitte und verspricht Sicherheit, aber das ist gelogen. Die CDU ist keine Sicherheit. Sie ist Rechtsruck, Terror, Abschottung, Abschiebung, Aufrüstung, Abbau demokratischer Grundrechte, Angst, Rassismus, Rückschritt. Die CDU schießt mit. https://t.co/WvpM9EtmiO",-1,-1,1,1,1,1
"Ich glaube ihr Blaunies habt einfach ein grundlegend falsches Verständnis des Begriffs ""Meinung"". Wenn man sich die intellektuelle Ebene der AfDer so anguckt, dann ist das aber auch kein Wunder.",-1,-1,1,0,1,1
"Ich bin bass erstaunt, wie viele Leute, die in ihrer Bio mit ihrer FDP-Mitgliedschaft kokettieren, den blaubraunen Dreck der  und deren ""Personal"" teilen.

Nun ja, man sollte sich nicht allzu sehr wundern, Gleich und Gleich gesellt sich gern.",-1,-1,1,1,1,1
Tja das ist ein Problem aber so ist es halt wenn man mit Feiglingen in einem Land lebt und sich demokratischen Regeln fügt. Diese Pandemie hat gezeigt wie zerbrochen unser Land ist. Bin froh wenn ich hier weg bin.,-1,-1,1,0,0,1
"keine Maske, nicht testen und nicht impfen lassen

da hat die -Tussi halt Pech gehabt!

 haben nichts in der Birne und können deshalb auch beruflich nix werden.

sieht man auch am  ;-)

die  scheint auch nichts können. Ausser dumm labern.",-1,-1,1,1,1,1
"Hört erstmal mal auf, die manipulierten Zahlen der DIVI für eure masochistischen Lockdown-Phantasien zu benutzen. Während unsere ITS „volllaufen“, haben wir gleichzeitig die geringste Sterblichkeit seit Jahrzehnten! Lockt euren eigenen Arsch down und holt euch euren Jab.",-1,-1,1,1,1,1
Korrektur: AfD ist das Gegenwicht für Ewiggestrige und Idioten.,-1,-1,1,1,1,1
"Gehörst du eigentlich zur Masse der Mitläufer in eurem Todeskult, zu den wahrscheinlich gut bezahlten Durchseuchungspropagandisten oder zur Elite der  (eher nicht, schätze ich). Und wer hat dieses Mal die Dogwhistle geblasen, mich zu stalken?",-1,-1,1,1,1,1
Die AfD zu verhindern wäre schonmal ein sehr guter Anfang und auch ein wichtiges Signal.,-1,-1,1,0,1,0
"Hey  Was isn mit der nich in Ordnung ? is dir dit Wochenende nich bekomm oder wat geht hab bei dir ? Noch so nen Ding und  Frechheit  wer is euch schonmal vorgeschlagen worden wo ihr  könntet 
    https://t.co/ugOxprXYGo",-1,-1,1,0,0,0
"Niveauloser, zwangsfinanzierter Dreck mit selbsternannten Spezialisten.",-1,-1,1,0,1,1
Und dann irgendwelche scheinheiligen Entschuldigungen- ihr seid ökoterroristen,-1,-1,1,1,1,1
"Mein Respekt das sie sich so Mühe mit schreiben machen und erklären für ungebildete die nur einseitig sich informieren und nur unseren zensurierten westlichen Medien glauben. Solche die sich nur einseitig ""bilden"" und meinen sie wissen Bescheid, ignoriere ich oder Klo runter",-1,-1,1,1,1,1
Merkel kann jetzt die Maske fallen lassen. Ich gönne es aber den Trotteln von der CDU die sich aus machtgeilheit von einer überzeugten Sozialistin haben ab der Nase rumführen lassen.,-1,-1,1,1,1,1
Da könnt ihr sehen wer die wahren aggressiven sind aber die Journalisten helfen euch nicht die schweigen darüber na haben die Migranten und die Antifa wieder mal Gas gegeben. Selber schuld ihr schützt sie ja und die Politik schützt dir auch kein Mitleid,-1,-1,1,1,1,1
"Und wenn man diese Tierquälerei+Straftat(Diebstahl) nicht toleriert ist man ein Nazi.

So einfach macht man es sich hier und vor allem diese Linksgrünen.

Es geht mir einfach nicht in den Kopf warum solche XXXX nicht SOFORT abgeschoben werden.
Falsche Toleranz !",-1,-1,1,1,1,1
"Die -Sekte in  instrumentalisiert wieder mal ihre Kinder. Können da nicht endlich mal die Behörden tätig werden? 
 
 
 

 Was für ekelhafter Abschaum.   https://t.co/11Iygv9heh",-1,-1,1,1,1,1
"Wenn  nicht als charakterloser Haderlump und Stiefellecker von  in die Geschichtsbücher eingehen will, dann überlässt er  den  Vorsitz und auch die -Kandidatur! https://t.co/05VLuADZhT",-1,-1,1,0,1,1
"April 1980

Helmut Schmidt Kanzler
Stabile Mulle am Playboy-Cover
Chinesen fressen Reis oder gar nichts
Shining im Kino

April 2021

Merkel Kanzlerin, Baerbock/Söder/Laschet folgen
Fette Kuh am Playboy-Cover
Chinesen ficken uns trocken und hart
Kinos zu

Früher war alles besser",-1,-1,1,1,1,1
"Verstehe, dass  kein freundlicher Hashtag ist, aber  gilt dem Schmierblatt BILD, das selten freundlich ist.

Solange mir für  nichts Freundlicheres einfällt, sehe ich   als Platzhalter für .",-1,-1,1,0,0,0
"Hat jemand ernsthaft erwartet, dass die  sich für das Leben von anderen (außer das ihrer Klientel)  interessiert? Egoismus in Reinkultur und menschenverachtender Zynismus werden analog  kaschiert durch eine heuchlerische Sorge um die Demokratie.  https://t.co/DeyR9OUxW7",-1,-1,1,0,0,1
"jeder der für dieses Drecksblatt arbeitet ist absoluter Abschaum. Ihr seid keine Journalisten. Niemand von euch!
Ihr seid einfach nur ekelhafte Unmenschen. Allen voran . https://t.co/5QKPv5Qwi5",-1,-1,1,0,1,1
Deshalb zeige ich Rechtsextremen die rote Karte - in Sachsen-Anhalt genauso wie überall in Deutschland. Die AfD ist eine Bedrohung für den demokratischen Zusammenhalt in unserer Gesellschaft. Die AfD will spalten. Wir müssen entschlossen gegenhalten!,-1,-1,1,0,1,0
"""Rechte Idiologie"" oder auch Rechtsextremismus ist trotzdem nicht nur auf deutsche begrenzt alleine die Grauen Wölfe der Türken haben vermutlich trotzdem alle einen deutschen Ausweis wie auch andere Muslime wo schon länger in DE sind und die zählen dann als ""Deutsche""",-1,-1,1,1,1,1
"Traurig daran ist, dass die heutige  als gewalttätiger SPD- und Linken-Sturmtrupp viele wirkliche Antifaschisten abstößt  und sogar diskreditiert.
Darum:
Jeder anständige Mensch ist . Aber kein anständiger Mensch ist .",-1,-1,1,1,1,1
"Hätte ich gewusst, dass die Demokratiefeinde und Lockdown-Fans einen  lancieren, hätte ich gestern Abend seit Jahren mal wieder eingeschaltet.",-1,-1,1,1,0,0
Pfui Teufel  ! Das ist jetzt also der ? Propaganda und Lügen einer Göre und  linkslinken Blogs teilen und  über  einen gestandenen Staatsdiener verbreiten? Ihr seid mittlerweile das allerletzte und jeder Cent für diesen überflüssigen ! widerlich!,-1,-1,1,1,1,1
"Klasse. Hier sammeln sich direkt die drecks Nazis unter diesem Beitrag - mit ihrem peinlichen Gejammer um die bösen Immigranten, die ausnahmslos ,braven Deutschen’ und ihren Frauen etwas Böses wollen. Peinlicher Haufen übelster Unterschichten-Abschaum.",-1,-1,1,1,1,1
"Danke an die Great Reset Macher BillHates, Das Merkel, den NaziProfessor und an alle anderen Eugeniker die für so einen Horror auf Erden sorgen, wegen einer Krankheit mit IFR 0,15%. Schämt euch!! Ihr seid totaler Abschaum!! 
 https://t.co/9BGw1LUagQ",-1,-1,1,1,1,1
"Wenn ""Linke"" pazifistische Anarchisten / anarchistische Pazifisten bei afd und noch rechter verorten, würde ich eher an deren Verstand zweifeln. Meiner funktioniert. Ich mache morgens immer den   ;-)",-1,-1,1,0,0,0
Seit ihr so verblendet oder geil auf Lungenkrankheiten? Diese scheiss FFP Lappen machen die Lunge kaputt. Kann man nicht stundenlang bei der Arbeit tragen. Nur in der Merkel Dermokratie Pflicht. Aber Spahn muss seine Bestände ja los werden.,-1,-1,1,1,1,1
"Es schrieb heute jemand: 
""Verarschen kann ich mich selbst"".
Das stimmt nicht! 
So prall, wie das die Merkel-Regierung kann, würde man das selbst auch mit Mühe nie schaffen.",-1,-1,1,0,0,1
"Unsere niederen Wesen, wie Bettina die keine Ahnung haben, wie die DDR wirklich war. Bildung absolut misslungen und erzählt nur Bullshit. Was ne Schande, typische Querdenker, dumm wie Bohne. 
Die Opfer von damals, würden Sie am Liebsten ins Grab ziehen.",-1,-1,1,1,1,1
"Das war eine dämmliche, falsche Aktion von . Aber dass Sie und andere Politiker der Union den Entzug der  fordern, zeigt nur ihr autoritäres Denken. Der Vorfall dient als Vorwand um kritische Zivilgesellschaft mundtot zu machen. Orban lässt grüßen!",-1,-1,1,1,1,1
"Können wir bitte alle mal zusammen legen und uns die Union kaufen? Es ist einfach nicht mehr auszuhalten...diese widerlichen Schmierlappen setzten die Gesundheit und das Leben von 100.000 aufs Spiel. Würde es aber dafür eine Lobby geben, wir hätten schon längt",-1,-1,1,1,1,1
Querdenken gehört endlich  eingestuft. Ihr braunen Querdenker Nazis könnt froh sein das ihr das nicht in der USA abgezogen habt. Da währt ihr in Säcken abtransportiert worden. Und teilt endlich genug Polizisten ein. Wie unfähig kann man sein. https://t.co/p8PITvzAOp,-1,-1,1,1,1,1
"Dumme Hohlbratzen finden Sie nicht in der AfD Fraktion, alles ordentlich gebildete, mit echten Dr Titel und somit keine Betrüger! In den Altparteien stecken so unglaublich viele Betrüger und nicht gebildete, siehe Baerbock und Co, dass es einem übel wird. Da gehören Sie dazu!",-1,-1,1,1,1,1
"Priester von der Kanzel herab mit Nazikeule:
Wählt nicht AfD ihr Schafe!  
Kirchen erhalten wegen 1933 mit Hitler geschlossenem Reichskonkordat jährl. Milliarden! Die Einhaltung des Konkordats wird verlangt! Das ist wahrhaft Verlogen! Bischofsgehälter zahlt nicht die Kirche Nein! https://t.co/QYDvKXmkeU",-1,-1,1,1,1,1
"habe keine rechtsnationale Einstellung sondern lebe mit den Tatsachen, die sich hier in Deutschland seit 2015 abspielen. Bin für ein Einwanderungsgesetz aber nicht für eine Islamisierung um den Sozialstaat zu unterwandern, das Ziel der Linken.",-1,-1,1,1,1,1
"2. 's Regierung ist eine Koalition aus rechtsextremen Organisationen. 
&gt; HaTzionut HaDatit und andere religiös-zionistische Parteien sind homophob, sexistisch und sind für jüdische Vorherrschaft und . 

https://t.co/6kOukxYi31",-1,-1,1,1,1,1
"Ich bin bass erstaunt, wie viele Leute, die in ihrer Bio mit ihrer FDP-Mitgliedschaft kokettieren, den blaubraunen Dreck der  und deren ""Personal"" teilen.

Nun ja, man sollte sich nicht allzu sehr wundern, Gleich und Gleich gesellt sich gern.",-1,-1,1,1,1,1
Nur weil man sich nicht eurem Israel Dogma hingibt ist man kein Trottel ... wer das nicht versteht ist eher ein Trottel oder Cem Özdemir Groupie wie sie ...,-1,-1,1,1,1,1
Dieser herablassende Blick eines Mannes auf eine Frau und dieses herablassende Lachen..... so etwas müsste inzwischen echt ausge-merz-t sein,-1,-1,1,0,1,1
"Ich will jetzt nicht der böse sein dave aber auf die stimme eines einzelnen hören die Querdenker nicht. Die politiker schaffen es zusammen ja nicht das die mal zuhören und anfangen zu denken. Ist wie mit zombies reden, Hirntote können nicht verstehen was man ihnen sagt.",-1,-1,1,1,1,1
"""Israelische Angriffe haben  „um Jahre zurückgeworfen“""

...und die Infrastruktur und die Menschen dort in die Steinzeit gebombt.  züchtet die Terroristen von morgen.

  

https://t.co/3YSqfSwKoz",-1,-1,1,1,1,1
"Nein, das bedeutet dass Agitatoren wie Sie Schuld am Tod von Menschen sind, Pflegepersonal war Querdenker und ungeimpft. Der Impfschutz bei einigen Älteren noch nicht genug ausgeprägt. Ohne Impfung wäre es eine Katastrophe gewesen.",-1,-1,1,1,1,1
"Da spielen zwei Teams, die beide Opfer eines Terroranschlags geworden sind, das erste mal wieder vor Publikum. 

Und  so: lass uns mal einen Terroristen ins Stadion schicken, die werben da für ein Unternehmen das wir scheiße finden.

Greenpeace scheißt auf Menschen.",-1,-1,1,1,1,1
"Dabei war es doch die CDU, die echten Nazis eine neue politische Heimat gaben. Aber echtes Wissen scheint ja Populist*innen wie Sie nicht zu interessieren. Hauptsache gepoltert.",-1,-1,1,1,1,1
Vielleicht die tausenden Toten die dieser Drecksverein auf dem Gewissen hat?,-1,-1,1,1,1,1
"Niveauloser, zwangsfinanzierter Dreck mit selbsternannten Spezialisten.",-1,-1,1,1,1,1
"Nah Merkelschin auch das hast du zu verantworten mit deiner Blödsinnige Politik mit Erdogan müssen noch mehr Waffen und Milliarden in Arsch stecken man sollte sie Frau,,Merkel unter Hausarrest stellen.",-1,-1,1,1,1,1
"Deine Scheißpartei hat jahrzehntelang rechtsextreme Gewalt verharmlost, nichts unternommen und die Aufklärung von Straftaten aktiv verhindert. Und dann kommt so ein 16 jähriger Spießer im Anzug wie du um die Ecke und erklärt uns allen, was sich gehört und was nicht. Schleich di",-1,-1,1,1,1,1
"… Sie sprechen sicher vom massenhypnotischen Phänomen Covid 19, dem die primitiven Nachkommen unserer Vorfahren hirnlos folgen.",-1,-1,1,1,1,1
"Dieses ""DRECKSPACK"" hat keinen RESPEKT! 
Nicht vor den Menschen, nicht vor unserem Land &amp; unseren Werten!
Schon gar nicht vor unserer Polizei! 
Es ist eine SCHANDE, was wir uns von diesen KRIMINELLEN &amp; ungebetenen ""GÄSTEN"" in unserem Land gefallen lassen!
Raus aus Deutschland!",-1,-1,1,1,1,1
Nur AFD Mitglieder lecken sich gegenseitig das braune Popoloch,-1,-1,1,1,1,1
Wieso gibt es in Deutschland einfach kein kompetentes Personal eigentlich? Niemand kann seinen Job! Jeder redet sich raus. Wie unterirdisch muss es diesem Land gehen das so ein Minusperformer wie laschet Kanzlerkandidat wird!,-1,-1,1,0,0,1
"Ne, ich hör das von AfD-Politikern, auch hier auf Twitter. Kann sein, dass das nur Scheißhausparolen sind, die AfD erzählt ja viel, wenn der Tag lang ist.",-1,-1,1,1,1,1
Die Querdenker sind 100 mal radikaler und vernetzter. Regst du dich auch über die auf?,-1,-1,1,1,1,1
"Ich finde man kann als Linker da nicht wirklich mitlaufen. Oft genug weist man da ja auf Querdenker Demos hin, wer da alles mitmarschiert. Und wenn muss man sich auch mit Plakaten usw klar davon nicht nur distanzieren sondern offensiv gegen solche Arschlöcher vorgehen",-1,-1,1,0,0,1
Haut weg diese Querdenker! Danke,-1,-1,1,1,1,1
"Ich glaub es hackt.
Ein paar ursprünglich namhafte Schauspieler scheinen jegliche Form von Anstand&amp;Rückgrat verloren zu haben und die rechten Schwurbler bekommen 'nen feuchten Schlüpper vor Freude.
Das hat's jetzt noch gebraucht.Nicht.",-1,-1,1,1,1,1
"Kirchner macht klar, mit welchem Niveau zurechnen ist...",-1,-1,1,0,0,0
"Faschismus ist aber keine einfach Meinung oder Lager, sondern die Leute der AfD sind Feinde der Demokratie!",-1,-1,1,0,1,1
"Der Betreiber ist Holocaustleugner, Antisemit, verbreitet die Ritualmordlegende. Wer das teilt, teilt die Meinung des Herren Unz. So einfach ist das. Noch paar andere Aussagen zu Herren ?  
https://t.co/mngCiDZnAN",-1,-1,1,1,1,1
"Antifa-Clowns waren schon immer unverschämt und argumentationsbeschränkt. Kausalzusammenhänge, Gesellschaftstrends und Zukunftsprognosen sind nicht das täglich Brot des tumben Pöbel- und Prügelmobs auf dem Wege zum blutigroten Utopistan, habe ich gemerkt.",-1,-1,1,0,1,1
"Mit je mehr Abstand man sich dieses Pack der   und ihre unsägliche Entscheidung betrachtet, umso mehr wünsche ich mir die Mauer zurück.
Dann blieben diese Ossis unter sich und man müsste sich mit diesem rechten ""wir sind das Volk"" Pseudo Nazi Getue nicht abgeben https://t.co/Z3ftdG5hL5",-1,-1,1,1,1,1
"Jeder anständige Linke ist per definitionem „islamophob“, genauso antijudaistisch und antichristlich. Aber da du wahrscheinlich eher ein rechtes, kapitalistisches Kind bist, geht dir das völlig ab.",-1,-1,1,1,1,1
"hab gerade ein paar videos von annalena baerbock geschaut und hatte danach plötzlich wortfindungsstörungen, ich spreche hiermit eine warnung aus",-1,-1,1,1,0,0
"Der hat doch einen Knall, der Maaßen, wie alle   
Die  will/wird mit der  koalieren. Am Wahlabend wird es dann heißen:""...unter demokratischen Parteien...""


Hans-Georg Maaßen wirft den Grünen „Rassismus gegen die eigene Nation“ vor https://t.co/XKI7O2cKBQ",-1,-1,1,1,1,1
":

Wenn Göre trendet weißt du, dass es wieder an der Zeit ist deine  mit vielen alten, weißen, dummen Männern &amp; Frauen zu füllen!
 
Unter  und  findet sich heute sehr viel frauenfeindlicher Dreck der  &amp;  zusammen!

  https://t.co/JpJ3tnOtcP",-1,-1,1,1,1,1
"Fein... Jedoch ist das Thema nun einmal ""Querdenker - Demo's"". Und nur weil ein paar weniger Spinner am 1.Mai randaliert haben, sind due weitaus mehr als 10.000 Demonstranten friedlich geblieben und haben sich an alle Auflagen gehalten. Querdenker halten sich nie an Auflagen",-1,-1,1,0,0,0
"Die Deutschen (offensichtlich zu viele) haben ihren ""Verstand"" bereits mit Merkel begraben ! Grüne, Linke etc. sind nur die fatalen Folgen von SED-Murksel und Konsorten ! Die ""Deutschen"" müssen wohl immer erst ""Dreck fressen"" bevor sie begreifen, AH, Honecker",-1,-1,1,1,1,1
"Private Entscheidungen dürfen keine Öffentlichkeit haben? Und wer entscheidet das? Ihr, dar afd dreckspack?",-1,-1,1,1,1,1
"Dies zu verschweigen zeigt sehr deutlich wie die  am Boden angekommen ist. 
Die hässliche Fratze die wir schon von den Querdenken kennen.. hetzen und Lügen um von den geistig flachen Geld sammeln zu können.
 
Schämt euch! https://t.co/pAE9wGGfc9",-1,-1,1,1,1,1
"Könnten Sie uns bitte ein Beispiel einer engagierten hochqualifizierten Frau nennen, idealerweise in der Politik?",-1,-1,1,0,0,0
"Mal wieder Schwachsinn von der ""Merkel Bande""! Gibt es jetzt für die Verlierer der Impflotterie jetzt wieder eine Markierung in Form eines gelben Aufnähers an der Kleidung? Die ""Merkel Bande"" tritt das Grundgesetz mit Füssen und das Volk schaut hilflos zu?",-1,-1,1,1,1,1
In dem Sinne liebe Querdenker und Geschichtsrevisionisten: Haltet euer dummes Maul und eure Griffel von Tasten fern  https://t.co/Fdk3SPzXMl,-1,-1,1,0,1,1
"6 Millionen Arschloecher. Wer Nazis, Faschisten, Rassisten, Antisemiten, Homophobe usw. waehlt, wird selbstverstaendlich ueber einen Kamm geschert. Die Motivation, ob Kalkuel, Frust, Protest oder was auch immer, ist dabei voellig irrelevant!",-1,-1,1,1,1,1
"Mich interessieren Querdenker echt gar nicht, sry. Die können sich mit der Rotpunkt Fraktion gerne die Köpfe einschlagen. Sind vom Niveau auf dem gleichen Level",-1,-1,1,0,1,1
Seit wann ist Troll eine Beleidigung? Ich bin hier schon ganz anders tituliert worden besonders von Covidioten und Nazis und diese Ausdrücke wiederhole ich hier nicht,-1,-1,1,0,1,1
Sie verabschieden sich nun von den demokratischen Werten und werden ein afd Fußabstreifer,-1,-1,1,1,1,1
"Wie stellen Sie sich einen harten Lockdown vor ? .. Das ich Ihnen so die Fresse poliere, dass Sie uns 2 Wochen nicht nerven ?",-1,-1,1,1,1,1
"Aber erst, wenn ihr Deutsch lernt und ""sie"" als Anrede groß schreibt und das fehlende Komma findet",-1,-1,1,0,0,1
"Ad homenim-Dummschwatz. 
Die JU ist ein dämlicher Haufen Werte Union-Verschnitt.",-1,-1,1,1,1,1
"Man sollte das individuelle Verhalten von Thunberg, Künast und Baerbock nicht als Maßstab für eine generelle Vorverurteilung von Frauen heranziehen. Nicht alle Frauen sind ideologisch verhetzt.",-1,-1,1,0,0,0
"Diese Querdenker sind so lächerlich, überall um uns herum sind oder waren die Maßnahmen härter aber wir leben ja hier in einer Diktatur.",-1,-1,1,1,1,1
"Und genau so wurden Begriffe wie Nazi, Rassist, Sexist usw. durch die Neuen Linken zu leeren und nichtssagenden Worthülsen. Man könnte fast sagen, die Neue Linke hat ihre eigenen Feindbilder bis zur absoluten (Be)sinn(ungs)losigkeit dekonstruiert.",-1,-1,1,0,1,0
"Hat jemand ernsthaft erwartet, dass die  sich für das Leben von anderen (außer das ihrer Klientel)  interessiert? Egoismus in Reinkultur und menschenverachtender Zynismus werden analog  kaschiert durch eine heuchlerische Sorge um die Demokratie.",-1,-1,1,0,1,1
"Nach der Logik sind SPD, Grüne und Linke Parteien genauso staatszersetzend, gewaltbereit und extremistisch wir ihre linksextremisten Wähler.",-1,-1,1,1,1,1
Gabor Halasz auch wieder einmal auf dem linksextremen Hetzpfad unterwegs?,-1,-1,1,1,1,1
"Ne, vor allem in Thüringen ist Rechtsextremismus, Antisemitismus und braunes Geschwurbel in der CDU keine Randmeinung...",-1,-1,1,1,1,1
"Nicht zu vergessen: Vorstand bis Behindertenförderung.
Besonders Frauen= weniger Männer. Scheiß auf Männer mit Behinderung! Drecks (gender)nazis  https://t.co/omh97GaJp9",-1,-1,1,1,1,1
"also wenn dieses Land grade etwas teilt, dann ist es der Frust auf alte weisse Männer,  Und das Missmanagment der",-1,-1,1,0,1,1
"Sport ist ein verbindendes Element aller Menschen, keine Blase für bescheuerten, feigen Männlichkeitswahn. Sportler mit Statements zeigen Mut und mehr Eier, als ein greinender AfD-Junge jemals haben wird.",-1,-1,1,1,1,1
"Wenn Deutsche meinen, Juden belehren zu müssen. Ekelhaft. Gibt auch Impfkritische Juden in Israel, die den Stern benutzen.",-1,-1,1,1,1,1
"Die Hamas hat immer noch die Vernichtung Israels in Ihrer Charta stehen, dazu herrscht dort große Korruption, wie früher beim Arafat-Clan. Und keine paläst Organisat ist ernsthaft an der Gründung eines eigenen Staates interessiert. Die Begründung überlasse ich Ihrer Intelligenz!",-1,-1,1,1,1,1
Ob Onkel Laschet die freche Göre wohl in Schach halten kann?,-1,-1,1,0,1,1
"Obach!  will nicht, dass wir  tweeten or retweeten!

Vielleicht ist ja  genehm? Man weiß es nicht. https://t.co/3vHpMl9BFf",-1,-1,1,0,0,0
"Das Schöne:

Dem Klima ist es egal, aus welchem Grund es gerettet wird.

Ob aus grüner Ideologie oder aus Gier und Egoismus.

Ersteres wird halt versagen, weil Ideologen immer versagen.

Letzteres erkennt das Wesen des Menschen an und hat daher gute Erfolgsaussichten.",-1,-1,1,0,0,0
"Wisch Dir den braunen Schaum vom Mund, Völkischer. So tief kann keiner Fallen und so dumm kann keiner sein, sich aus politischen Frust an eine rechtsextreme Politsekte, wie die AfD zu wenden. Willkommen in der Jauchegrube!  Tiefer kann es für Dich nicht mehr gehen",-1,-1,1,1,1,1
In den Geschichtsbüchern wird von Schneisen der Vernichtung in der sogenannten merz'schen Mittelschicht geschrieben stehen.,-1,-1,1,1,0,0
"Sehr gut! Dann hätten die geilen Fettarsch Bepimmler bei jedem Tor: ""OLÉ OLÉ OLE OLE, ZEIG DEINE VORFOTZE ANNALENA"" rufen können, während die geile ihre aufgestrapse Vorvotze den vollblut fickhengsten präsentiert
 nach dem ausgiebigen Bepimmeln tringt Baerbock den Spermabock.",-1,-1,1,1,1,1
"Die eigentliche Bombe im Gebälk unseres Staates sind Politiker wie Löbel, Nüßlein, Sauter, Strenz, Hauptmann, Amthor, Scheuer, Schäuble, Bareis. Aber Sie halten dafür ihre christlichen Werte hoch, wie Flüchtlinge absaufen lassen. Was für eine Schande liebe Unionspolitiker!",-1,-1,1,1,1,1
"wenn die möglichkeit besteht durch den tod eines einzelnen straftäters das leben mehrerer tausend zu retten, dann ist das durchaus legitim. die freunde und familien der tausenden würden es dir danken. Nur die Linken würden wieder terror schieben",-1,-1,1,1,1,1
"Was für eine geistige Entgleisung!   kann noch nicht einmal Kobalt von Kobold unterscheiden, und die soll studiert haben? Aber das macht nichts, Deutschlands Regierung ist schon jetzt ein lächerlicher Haufen. Da kommt’s auf einen mehr oder weniger nicht an. https://t.co/hayBN2K0fG",-1,-1,1,0,1,1
"Der Sarrazin der CDU sollte sich so schnell als möglich als glühender AfD Anhänger ""outen""! Die CDU braucht solche Läuse im Pelz nicht!",-1,-1,1,1,1,1
"Sämtliche Experten weltweit haben den Verlauf plus minus korrekt vorhergesagt.

Nur weil die Vollpfosten von der Farce Force ihre politische Agenda von NoCovid verfolgen bedeutet das nicht, dass seriöse wissenschaftliche Arbeit nicht möglich ist.",-1,-1,1,1,1,1
Richtige DEUTSCHE schreiben übrigens auch solch einen Müll. Möchtest du noch mehr? Ich öffne gern mein Archiv https://t.co/48gH7PzWSh,-1,-1,1,0,1,1
"Die gleichen die kein Problem damit  haben  dass es krebserzeugende Deutsche Pestizide in Deinem täglichen Müesli gibt....wollen Dich jetzt im Eiltempo, ohne gewissenhafte Kontrolle der Impfstoffe, vor Coronavirus schützen ... Du wurdest gewarnt, machs gut !",-1,-1,1,1,1,1
"Wir der Opa so die Enkelkinder. Der Faschsmus ist Feminin, Linksgedreht und Politisch Korrekt. Der ist in  der Deutschen DNA einprogrsmmiert. Früher die Juden , jetzt die "" Ungeimpften"" . Alle 5O Jahren plat bombardieren. Man braucht keinen Grund. Die Deutschen kennen den schon",-1,-1,1,1,1,1
"Echt! Ganz ehrlich! Bevor man Dünnschiss von sich gibt, hilft es manchmal sich vorher zumindest ein wenig schlau zu machen. 

Zu bestimmten Tagen werden findet eine Beflaggung öffentlicher Gebäude statt. Der 1.Mai gehört dazu. 

https://t.co/PVrbhBFzDz",-1,-1,1,0,0,1
"Ihr gottverdammten Arschgeigen! Muss man erst am Verrecken sein, bevor ihr euer Hirn einschaltet?! Ich habe nicht 4 Familienmitglieder im letzten Jahr verloren nur um mir euren widerlichen Zynismus und eure Überheblichkeit anhören zu müssen.",-1,-1,1,1,1,1
"Und solche Spinner wie sie sind mit der Grund für die über 80K Toten durch corona, die steigenden Zahlen, die hundertausenden Kranken. Aber soweit denken solche Leute wie sie ja nicht.",-1,-1,1,1,1,1
"Haben wir nicht schon genug Vollpfosten in unserer politischen Landschaft? Maaßen fügt mit seiner Nominierung  der CDU/CSU schweren Schaden zu. Es ist eine Schande das ein CDU Mitglied, der Kontakte mit der AFD pflegt, als Direktkandidat aufgestellt wird.",-1,-1,1,0,1,1
in İSRAEL  terror staat  ermordet menschen und wieder ist Türkei schuldig in BRD ist schlimmer wie die sichereit's kreafte mit demostranten umgehen ihrr heuchler,-1,-1,1,1,1,1
EinFach nur kranke .. Denkt 8hr seid was besseres  alles nur bekloppte =Nazis,-1,-1,1,1,1,1
"Da die Bild nur noch hetze betreibt,  zum Teilaufgabe Rassistischer Ebene sage ich wie es is",-1,-1,1,1,1,1
"Wer diesen Philodoofus mit seinen allen wissenschaftliche Standards unterbietende Idiotien (z.B_ Bekämpfung des Islamismus == Antisemitismus)  ernst nimmt, der ist nur noch dümmer als er selber. Offenbar gibt's davon mehr als man erwarten würde.",-1,-1,1,1,1,1
"Der korrupte Haufen ist doch kein Maßstab!
Die Idioten träumen von Cannabis Prohibition- machen wir es zu dem größten Albtraum der Stasinaziunion! Korruption Prohibition ist leicht widerlegt!
We FREE Ganja now, whatever it takes",-1,-1,1,1,1,1
Er Denkt halt er wäre ditrxx der Hurensohn und Das kranke ist halt so einer schlägt seine mutter ey ich werd behindert,-1,-1,1,1,1,1
hab den Mongo als geistig behindert bezeichnet und mein Kommentar wurde gelöscht :D,-1,-1,1,1,1,1
"AFD Bodensatz? 
Das ist ja interessant 
Mit Verlaub sie sind ein arroganter Depp",-1,-1,1,1,1,1
"wie unfassbar asozial muss man eigentlich sein um solche Lügen zu verbreiten ?
Bevor jetzt wieder die Spinner hier kommentieren, habe keine Panik und keine Angst, die bleibt euch vorbehalten, mit eurem Wahn von der Diktatur, Morgellons &amp; dem Great Reset.  https://t.co/c3yFdtjPo4",-1,-1,1,1,1,1
"Daher setze ich mich auch immer wieder fürs ""gendern"" und die Töchter in der Bundeshymne ein. Ich verabscheue weibl. Wesen die devot und dumm sind,  patriarch. Strukturen unterstützen indem sie gegen diese wichtige Sichtbarmachung durch Sprache u. den Respekt vor Frauen hetzen! https://t.co/mZCi7euvfS",-1,-1,1,0,1,1
"Die Politiker wollten doch Herrn Maassen verhindern, da die meisten Merkels Vasallen sind und Herrn Maassen nicht das Wasser reichen können. Hoffentlich verschwinden diese Speichellecker mit der Merkel.",-1,-1,1,1,1,1
"So ist es. In Zeiten, in denen sogenannte Querdenker gemeinsam mit Rechtsradikalen versuchen, das Parlament zu stürmen, von Ermächtigungsgesetz und Wegnahme/Raub der Grundrechte faseln und sich gewaltsam gegen die freiheitliche Grundordnung stellen, sind präzise Begriffe wichtig.",-1,-1,1,1,1,1
"Info für den trollenden -Olm: Ich bin parteilos glücklich! :) Aber eins ist sicher: Das Karma wird’s bei dir schon richten, genauso wie 1945 bei den Vorgängern deiner „Clique"". ;)",-1,-1,1,1,1,1
"Mir fehlen echt mal wieder die WorteVon was für wahnsinnigen   Deutschland regiert wird?      ach herje, so viel Platz ist hier garnicht!",-1,-1,1,0,0,1
"Wäre ich auch dafür aber wird nicht passieren denn die leute im deutschsprachigen Raum sind alle vor dem tv am verblöden und lassen alles mit sich machen und machen den mist noch freiwillig mit und spielen polizist. 
Einfach zum kotzen",-1,-1,1,0,0,1
Hab meine Impftermine und ich bekomm den GUTEN STOFF. Will dass die mich randvoll damit füllen bis ich BIONTECH GIRL werde und dann Querdenker verkloppen kann,-1,-1,1,1,1,1
Die  ist nicht konservativ. Es fehlt schon alleine der Anstand.,-1,-1,1,0,1,1
"Ich finde die beiden Aufschrift auf beiden Plakaten unglaublich selbstironisch  Zum einen glaube ich alle großen Dichter und Denker würden euch für den Gender * den zeugen. Und bei dem anderen  darf anscheinend Propaganda draufstehen, nur halb keine rechte",-1,-1,1,1,1,1
"Wurde das  nicht vom Gericht gekippt und ausserdem warum braucht der Kurz meine Daten , wenn er will kann er mich anrufen und ich komm  ei dem vorbei und teig ihm was Respekt vor den Menschen ist , und das er unser Angestellter ist diese verlogene Flasche",-1,-1,1,1,1,1
"Seid ihr Linken/Rotpunktfaschisten/Antifanten hirntote Amöben?
Wer jetzt noch nicht erkennt dass es nicht um ein Virus sondern nur um die Abschaffung aller Grund- und Freiheitsrechte geht, kann sich ja selbst daheim einsperren.",-1,-1,1,1,1,1
"Lade alle, die das denken, nach MV ein, wir zeigen Wegweiser nach Braunau mitten im Dorf, erzählen von Nazi-Unternehmensnetzwerken und nehmen dahin mit, wo die AfD 47% bei Wahlen holt. Und als Sahnehäubchen Dorffeste, wo die Faschos selbstverständlich am Nachbartisch sitzen",-1,-1,1,1,1,1
"Würde ich in Ihr Horn blasen, dann würde ich fragen, wie eine Frau sich erdreisten kann beurteilen zu wollen, was zum Fußball gehört und was nicht.

Aber das tue ich nicht, also lasse ich es.",-1,-1,1,0,1,1
Bist du behindert alter wo hat er gesagt dass er seine Frau als Therapeutin benutzen will? Wenn ihr nicht alle so Hirn verbrannt werd würdet ihr checken dass er damit meint dass seine Frau ihm gut tut,-1,-1,1,1,1,1
"Überlege ne Hausarbeit oder Bachelorarbeit über Luna zu schreiben, kann man doch Safe in nem Medienstudiengang machen haha. Von Aufklärer zum Querdenker wie Social media uns verblendet",-1,-1,1,0,0,0
Die AfD ist in weiten Teilen so islamophob wie antisemitisch. Da haben Sie recht.,-1,-1,1,0,1,0
"Ihr armen Möchtegern-Opfer! Niemand wird Euch nach Ja hinterherrennen, keine Gemeinde, kein Kanton, niemand beim Bund. Ich bin bei einem  nicht enttäuscht, da ich etwas Zweifel hab, ob man Islamisten, Neonazis so stoppen kann. Ausser ev. sehr junge Möchtegern-Jihadisten. https://t.co/T4sINy2hhj",-1,-1,1,1,1,1
"Windräder zerstören Naturräume für Tiere und Menschen, FfF und Grüne profitieren von der permanenten Verdummung. Scheinheilig,dabei rücksichtslos und angepasst in der Spur bleiben. 
dafür 
gestaffelt. Atomausst.,H2 Importe, keine Massentierh., Nein zu PS-Boliden und Lithiumbatt.!",-1,-1,1,1,1,1
"Ach der Klötenköter  ..
Wie ich sehe warst du schon  Gassi und hast gefrühstückt. 
Aber ich hoffe das du nicht so sprichst wie du schreibst..
Ansonsten. Auch für Legastheniker gibt es da was https://t.co/EGw1EBnHKg",-1,-1,1,0,1,1
"DIe meisten  Verfechter, die alles getan haben um sich nicht zu , brav neg.  Tests vorweisen, haben nicht begriffen.  

Ihr bleibt UNFREI.

Ihr werdet verarscht von  und Kumpane.

Kommt heraus und reiht euch ein. 

Gemeinsam,  für die Freiheit .",-1,-1,1,1,0,1
"Wie die Corona Faschisten unter dem hashtag  heulen 
Bock stark von jedem dieser Schauspieler  danke an euch",-1,-1,1,1,1,1
"sorry, ich sehe radikale massiv bewaffnete zu allem bereite  Nazis, die sich als friedliebende Bürger tarnen die nichts mehr wollen als einfach ihre vom Grundgesetz verankerte Rechte wieder zu bekommen. Alles Wölfe im Schafspelz.",-1,-1,1,1,1,1
"Weil viele „Massnahmen“ der deutschen Bundesregierung wirkungslose Symbolpolitik waren, sind zusätzlich Menschen gestorben. Das kritisiert . Man muss schon sehr entrückt sein, um daraus Verhöhnung für Tote oder das Personal von Krankenhäusern ableiten zu wollen.",-1,-1,1,0,0,0
"Die ganze Gender-Scheiße ist eine Verunstaltung der deutschen Sprache durch links-grüne Deppen. 
Zu blöd sich um wirklich wichtige Dinge im Leben zu kümmern und mit solchem Mist vom mangelnden IQ ablenken  !!",-1,-1,1,1,1,1
"Alter Schwede, du brauchst weder Nazis noch linksversiffte Spinner um deine Wertigkeit aufzupeppeln! Be real, sei einfach eine Türkin, sei echt! Diese Minderwertigkeitskomplexe sind nicht gut! Das rächt sich! Wie wäre es wenn du auf diese ganzen Almans scheißen tust?",-1,-1,1,1,1,1
Ihr seid so ein unglaublich peinlicher Haufen,-1,-1,1,0,0,1
"- du geile Sau - geboren um Liebe zu geben, - du Luder -
Verbotene Träume erleben, - du Drecksau -
Ohne Fragen an den Morgen danach.
 - du geile Sau - dein Lächeln ist fordernd und flehend, - du Luder - https://t.co/1hRCzHJb1J",-1,-1,1,0,1,1
Und was ist mit RLP? Da haben Sie doch zugestimmt. Sie sprechen mit zwei Zungen. So etwas nennt man Heuchlerisch. Bei allem Respekt: Sie sind ein Heuchler und Brandstifter,-1,-1,1,0,1,1
"Ich habe selten zuvor etwas gesehen, was so in die Hose gegangen ist, wie dieser  Versuch mit Humor, den keiner lustig findet, einen Spagat zwischen Querdullis und Vernunft hinzukriegen. Warum nicht konsequent Polonaise  vorm Reichstagsgebäude?",-1,-1,1,0,0,1
Sag mal dieser behindert Kuh was anstatt mir so unnötig bei Gott,-1,-1,1,1,1,1
"Ob ihr nicht ganz dicht seid?
Aus dem Elfenbeinturm heraus süffisant Säure kippen. Deutsche Schauspieler und ihr geistiger Verfall.",-1,-1,1,0,1,1
"In der FDP kann sie aber ihren pathologischen Fremdenhass nicht ausleben... wenn man das bei der AFD ausklammert, bleibt auch nur eine FDP auf Drogen. -Sowas braucht kein  Mensch!",-1,-1,1,1,1,1
"Die SPD ist überhaupt NICHTS Wert. Sie  sind das beste Beispiel, dass die ehemalige Arbeiterpartei überhaupt keine Daseins Berechtigung mehr hat. Hass, Hetze und vor allem die Zerstörung und Spaltung Deutschlands ist Alt-Parteien Werk. Die Strafe wird kommen.",-1,-1,1,1,1,1
Wer sich auf die üblen Hetzer von Antifa Zeckenbiss bezieht ist komplett lost.,-1,-1,1,1,1,1
Die Universität Duisburg-Essen hat das festgestellt! Nicht die Bild. Aber mit Fakten habt es ihr  ja nicht so.,-1,-1,1,1,0,1
"Was labern Sie da für einen Unsinn? 342 Abgeordnete stimmten für die Abschaffung der freiheitlich-demokratischen Grundordnung. Es ist das Recht eines jeden Bürgers, dagegen vorzugehen. Punkt. Sie sollten weniger B..D lesen oder weniger Tagesschau gucken.",-1,-1,1,1,0,1
"Wie kann sich ein Hetero durch eine Armbinde diskriminiert fühlen? Wie klein muss das eigene Ego sein, wie bemitleidenswert verkümmert der eigene Selbstwert, und wie erbärmlich ungebildet die eigene Herkunft, wenn man sich daran stört?",-1,-1,1,0,1,1
"Es ist eine Schande, dass wissenschaftliche Fakten und Vernunft die Zielscheiben rechter Besorgtbürger*innen sind. Leider fehlt dort meist der Verstand zum sachlichen Diskurs (da hilft auch kein Alu-Hut) - der Ausweg geht dann über Drohungen und persönliche Angriffe. Pfui!",-1,-1,1,0,1,1
"so sieht es nämlich aus! Bravo Mädels.

Und natürlich lässt man die nicht ihr Ding erzählen und quatscht rein!

     https://t.co/MdKMoQ7UkC",-1,-1,1,0,0,0
"Volkswagen ist der Drecksverein , die haben Tausende von Toten durch Feinstaub und Stickoxide auf dem Gewissen.",-1,-1,1,1,1,1
Wtf weißt du was du den sog. Querdenkern gerade damit unterstellst? An deiner Stelle würde ich mal besser ganz vorsichtig sein sowas hier hin zu schreiben! Idioten wie du werden immer mit der Regierung mitlaufen und es nie begreifen. Schande über dich.,-1,-1,1,1,1,1
"Sagte der dumme Querdenker-Hildmann-Anhänger-Nazi-Trottel, der als Kind immer auf seinem Kopf gefallen ist und tragende Schäden davon getragen hat Geh woanders spielen, hier mag dich keiner!",-1,-1,1,1,1,1
"Zeigt eigentlich nur, dass Corona wesentlich gefährlicher ist als die Grippe. Die ganz Dummen haben das aber noch immer nicht begriffen.",-1,-1,1,1,1,1
Mitglied der rechten Jungen Union ist da nicht wirklich besser. Über dieses Sprungbrett zum Rechtsextremismus kann ich nicht mal mehr lachen,-1,-1,1,0,1,1
"Die  will Annalena  dafür fertig machen, dass diese statt Kobalt Kobold gesagt hat. Wenn politischer Wettkampf für die Nachwuchsfaschos so aussieht und ihre Fans das auch noch abfeiern, sagt das viel darüber aus, wie debil dieser braune Haufen ist - gelinde gesagt.",-1,-1,1,1,1,1
"Die Regierung aus Union &amp; SPD hat jahrelang Mist gebaut und uns beim Thema  respektlos behandelt, belogen und sie haben sich in zahlreichen Skandalen verwickelt. Jetzt, wo Wahlkampf ist, merken sie plötzlich, dass sie auch mal produktiv werden müssen.",-1,-1,1,1,0,1
Die Wahl von  ist schlicht Ausdruck von strukturellem Rassismus. Echte Diversitaet hat bei den gutbuergerlichen Gruenen keine chance.,-1,-1,1,0,1,1
"Korruptionsskandale ohne Ende mitten in einer Pandemie.

Fehler über Fehler beim Schutz der Bevölkerung.

Kohl-artiges bräsiges Verschlafen aller Zukunftsthemen.

Ihr habt fertig. Sowas von fertig. Aber es war klar: Wenn Merkel geht, fällt euer Laden auseinander.",-1,-1,1,1,0,1
"Wer wundert sich noch, dass müsste doch nun schon jeder wissen unsere Politiker haben Dreck anstecken. Auch wenn es jetzt ruhig geworden ist.      Fragwürdige Geschäfte in der Pandemie: Vergabeanwälte kritisieren Laschets NRW-Regierung https://t.co/KKPlbP9JmF",-1,-1,1,1,0,0
"Ich werde mich gerne umerziehen lassen!! Als erstes fange ich mal bei der nächsten Wahl an und wähle AfD, aber nicht weil ich die toll finde, sondern weil es die einzigste Sprache ist die diese hirn ampottierten Volltrottel verstehen…",-1,-1,1,1,1,1
"Wie kann man so ein Hetzer, Verleumder und Idiot sein? Unfassbar.
Hätte die Deutsche Regierung mehr Mut gehabt, hätte man das schon im Oktober durchgezogen und wir wären jetzt - mindestens - so gut aufgestellt wir die Briten.",-1,-1,1,1,1,1
"Gestern war mein ganzer Bezirk wieder voller Querdenker und Nazis. Anwohner müssen sich zuhause verstecken, weil sich idioten zum scheisse bauen in Berlin verabredet haben.",-1,-1,1,1,1,1
"du bist so unsagbar dumm und einfältig , die Sache mit Alexa , jeder weißt dass Monster hitler , die juden aus ganz Europa hat Abtransporten lassen",-1,-1,1,1,1,1
"Bei den Corona-Maßnahmen hält man sich penibel genau an die Gesetzte. An anderer Stelle werden sie einfach ignoriert. 

          
https://t.co/acdVT2JJ4S",-1,-1,1,0,0,0
"Nee, mit Frau Baerbock wäre es ein Aufbruch in bessere Zeiten! Die  ist jetzt schon ein Fliegenschiss in der politischen Geschichte.",-1,-1,1,1,1,1
"Hätte eure Regierung ausreichend Geld in die Hand genommen &amp; rechtzeitig genug  bestellt, müsstet ihr Klappspaten heute nicht über  &amp;  rumheulen.

Stattdessen werden jede Woche zig Milliarden für mehr oder weniger sinnbefreite Lockdowns ausgegeben.",-1,-1,1,1,0,1
"Mikah : Sie betet zu Gott das dem Weißen Menschen der Atem genommen wird. Sterbt einfach alle aus. Sterbt. keiner hat das Rückgrat eure ekelhaften Nationen u. Staatengemeinschaften zu stürzen. Ihr seid die Minderheit, die  Abfuckt. Fallt bitte TOD um. Rassismus pur https://t.co/hm1WEw5Dqg",-1,-1,1,1,1,1
"Inhalte? Die Dame ist intelligenter, als die meisten Blöker und die bekommen es jetzt halt mit der Angst zu tun.
Inhaltlich kommen die gar nicht mehr mit...",-1,-1,1,0,0,1
"Lass dich untersuchen! Aber ganz schnell. Vielleicht ist da noch was zu retten.
Wenn du ein Pferd wärst, müsste man dich .....",-1,-1,1,1,1,1
.. das Wort den hast Du reingebracht.. aber es gibt sie die schwarz gekleideten Menschinnen von denen Sachbeschädigungen und KV delikte auf Demonstrationen ausgeht ...,-1,-1,1,1,1,1
"Ich hab mal von so Rotpunkten Zeug gelesen. Glauben die den Mist eigentlich selbst, wo sie schreiben? Wie kann man so dumm sein? Die Welt wird immer blöder!",-1,-1,1,1,1,1
"Brüssel - Pfefferspray mitten ins Gesicht von Passanten - Polizeigewalt, ohne jeglichen Anlass und vollkommen unverhältnismäßig

Das ist es  was ihr woll, ihr   
Das passiert, wenn der Staat die Macht hat und nicht der Souverän, das Volk

 https://t.co/mfVdRAULoe",-1,-1,1,1,1,1
"Tja, wenn man schon nicht lernt, sondern alles als gegeben hinnimmt, dann kann man natürlich nur mit Bildchen oder GIF's daherkommen, nicht wahr? Irgendwie echt witzig, wie manche Deutsche sich schon wenigstens direkt von selbst zur Witzfigur degradieren.",-1,-1,1,0,0,1
"Einfach jeden Betrunkenen, mit beklopten Farben geschmückten Irren einfach umlegen. Die Bundeswer? Muss panzer schicken!!!",-1,-1,1,1,1,1
"Teufi, Teufi. Und einen Schwanz haben darf sie auch nicht. Also holt endlich die Küstenbarbie (weiß noch jemand, wie sie wirklich heißt und dass sie nicht Gebärmutter studiert hat?) aus ihrem von Frau Merkel verordneten Exil im hoffnungslosesten Bundesland aller Zeiten.",-1,-1,1,1,1,1
"und wie wollen die Nazis das alles finanzieren, wenn es dann alles geschenkt gibt? ihr braunen Pfosten könnt nichts.",-1,-1,1,1,1,1
"Doch. Ich erfinde keine Tatsachen, ich habe sie im Gegensatz zu dir belegt. 
Gender-Schwachsinn (schreibe ich ganz bewusst) hat nichts mit Wissenschaft zu tun. Es ist ein strunzdummes Konstrukt linksgrüner Intelligenzverweigerer. Nichts weiter.",-1,-1,1,1,1,1
"bitte , also raus mit eurem braunen Schmodder samt panischer Angst vor der Zukunft.

    denn  

Der Planet Erde verhandelt NICHT.",-1,-1,1,1,1,1
"Ich muss keine BILD lesen, um zu wissen, dass sie in völliger Ausgewogenheit Dreck und Scheiße schreibt!",-1,-1,1,0,0,1
Wenn die Baerbock Kanzlerin wird dann ist meine Auswanderung beschlossene Sache ......das wäre so bekloppt .....ich meine wir hatten schon viele geistig Beschränkte dort oben aber das würde echt den Kobold abschiessen ....Kanzlerin Baerbock....irre absolut irre,-1,-1,1,1,1,1
"Jaja, so haben alle Parteien ihre schwarzen Schafe: CDU/CSU Ehefrauenvergewaltiger, Korruption - AfD alles rund um Rassismus, Korruption - Linke Autoanfackler - SPD Landesverräter - FDP Korruption.",-1,-1,1,1,1,1
"Mit der Wahl dieses Mannes setzt  die CDU einen Hetzter und Spalter , einen ewig Gestrigen in eine Machtposition. Damit traue ich ihnen auch die Koalition mit der AFD zu. Pfui.",-1,-1,1,1,1,1
"ich würde nicht alle ""Maßnahmen Verweigerer""  als Nazis bezeichnen. Das ist ja auch nur ein Teil. 

Der andere Teil sind hirnlose Dummtorten, moralischer Bodensatz und Leute die gerade mal so die Baumschule geschafft haben und sich trotzdem als Experten aufspielen.",-1,-1,1,0,1,1
"Annabella ist jung, cool und sexy 
Da können Laschet und all die anderen alten weißen Männer nicht mehr mithalten

CDU/CSU = zu alt, zu weiß, zu uncool ... 

Mit Annabella ins bunte Sonnenblumenland!",-1,-1,1,0,1,1
Ich sehe hier auch viele Probleme. Ein Problem ist die fehlende Intelligenz in diesem Land. Liegt wohl am schrecklichen Schulsystem und der Unfähigkeit vorbehaltlos zu recherchieren.,-1,-1,1,0,0,1
"Also ich denke national bin aber kein Sozialist, und Juden gehn mir am Arsch vorbei. Wo soll ich mich jetzt einordnen?? Bei den Grünen? Geht nicht, bin auch nicht pädophil und kiffen nicht, also???",-1,-1,1,1,1,1
"Die realitätsflüchtende Lügnerin und der kleine, braune Anstreicher, der schon immer mal einen 7er BMW auf Kosten anderer fahren wollte.

  entlarvt die AfD-Politbonzen 
 https://t.co/cvQ37xDyBI",-1,-1,1,1,1,1
"meine Meinung:  die Brezel- lügt doch wenn die ihre braune Fresse aufmacht!

hilft aber die  in der Bedeutungslosigkeit verschwinden zu lassen. 

solche braune Socken richten diese Nazipartei zugrunde

und das ist gut so!!!",-1,-1,1,1,1,1
"Was für ein Realitätsverlust muss man haben das man glaubt die einschalten Quoten vom Tatort wäre eine Zustimmung zu der Querdenker scheisse die man von sich gibt. Trauriges , armseliges Leben.",-1,-1,1,1,1,1
"Was der heutige Morgengruß ja wieder voll
bestätigt. Ein Prof. der sich der Bildzeitung bedient und daraus seine Häme zieht. Lächerlich aber auch gefährlich!",-1,-1,1,0,0,1
"Ahja ich bin 1 Faschist?  Kommt vom Nationalbolschewisten, einem Höcke Stiefellecker",-1,-1,1,1,1,1
"Jawoll, jeden beseitigen, der sich dem Stadion nähert",-1,-1,1,1,1,1
"Menschen wie du sind das kranke Fundament, dass deutsche Glauben muslimische Kinder seien immer Opfer von häuslicher Gewalt und ihre Eltern böse und gewalttätige Schurken. Hast du jemals mit Moslems überhaupt gesprochen du Held?",-1,-1,1,1,1,1
"Dann werft mal   raus
 missbraucht Kinder
 ist asozial",-1,-1,1,1,1,1
Die Polizei hat kein Respekt mehr verdient!!! Sie sind verblödete Kampfmaschinen ohne Gehirn und nur zum Schutze des VerbrecherPedoBundes!!! https://t.co/FhinGPR684,-1,-1,1,1,1,1
"Husch, geh Brauner 
 Braun ist öde 
 
*Leises Blockgeräusch*",-1,-1,1,0,1,1
"Pfizer eine Firma die anscheinend die gleiche Ethik wie Nazi Todesengel Mengele vertritt hat vor einigen Jahren als in Nigeria eine Mningitis Welle ausbrach, unter dem Vorwand humanitärer Hilfe,  verdeckt  Testmedikamente an Kids ausprobiert ...11 Kinder Tot, 200 behindert",-1,-1,1,1,1,1
"Wenn Kinder sich die Impfung wünschen, dann nur, weil verantwortungslose Erwachsene ihnen Angst einjagen.",-1,-1,1,1,0,1
Aha. Wieder eine bei der das Hirn zu klein ist ein Wahlprogramm zu begreifen. War klar so als AfD Anhänger. Das die dann aber auch immer noch ihre Dummheit so darstellen müßen ist schon bitter.,-1,-1,1,1,1,1
"Wieso missbrauchen Sie dieses wunderschöne einzigartige deutsche Wort ""Querdenker""? Ein wahrer Querdenker ist ein Nonkonformist, ein Kreativer, während Sie mit den braun-blau versifften Wölfen heulen. Schämen Sie sich! Schämen Sie sich, dass Sie mit Nazis gemeinsame Sache machen!",-1,-1,1,1,1,1
"Meine Fresse ... muß einigen der Unionskasper der Arsch so dermaßen mit Grundeis gehen, wenn man so liest, wie die sich alle unter ""Frau Baerbock"" mit Galle überbieten ...",-1,-1,1,0,1,1
"Wenn der Dieb „Haltet den Dieb“ schreit .

Warum seit ihr Grekkos nur so dumm ? 

  

https://t.co/cNH9smTyFy",-1,-1,1,0,1,1
"- Der nächste Energiespeicher, den wir uns zu nutze machen müssen hat zufällig deutlich mehr Potenzial auf eine deutlich längere Zeit (so etwa 5 Milliarden Jahre) Und gibt uns jetzt schon mehr Energie als wir nutzen können. Einfach weil ölverblendete Kapitalisten -",-1,-1,1,1,1,1
"Ich möchte in eine Gruppe Querdenker springen und jeden kaputt schlagen der irgendwie etwas damit zu tun hat, ja auch die Frauen und Kinder.",-1,-1,1,1,1,1
"Hier entlarvt sich der ⁦⁩ selbst.  Eine Hetzjagd, wie er im Bilderbuch steht! Widerwärtiges Blatt! Wieviel hat euch  überwiesen?    https://t.co/zx1MusEGHb",-1,-1,1,1,1,1
"Es geht nicht um die herkunft sondern die Beteitschaft sich zu integrieren, hab noch nie lritische stimmen der afd gegen asiaten, skandinavier, leute vom balkan usw gesehen es trifft eben menschen aus dem nahen osten, da deren kultur unkompatiebel mit unserer ist",-1,-1,1,1,1,1
"Allein seine Bio sagt schon, wie behindert der im Kopf ist. Einfach nur krank solche Leute. https://t.co/697Dj6zINQ",-1,-1,1,0,1,1
"Hier wird ein Weib sozial geächtet wenn sie nur mit nem Kanake redet, geschweige denn mehr...

 https://t.co/jXk6CJd4xw",-1,-1,1,1,1,1
Was dieser Herr von sich gibt ist von Anfang an völliger Blödsinn. Der Merkel Speichellecker und Konsorten sind doch gerade dabei mit ihrer infantilen Inkompetenz genau das zu zerstören.,-1,-1,1,1,1,1
"Naja, der feinste Journalismus ist ja gerüchtehalber eher eine Mischung aus Populismus, Propaganda und Fakenews.",-1,-1,1,1,0,0
P. S. Ich bin meilenweit davon weg ein Nazi zu sein die sind genauso Abschaum.  Aber der ganze linke Quatsch hat ja auch schon viele Länder in den Ruin getrieben oder?,-1,-1,1,0,1,1
"Rauer Ton? Liegt wohl daran, dass es noch keine größere Lusche als  als -Vorsitzenden gab.",-1,-1,1,0,0,1
"Lebe stets so, dass es nicht nur   (und ), sondern zusätzlich auch noch  ärgert.",-1,-1,1,0,0,1
"Ich hab so langsam die Nase voll ,das Theater mit Laschet und Söder geht gar nicht,haben wir keine anderen Sorgen und nun das Notbremsengesetz,das ist doch alles nicht normal, sind unsere Politiker wirklich so blöd im Kopf das sie nicht merken was sie anrichten",-1,-1,1,0,0,1
"Ja. Söder und Laschet sind Honks. Lindner selbstverliebt und die Nazis ganz Rechts. Ganz Links, da ist ja kaum was. Ach ja unser Finanzminister  bei stabilen 10% den gibbet ja auch noch",-1,-1,1,1,1,1
"Vielleicht ein paar, aber es wird ja noch immer kommentiert oder nicht? 

Aber während Corona tausende Leute in eine Arena setzen ist nicht dumm und fahrlässig?",-1,-1,1,0,0,0
"Super  .Dann kostet Benzin bald 5 Euro Liter.   / Autos sollen  sowieso weg /  co2 Steuer... da graust einem vor so eine hoffe nicht Kanzlerin 
Da könnt i jetzt schon kotzen   schlimmer als merkel !!!!",-1,-1,1,1,1,1
"Ist ein armer Schlucker, traumatisiert und wußte nicht, was er tat. Das Messer? Das hatte er nur dabei, um Blümchen für Großmutter zu schneiden. Die Bauarbeiter müssen da einfach etwas falsch verstanden haben.",-1,-1,1,0,0,0
"Israel ist kein Staat, sondern eine brutale Terrororganisation.  Sie töten unschuldige muslimische Zivilisten.  Die Weltmedien ignorieren diese barbarischen Kindermörder, da sie wie immer auf der Seite eindringender diebe stehen.",-1,-1,1,1,1,1
Deutsche Inzucht unter sich    komisch das die sie solo lästern  wohl mehr mit nazis gemeinsam als gedacht das kleine lästermaul dieser ... Naja dafür wissen wir was in Reifen von  und  stecken https://t.co/lCvya1kQKq https://t.co/B1VRaPXHoU,-1,-1,1,1,1,1
"Das die  Laschet zum Kanzlerkandidat macht, ist ja auch nur konsequent. So Spielt der ganze korrupte Haufen definitiv keine Rolle bei der Registrierungsbildung und somit auch weder Armin noch das bayerische Rumpelstilzchen.",-1,-1,1,1,1,1
"Dass Demokratiefeinde von der  überhaupt über Listen sinnieren können, ist  .",-1,-1,1,1,1,1
"Ich glaub die leute sind schon gehirn geschädigt durch diese LOCKDOWN! Wie blöd kan man sein, ein mensch mit MORD zu drohen, der fur unsere freiheit kämpfe! Die bekommen nämlig  geld furs nichts tun! und dadurch keine lust mehr auf arbeit! Fauel geworden! Deshalb MORD DROHUNG!",-1,-1,1,1,1,1
"wenn die Union Laschet ins Rennen schickt,  wird Annalena Kanzlerin. Deutschland braucht eine neue Politik mit einer  jungen Kanzlerin. Ein ""Weiter so"" mit korrupten Politschmarotzern will niemand mehr.",-1,-1,1,1,0,1
Und was ist mit RLP? Da haben Sie doch zugestimmt. Sie sprechen mit zwei Zungen. So etwas nennt man Heuchlerisch. Bei allem Respekt: Sie sind ein Heuchler und Brandstifter,-1,-1,1,0,1,1
"Deshalb gab es die selben Rollen z.B. auch im alten chinesischen Kaiserreich und solche Strukturen existieren auch heute noch in afrikanischen Stammesdörfern.

Alles hat dieser böse weiße Mann geschaffen.",-1,-1,1,1,1,1
Umbau in einen ökosozialistischen Gender und Bauernstaat ohne Massetierhaltung. Leute wacht auf. Diese Fanatiker werden Zusammen mit der SED Nachfolgepartei Deutschland  ruinieren.,-1,-1,1,1,1,1
"Bitte google mal was CxU so gemacht hat.

Google wie bekloppt die AFD ist

Egal was sie tun, die Grünen werden es zumindest nicht schlechter machen können",-1,-1,1,0,0,0
"Ist Corona schon fertig? Ach so, wir sollen ja für den Klima Lockdown gehorsam gemacht werden. Ja, hat funktioniert, über 60 % der Bevölkerung werden auch hier mitmachen!",-1,-1,1,1,0,0
"Der hat echt ordentlich eins an der Waffel. Aber die Querdenker werden dann die nächste Sau durchs Dorf jagen und uns auf den Sack gehen, nachdem sie jetzt gemerkt haben, wieviel ""Erwachte"" es mittlerweile gibt.",-1,-1,1,1,1,1
Gumöchen ihr Haubentaucher heute gibts fette Cali büggel und ne Tracht prügel für jeden Nazi der Bock hat,-1,-1,1,1,1,1
"Demokratie und Sicherheit ??? Beides hat Merkel eindrucksvoll geradezu ausgeschaltet ...  Euch ist doch das Volk egal nur weil Wahlen anstehen wird wieder ordentlich der sprichwörtliche Honig ums Maul geschmiert, Ihr seid keine Volkspartei dafür aber die AfD umso mehr https://t.co/QkIEEzsYub",-1,-1,1,1,1,1
"So ein Schwachsinn, es zeigt sich mal wieder, das die unterbelichteten der AfD hier bei der LKR Zuflucht gefunden haben, um Geistigen Dünnschiss zu verbreiten.",-1,-1,1,1,1,1
"Redet Fr. Weidel() gerade von  gegenüber Querdenkern? Ich lache mich schlapp 
Linke Demos sind gewalttätig..Demos der Querdenker nicht..Fr. Weidel ist ja noch dümmer als gedacht!",-1,-1,1,1,1,1
Was für eine ekelhafte Berichterstattung über die Aktion  der Künstler. So ein verlogenes Schmierentheater gibt es eben nur in den Lügenmedien des Staatsfunkes. Jeden normalen Menschen müßte dieser widerliche Beitrag ankotzen. Ekelhaftes Gesindel,-1,-1,1,1,1,1
"Da ist er wieder, der Hauptschulabschluss-AFD-wählende Jürgen der nichts kann außer dumme Verschwörungstheorien zu verbreiten...",-1,-1,1,1,1,1
"Ich finde übrigens,  ist ziemlich unbasiert. Die  spricht nur die Wahrheit aus",-1,-1,1,0,0,0
"So ist das. Ich kann schwulen Sex für abartig und ekelhaft halten. Das ist mein gutes Recht. Ansonsten sollen sie ihr Ding machen, solange sie mich in Ruhe lassen und ich an jedem Baggersee Gangbangs sehen muss, wenn ich mit den Kids zum Schwimmen geh",-1,-1,1,1,1,1
"Dann soll er es als ""Regenbogenbinde"" bezeichnen! ""Schwuchtelbinde"" ist nur Wasser auf den Mühlen der Afd-Hasser und der linken Medien! Das wird jetzt wieder so breitgetreten wie der ""Negerschwanz"" von Palmer.",-1,-1,1,1,1,1
Merkel kann sich vor Freude kaum halten den Aleman Kartoffeln Kuffar Goyim wird ordentlich Feuer  unter dem Hintern gemacht und die Deutschen bezahlen brav für diese Verbrechen in dem sie die Verbrecher brav und devot ernähren https://t.co/2gpGzzfRFz,-1,-1,1,1,1,1
Waere amuesant. Treppenwitz ist ein besonders ekelhafter Arschkriecher des Merkel-Regimes.,-1,-1,1,1,1,1
"Wenn eine Horde geistiger Dünnbrettbohrer verzweifelt versucht endlich wieder in's Rampenlicht zu kommen...

  https://t.co/cf3i2NUbOK",-1,-1,1,0,1,1
"Völlige Verallgemeinerung. Korruption ist am wenigsten in Deutschland im Vergleich zu allen Ländern ausgeprägt. 
Ein Kanzlerkandidat der sich in zwei Untersuchungsausschüssen um Kopf u Kragen lügt ist untragbar Schuldenscholz ist eine Katastrophe. 
Baerbock inkompetent wie keiner",-1,-1,1,1,1,1
Anhänger der Kinderfickersekte sollten sich hier zurückhalten.,-1,-1,1,1,1,1
"Die kleine Drecksau hat mit seinen türkischen Freunden Körperverletzung an deutschen verübt und saß dafür im Jugend Knast 
Bist du eine linke Antifa Sau oder warum findest Du das gut.
Ein guter Deutscher kannst Du nicht sein",-1,-1,1,1,1,1
"nein tut sie nicht, die heuchler der EU sind nur hinter israel da papa amerika es sagt, jeder klar denkende Mensch unterstützt Israel nicht",-1,-1,1,1,1,1
"Ein Nazi bei der Linken 

Jetzt weiss man auch wo „die Linke“ herkommt und wessen Geistes Kind die sind: diese echten NAZIS!

Ein einziger Drecksstall!
Drecks OstSozialismus
Drecks Sozialisten
Drecks DDR
Drecks SED
Drecks PDS
Drecks Die Linke (NAZIS)
 https://t.co/eVFSV8iiYx",-1,-1,1,1,1,1
"Will ist ne alte frustrierte Lesbe, zugeknallt mit Botox. Respekt dass Sie sich diese „Talk-Folter“ antun können. Mit wird schlecht wenn sie mit dem ersten Satz anfängt, weswegen ich den Müll einfach nicht mehr schaue. Weniger Quote = Absetzung der Sendung + Will",-1,-1,1,1,1,1
"Die einen fliegen gern  die anderen sind vergesslich 
Da sich die  gerade selbst zerlegt, wird der  sicher einschreiten und in endlosen Quasselsendungen ihren Lieblingen zur Seite springen.",-1,-1,1,0,0,0
"das geringste Übel ist immer noch eine fremdgesteuerte Deep State Kreatur die ihren Volksverrat nur besser kaschiert, siehe Meuthen. 
An ihren Taten sollt ihr sie erkennen.",-1,-1,1,1,1,1
"Wir wollen auch nicht mehr hören, dass Soloselbstsäntige ihr Berufsrisiko kannten und  fallen gelassen werden wie eine heiße Kartoffel. Wir haben die Schnauze voll von steigenden Mieten mit der Begründung, ja der arme kleine Vermieter, der damit seine Familie ernähren muss.",-1,-1,1,0,0,1
"Wie gut, dass die Bundesregierung endlich ein Schönes-Armut-Gesetz auf den Weg gebracht hat! Danke! Ich nehme an, in Peking wälzt man sich brüllend vor Lachen auf dem Boden, weil sich ein globaler ökonomischer Konkurrent gerade selbst entleibt. Glückwunsch!",-1,-1,1,1,0,1
"Im Keller &amp; im Ganzkörperkondom kriegen Sie das bestimmt hin.

Leben retten. Diese heuchlerische NoCovid Fratze ist zum heulen. https://t.co/c9RU867bwv",-1,-1,1,1,1,1
"Das schöne am Kapitalismus:

Seine Teilnehmer müssen keineswegs gutmütig sein, um Gutes zu tun.

Er lenkt den Egoismus des Individuums in sinnvollen Ressourceneinsatz der Gesamtheit um.

Begreifen verblendete Linke nur nicht...",-1,-1,1,0,0,0
"Wenn se schwach werden, dann hauen se ab

Aber reden dann von Stolz und Stärke und sie sind das Volk

Wenn du dir die Tweets anschaust weißte eh: Rechter Schwurbler-Alarm!",-1,-1,1,1,1,1
"Da sieht man wie gewalttätig Querdenker sind, Querdenker gehören Verboten und als Terrorgruppe eingestuft https://t.co/Lg5ZqQ9wee",-1,-1,1,0,1,1
Wir haben nur einen Lockdown der verschärft und wieder gelockert wird. Wann begreifen  die Menschen das mal. Die Regierung verarscht uns alle. Der Lockdown hat uns alle nichts gebracht. Nur Erger.,-1,-1,1,1,0,1
"Haben Sie ein Glück, dass Dämlichkeit nicht quietscht. Man würde Sie bis hierher hören.

*PLONK",-1,-1,1,0,1,1
"Dummschwätzer, bist sicher auch einer derjenigen welche für jeden Blödsinn auf die Straße laufen, weil ihnen zuhause Keiner zuhört.",-1,-1,1,0,1,1
"Es ist eine Schande was hier passiert, jetzt regiert Merkel bis ins Wohnzimmer, diese Person ist ein Satan und Monster, mich gruselt es vor dieser Person, das ist kriminell",-1,-1,1,1,1,1
"DIe meisten  Verfechter, die alles getan haben um sich nicht zu , brav neg.  Tests vorweisen, haben nicht begriffen.  

Ihr bleibt UNFREI.

Ihr werdet verarscht von  und Kumpane.

Kommt heraus und reiht euch ein. 

Gemeinsam,  für die Freiheit .",-1,-1,1,1,0,1
"Wer  könnte es jungen und alten Juden verübeln, bei Merkels andauernder  Party die zum größten Teil aus Juden hassenden illegal Eingereisten, aber herzlich Willkommenen Migranten besteht. Man könnte unterstellen, dass ist politisch so gewollt, niemand ist so dumm.",-1,-1,1,1,1,1
"Ich ""hetze"" nicht. Die Nazis und die Islamisten hatten übrigens damals ""perfekt zusammen gearbeitet."" Ihnen nicht bekannt?

Der ""politische Islam"" war u. ist Faschismus und Antisemitismus pur.",-1,-1,1,1,1,1
"Anmerkung: Bei der Hexenjagd auf  outen sich viele Grüne gerade als Nazis. Solche Leute würden Andersdenkende in Lager sperren, aus dem Land werfen, verfolgen. Das dürfen wir nicht zulassen, sondern gemeinsam für ein besseres Miteinander einstehen.",-1,-1,1,1,1,1
"Ich hatte das schon im April 2020 gehört!
Da hieß, es die Amis kommen besetzen alles, Internet wir abgeschaltet und und und ....!
Alles alte Kamellen! Sowie der Weltuntergang der schon x-tausend mal zum Tag X-Y prophezeit wurde!
Und nichts ist! Nichts als Spinner die !",-1,-1,1,1,0,0
Die blöden  am  halten wieder nicht die Mindestabstände ein. Dicht gedrängelt. Eh könnte kotzen.   Die gefährden Menschenleben verdammt!    https://t.co/UQY48elYIl,-1,-1,1,0,0,1
Vielleicht wäre ein Kaiser ganz gut ! https://t.co/56pD3h55Qp,-1,-1,1,0,0,0
"Ich wähle die AfD, 
weil ich wünsche das es in Deutschland wieder mit rechten Dingen zugehen und normal werden soll.  Dazu müssen wir der linksversifften Politik ein Ende setzen. 

Rede von Dr. Gottfried Curio (17.04.2021) https://t.co/z2Ril9Ef3I via",-1,-1,1,1,1,1
Der  Penner hat mich auf irgend eine Liste gefügt!        https://t.co/VwUrq2khjg,-1,-1,1,0,1,1
"Ich würde gern das gleiche über Laschet und meine Generation sagen, aber leider repräsentiert diese windelweiche Lusche sie allzu gut. 

Anstatt dieser Haßfratze gnadenlos und brutal den Spiegel vorzuhalten kriecht er herum wie ein Wurm. Keine Eier, kein Hirn, keine Zukunft.",-1,-1,1,1,1,1
Merz: NRW gut regiertNRW CDU Politiker leben in einem Paralleluniversum. Für wie blöd hält man die Bevölkerung eigentlich?  Die Stimmung über Laschet ist seit Monaten schlecht und schlechter und wird über den Sommer wohl kaum besser. Wie auch??,-1,-1,1,0,0,1
"Jeder der den grünen widerspricht paßt nicht in ihr System und muss beseitigt werden
Ja und in eure Eigenheime kommen dann Merkel Goldstücke 
Also past auf was ihr  wählt!
Grüne und CDU CSU sowie SPD sind im Moment die größte Gefahr für Deutschland
Noch weit vor den Islam",-1,-1,1,1,1,1
So seht ihr euch also . Mal eben das Recht selbst in die Hand nehmen . Was fällt euren Kollegen ein selbst zu strafen und euch das auch noch gut zu heißen . Ganz zu schweigen dem Respekt den Opfer und den Angehörigen gegenüber .,-1,-1,1,0,0,1
"Keiner glaubt euch mehr! 
Ihr könnt Kreide fressen und flöten soviel ihr wollt .... ihr seid die hässliche menschenverachtende Fratze des Kapitalismus, der Korruption und geheuchelten Doppelmoral!
Raus mit euch aus der Regierung!",-1,-1,1,1,1,1
"Stimmt, Spahn sitzt in einer Partei, wo Korruption zur Tagesordnung gehört.",-1,-1,1,1,0,0
"Busse der einzige der unterirdisch ist sind Sie!

Nehmen Sie Ihre Antisemiten mit und wandern Sie aus!

Sie gehören hier nicht hin!",-1,-1,1,1,1,1
"Oh, ein kleiner Meldling. Melde, wie Du willst, denn rausgehen tut der Text nicht. Warum sollte es auch. Ihr merkt es nicht einmal, wie sehr ihr euch wieder einmal in eine Richtung entwickelt, die einfach nur krank ist. Und hinterher will es dann wieder keiner gewußt haben",-1,-1,1,0,0,1
Jaja du afd Troll … ihr werdet euch noch wundern was ihr mit eurem uninformierten gesabbel anfangen könnt …,-1,-1,1,0,1,1
"Amen.  Neubauer bleibt trotzdem ein vorlautes Gör, das den Bezug zur Realität verloren hat. Die kleine Kackbratze mault nur rum und wirft Fakten durcheinander, kennt die Inhalte der Klimaabkommen nicht und fühlt sich geil wie Greta den alten Politikern Vorwürfe zu machen.",-1,-1,1,0,1,1
"Jaja, die drei roten Vollpfostenpunkte sagen mal wieder alles.",-1,-1,1,0,0,1
"Hast du keine Empathie für den einzigen Planeten dieses Sonnensystem, der durch einen Parasiten namens Menschen stirbt?",-1,-1,1,1,0,1
"Ein Skandal, wenn die Staatsanwaltschaft u die Polizei wegen der Volksverhetzung nicht Ermitteln u es verschieben/einstellen würde. Gerade der Chef des Flügels u der gesichert Rechtsextremen -Thüringen. Mach dich nicht Lächerlich. Law and Order ist angeblich euer Motto",-1,-1,1,1,1,1
"Dieser Typ war auch davor ein ekelhafter und gefährlicher Mensch vlt versteckt hinter einer Fassade. Weder Stress wegen Arbeit und corona, noch die sonst übliche Ausrede alk sind ursächlich. Und  belästigt Angehörige und packt es hinter paywall",-1,-1,1,1,1,1
Die  ist wirklich der letzte Dreck geführt von verdammt arroganten Wahrheitsverleugnerischen Primaten die auch noch immer mehr ungebildete Anhänger finden. Ups ich glaube jetzt ist mir die  .,-1,-1,1,1,1,1
"Ich hab gestern Abend  NICHT gesehen, ich saß mit einer kühlen Flasche Pils auf meiner Terrasse.
Auch mal schön, so ohne Betablocker und den geistigen Dünnschiss der verwöhnten Reemtsma-Rotzgöre .
Habt alle einen schönen Tag!",-1,-1,1,0,1,1
"Ich gehe davon aus, dass nach der Regierungsübernahme durch die AfD die grünen Spinner im Rahmen einer ""Arbeitsbeschaffungsmassnahme für gescheiterte Despoten"" zum Rückbau dieses Irrsinns eingesetzt werden.",-1,-1,1,1,1,1
shahahahah ich trete dich geistig behindert du   und wenn es dich so triggerd lutsch die schwänze deiner zwei väter du bastard,-1,-1,1,1,1,1
"Klar, sie halten allen den Spiegel vor, die lieber denken lassen statt selbst denken. Das heuchlerische Pathos der Politik wird in seinem Grundfesten erschüttert - alles Theater, was diese Politik derzeit verzapft. Eben auch Schauspieler - unsere Politiker . . .",-1,-1,1,0,0,0
"6 Millionen Arschloecher. Wer Nazis, Faschisten, Rassisten, Antisemiten, Homophobe usw. waehlt, wird selbstverstaendlich ueber einen Kamm geschert. Die Motivation, ob Kalkuel, Frust, Protest oder was auch immer, ist dabei voellig irrelevant!",-1,-1,1,1,1,1
"Wär Hass säht wie die Grünen auf alles Deutsche der braucht sich nicht wundern wenn Hassattacken folgen. Nur der Unterschied ist wenn die Grünen Hassattacken gegen die AfD loss lassen ist das  ""Normal"" , aber wehe die AfD wehrt sich, dann ist das gleich Gefahr für die Demokratie.",-1,-1,1,1,1,1
"Einfach jeden Betrunkenen, mit beklopten Farben geschmückten Irren einfach umlegen. Die Bundeswer? Muss panzer schicken!!!",-1,-1,1,1,1,1
"Wer so gestgefressen an seiner ach so woken Dummheit ist,hat sich weder mit dem Programm noch den Zielen der AfD beschäftigt. Den politischen Gegner argumentiert ohne Hass bekämpfen? Ja! Diffamieren? Nein! Doch lassen die Linken lieber Brandflaschen fliegen!",-1,-1,1,1,1,1
Warum sollte sich die Kanzlerkandidatin mit einem Provinzidioten aus der eigenen Partei in ein TV-Duell begeben?,-1,-1,1,1,1,1
"Nixcht nur in der AfD generell ! Eine doofe Nuss hat Jahrzehnte gereicht !!! Überall FRAUEN nur noch FRAUEN, was soll denn dieser Blödsinn ????",-1,-1,1,1,1,1
"Jung, schwul und behindert sind KEINE Kriterien für eine Einstellung oder Wahl. Das sind eher Ausreden für nicht vorhandene Fähigkeiten.

Gut, für die dummen Grünen scheint das wohl zu langen.
Baerbock ist ja auch völlig talentfrei.",-1,-1,1,1,1,1
"Koboldin oder Deutschlandhasser?!
Von wegen Harmonie und heile Welt: Der Entscheidung um die Kanzlerkandidatur bei den Grünen ging offenbar ein knallharter Machtkampf voraus! 
Und der Sieg von Annalena Baerbock (40) hat bei Verlierer Robert Habeck (51) tiefe Wunden hinterlassen.",-1,-1,1,0,0,0
Du fetter Hurensohn hahahahahahahahah du machst fake leak aber beim echten einfach fetter Hurensohn kanake der stinkende Eier hat,-1,-1,1,1,1,1
"das in dein rechtes Köpfchen reinpasst oder nicht. 
Allein schon der lächerliche versuch Minarette zu verbieten zeigt die peinliche Islamophobie deiner clown partei.",-1,-1,1,0,1,1
Ich möchte ausdrücklich betonen das der größte Teil der ehemaligen DDR-Bürger nicht so blöd in der Birne ist wie die Baum von der AfD oder die Kistel von den Quersäufern.,-1,-1,1,0,1,1
Ja. Laschet hat was am Kopf. Der gehört wie der gesamte groko Misthaufen in eine idioten Anstalt eingewiesen. Rothäute Schwarze Grüne sowie gelbe sind für mich unwählbar.,-1,-1,1,1,1,1
"Meinen Sie verantwortungslose Eltern, die den Stuss von Reitschuster, Schiffmann und Co. glauben und ihren Kindern erzählen, dass in Deutschland die Demokratie, Presse- und Meinungsfreiheit abgeschafft wird, Impfungen total gefährlich sind und Kinder an Masken sterben würden?",-1,-1,1,1,1,1
"Die heutige Headline im Print ist pure Querdenker Rethorik.. der Ekel den   und die  auslösen ist in solchen Krisenzeiten noch zusätzlich gepaart mit einer Wut über solch asoziales Verhalten.
Journalistischel Gesindel, zugekokst und hässlich.",-1,-1,1,1,1,1
"Dass Leute nach 15 Jahren Merkel unironisch feiern, dass die Grünen eine Frau aufstellen ist absurd!

Dass das dumme Identitätspolitik ist kommt natürlich obendrauf. Dass die Dame nicht allzu schlau wirkt und die Ideen aus der etatistischen Hölle stammen macht´s  noch schlimmer.",-1,-1,1,1,1,1
"Das werde ich nicht vergessen bei der BT-Wahl, weil CDU/AfD  wesentlich besser für das Land ist als ""Die Linke Mauermörder Partei"", die die SAntifa unterstützt und mit den Grünen und der SPD Berlin mehr und mehr zerstört",-1,-1,1,1,1,1
"""antidemokratischen und rechtsextremen Haltung der AfD"" Sie glauben diesen absoluten Blödsinn wirklich? Die  ist übrigens derzeit die einzige Partei in unseren Parlamenten, welche unsere  nicht mit Füßen tritt.",-1,-1,1,1,1,1
"Was ist nur mit diesem Scheißland passiert? Alle werden kollektiv bekloppt und teilen Querdenen-Stuss. Erst meinen ""Klatschen für die Pflegekräfte"" wäre hilfreich und jetzt allen Pflegern und Medizinern so ins Gesicht spucken. Schämt euch!",-1,-1,1,1,1,1
"Wenn ausgerechnet die aufgeputschte, volksverhetzende Anal Lena Baerbock, sich in der Opferrolle suhlt, der Darling der kaputten braunen, Menschen hassenden NATO Macho Krieg Säcke und ihren sadistiechen korrupten Geheimdiensten     https://t.co/ZH41fjXtxf",-1,-1,1,1,1,1
"Der AfD-Fan Kohlberg und die ""neue SA"". Soso...

Man wundert sich über nichts mehr bei den AfDeppen

Sie können lange nach Hirn schreien.
Bei Ihnen bleibt es so hohl, braun und düster wie vorher 

 
 https://t.co/qnoUdh00Xk",-1,-1,1,1,1,1
Zwei junge Berliner Mädels die auf der Querdenker Bühne die sich über die Querdenker lustig gemacht und Helios und Elijah Tee sind so doof und merken es nicht mal. Der Satz des einen jungen Mädels fand ich geil zu den Schwurblern. Ich hoffe ihr bekommt alle Corona. https://t.co/kpcuElokSL,-1,-1,1,0,1,1
"Und selbst die braunen Hobbynazis dürfen ihren Brechdurchfall von sich geben, verrückt.",-1,-1,1,1,1,1
"Es ist halt so, wie wir es zur Zeit immer wieder sehen: . Die Grünen, FridaysForFuture oder  ... das sind -Faschisten, denen nicht die Natur am Herzen liegt, sondern deren linksextremistische Ideologie.",-1,-1,1,1,1,1
Einzeltäter!  Wie viele Menschen kommen pro Jahr durch Migranten um? Eben auch Einzeltäter!,-1,-1,1,1,1,1
"Haben Sie  erkannt, dass Neubauer, Anne Will und Volksverpetzer damit eine Relativierung der Schoa betreiben. Meine jüdischen Freunde sehen es auch so! Wer diesen Begriff so verwässert und sogar lügt, missbraucht die Opfer eines inhumanen Systems für politische Agitation!",-1,-1,1,1,1,1
Heuchelt nur weiter so. Niemand kauft es euch noch ab. Ihr seid nur gierige Parasiten der Gesellschaft.,-1,-1,1,0,1,1
Die AfD ist der Abschaum der Menschheit und für uns untragbar https://t.co/lZLnmpEiG8,-1,-1,1,0,1,1
"DIe meisten  Verfechter, die alles getan haben um sich nicht zu , brav neg.  Tests vorweisen, haben nicht begriffen.  

Ihr bleibt UNFREI.

Ihr werdet verarscht von  und Kumpane.

Kommt heraus und reiht euch ein. 

Gemeinsam,  für die Freiheit .",-1,-1,1,1,0,1
"Das ist genau die Sprache, die von den Rechten Rattenfängern verstanden und selbst benutzt wird, oder wie finden Sie ""Schwuchtel"" ""Messermänner"", ""Kopftuchmädchen"" und andere ""Taugenichtse""?",-1,-1,1,1,1,1
"Die  zerstört die  . Gute Arbeit. Vielen Dank!
Schaut es euch an, verbreitet es.",-1,-1,1,0,0,0
"Dieser Hund komm nach Berlin du dreckiger Nazi, ma guxken wie du das hier abziehen wirst",-1,-1,1,1,1,1
"Admins der größten Meißner Querdenker-Gruppe löschen seit heute morgen gezielt Nachrichten, die ""zu weit abgedriftete"" und offen rechtsextreme Mitglieder kritisieren.
Damit dürfte das Argument gegessen sein, dass ja nur ein kleiner Teil der Querdenker Nazis wären",-1,-1,1,1,1,1
Ihr seid elende schmierfinken und gekaufte Hetzer ohne selbst denken zu können keine eigene Meinung  die afd hat recht,-1,-1,1,1,1,1
2/2 Querdenker demos generell verbieten nicht vergessen. Die tausenden idioten tragen auch nicht grad fördernd bei,-1,-1,1,1,1,1
"Mich düngt, man muss als Schauspieler nicht zwingend zumindest durchschnittlich intelligent sein. Wie  seine mangelnde Medienkompetenz nun auf andere projiziert, ist allerdings nicht neu. Das machen dumme Querdenker ja auch bereits seit 1 Jahr.",-1,-1,1,0,1,1
"Das sind keine Journalisten, das sind elende Hetzer und verbreiten nur Lügen oder Halbwahrheiten! 

Das wusste ich schon seit meinem 16. Lebensjahr. Warum liest die noch irgendeiner?",-1,-1,1,1,1,1
"Du hast Recht, ich sollte Twitter mal zumachen. Die Idioten fliegen heute so tief",-1,-1,1,0,0,1
"Funktioniert nicht. Die Flüchtlinge kommen übers Meer. Es gibt griechische Inseln, die sind  so nah an der türkischen Küste das ein geübter  rüber kann.
Sanktionen bringen nix-&gt;
Wirtschaft Arbeitslosigkeit-&gt;
Flüchtlinge+Türken+Kurden setzen sich in 
 in",-1,-1,1,1,1,1
"Das Gesetz wurde gemacht um noch effektiver die Bürger gegen die Regierung zu mobilisieren.
Wenn es nicht den so schrecklichen totalitären Geist von Merkel offenbaren würde, müsdte man sich für diese Steilvorlage geradezu bedanken.
Der Krug geht so lange zum Brunnen ...",-1,-1,1,1,1,1
Alles der gleiche Typ Mensch. Wer jetzt noch fragt wie die Lager möglich waren braucht sich nur die Leute mit den roten Punkten anzuschauen oder die ZeroCovid deppen.,-1,-1,1,1,1,1
"Die Kirche mausert sich zum größten Gegner der Christenheit - Geld, Islamisten und Schwule sind vielen von ihnen wichtiger als christliche Familien. Dazu kommt noch die Gier nach Geld und Macht - nur mit der Förderung des Islam macht die Kirche aus Geldgier den gleichen Fehler --",-1,-1,1,1,1,1
"Oh nein. die Risiken trägst du , aber keine Angst, du bist nicht alleine, alle anderen Geimpften auch.",-1,-1,1,0,0,0
"Ich schon. Werde dann aber als Nazi beschimpft. Heute meinte mich jemand belehren zu müssen, dass ihm durch die Maske die Grundrechte genommen werden. Ich war so genervt, weil ich nur wenige Minuten vorher Stress mit einem Covidioten hatte, dass ich nur Halt die Fresse gesagt hab",-1,-1,1,0,1,1
mit Captain Schwurbel &amp;  (Merkel-Schreck vom Kanzleramt) setzt sich in Bewegung.  https://t.co/kWsFgzrY85,-1,-1,1,1,0,0
Wann schmeißt ihr Laschet und die zwei anderen Clowns raus? Eure Show kauft keiner ab! Ich find sie gut... totaler Zerfall geistiger Wahrnehmung der CDU! Das wirkt chronisch... longLaschet!  Geil,-1,-1,1,0,0,1
"Der Einwurf, diese Migranten flüchteten doch gerade vor den Verhältnissen ihrer Heimatländer und seien dadurch nicht an einer  Destabilisierung und Islamisierung ihrer europäischen Ankunftsländer interessiert, trifft aus  mehreren Gründen nicht zu.""",-1,-1,1,1,0,0
"Nicht die Querdenker haben das Grundgesetz ausgehebelt sondern 342 ""Demokraten"" im Bundestag! https://t.co/hegIdOhDl2",-1,-1,1,1,1,1
"Wenn man sieht, wie hilflos der Gesichtsausdruck von Armin Laschet wird, während er die Fakten an den Kopf geworfen bekommt, weiß man, warum die CDU momentan nur mit Dreck wirft.

Chapeau , Respekt für diesen Auftritt! https://t.co/gsleM5ti4l",-1,-1,1,0,0,1
"Was anderes habt ihr Blödnazis nicht drauf? Dein erbärmlichen Job, dein hohler Kartoffelstolz, alle für dumm halten* die nicht pausenlos den selben infantilen  AfD und co Mist  nachplappern. .. Der Neid derer die nix im Leben haben.",-1,-1,1,1,1,1
"Linksgrün-versiffte Umfrage könnte man sagen.
Die Grenze zur Satire ist quasi überschritten, das geht zu weit.",-1,-1,1,1,1,1
"Diesen Scheusalen traue ich mittlerweile alles zu 
Eltern wehrt Euch!
Keine Giftspritze!",-1,-1,1,1,1,1
"In welcher Blase leben Sie ? Das Problem ist, Menschen wie Sie stecken sich nicht nur selber an, Sie verbreiten Covid19 und gefährden damit viele andere Menschen und sind verantwortlich für die hohen Fallzahlen. Deshalb ist Ihr Verhalten nicht einfach  egal",-1,-1,1,1,1,1
"Ich befürchte auch eine kleine Gehirnwäsche unserer Kinder durch den ein oder anderen NoCovid-Lehrer.

""Es ist wichtig, dass Ihr Euch impfen lasst."" oder sowas in der Art ist vermutlich nicht verboten. Oder doch?",-1,-1,1,1,1,1
Ekelhaft menschenverachtet ist Ihre korrupte Alki-Lobby-Partei. Menschen in die Irre führen um die  Alk-Industrie zu schützen und 75000 Todesopfer gegenüber Cannabis zu verharmlosen. Ihr bringt Elend über Menschen. Cannabiskrimunalisierung ist kriminell!,-1,-1,1,1,1,1
"Noch untwürfiger als unsere jetzige Regierung kann eh nix mehr sein.

Ursula lässt sich von nem kleine Möchtegern-Diktator demütigen, Merkel und Co. küssen Xi die Füße und Orban kann auch auf den Rechtsstaat spucken ohne Konsequenzen. 

Konservative sind die größten Lappen",-1,-1,1,1,1,1
Wenn nur stinkende heiße Luft aus solchen Mäulern kommt! Niemand braucht das.,-1,-1,1,0,1,1
"Sehr sehr gut YouTube... Diese widerlichste Lügen ""Presse"" von nicht-Journalisten ist unerträglich und gefährlich.",-1,-1,1,1,1,1
"Gehts noch schlimmer Antifa auch noch, ist der Haufen von dem wir drangsaliert werden nicht kriminell genug?",-1,-1,1,1,1,1
"Die AfD ist rassistischer Hurensohn.  Die reden nur aber die trauen sich nichts, weil die keine Eier haben.",-1,-1,1,1,1,1
Wahnsinn wie Demos die links von der Mitte kommen niedergeknüppelt werden und wie Querdenker Demos die rechts von der Mitte sind gestreichelt werden von der Polizei und das an einem Tag wo ein die CDU die Grenze zu Nazis öffnet durch die  Nominierung von Maaßen.,-1,-1,1,1,1,1
"Ach Freddy ma boy… dir würd ichs auch nicht anvertrauen 

Macht nut weiter mit eurem „Wahlkampf“ 

Peinlich seid ihr… peinlich 

Bringt doch Inhalte!! 

             https://t.co/6w8YfqTBlt",-1,-1,1,0,0,1
"Der  zeigt seine hässliche Fratze. 
Und die ganzen  wie ,  ""Aktivisten u.a. sind auf dem Weg es ihnen gleich zu tun!
Diesen Abschaum gilt es zu bekämpfen.",-1,-1,1,1,1,1
"Die widerliche  wird mir heute vermehrt in die tl gespült. 
Das ist ok, man soll dem Bullshit zwar keine Reichweite geben, aber ab und zu auffrischen, warum das der letzte Abschaum ist, schadet ja auch nicht.",-1,-1,1,0,1,1
"Und wieder ein verrat der spd.
Von den anderen Verbrechern erwarte ich ja nichts andres mehr, bei der spd hat man ja immer bisschen noch die ilusion.

Keiner von diesem scheiß Haufen ist noch wählbar.

Die arbeiten auch alle mitlerweile mit afd zusammen.
Wiederliche wende Hälse. https://t.co/9Un0rbrKXn",-1,-1,1,1,1,1
"Herr Maaßen ist klasse, er hat noch gesunden Menschenverstand, was vielen mit ihrem heuchlerischen Gutmenschentum     schon lange verloren gegangen ist.",-1,-1,1,0,1,1
"Dass Demokratiefeinde von der  überhaupt über Listen sinnieren können, ist  .",-1,-1,1,1,1,1
Ja lächerlicher Typ und wurde vom WEF gehyptals Nächstes kommt die Kobold Bärbock auch dumm wie Brot. Korruption hoch 10 https://t.co/HHFDXN3cnp,-1,-1,1,1,1,1
"Ein weiteres über alle Maßen betrügerisches Manöver der grünlinken Schwarzen, das Feigenblatt Maaßen zu installieren, um allzu schlichte Naturen davon abzuhalten, das ehrlich konservative Blaue Original zu wählen !",-1,-1,1,1,1,1
"So ein krankes Gedankengut sitzt im Bundestag... Die machen dann auch Corona Verleugnerdemos u beschweren sich, wir hätten keine Demokratie mehr... Vielleicht schalten die mal ihr - anatomisch - eigentlich vorhandenes Gehirn an     https://t.co/j83PQCNevW",-1,-1,1,1,1,1
"Früher ist es so gewesen. Der Mann war dafür verantwortlich das Nahrung auf den Tisch kommt. Er war für die Jagd und Landwirtschaft zuständig. Frauen waren für die Küche und Kinder zuständig, und alles war gut. Seit die Frauen übernehmen, läuft vieles falsch.",-1,-1,1,1,1,1
"Das passiert halt wenn Frauen und anständige Männer auswandern. Der Osten wird brauner, der Westen grüner. Wenigstens bleibt das abgehängte Faschopack zunehmend unter sich.",-1,-1,1,1,1,1
"Ich finde es gut, dass so hochbezahlte Volksverräter ää Volksvertreter ihre teure Zeit damit verbringen, Kulturgut umzudichten, damit man die ärgert. Er verschwendet Redezeit, weitere verschwenden Arbeitszeit, Zuhörer verschwenden Lebenszeit. Dank Steuergeldern ... ganz toll",-1,-1,1,1,1,1
"Die nigerianische Mafia infiltriert Deutschland https://t.co/tnsXHvUPFb via   Klar! Schaut die meisten Flüchtlinge an, gut genährt, trainiert, hell in der Birne, denn sie wollen mehr! 90 % sind als gefährlich einzustufen.",-1,-1,1,1,1,1
"„Bis 2050 sinkt der Autoverkehr in den Städten der Industrieländer um 81 %; der Wohnraum schrumpft pro Einwo. um 25 %. Und in ein Flugzeug steigen die Bürger eines Industrielandes nur noch alle 3 Jahre.“    

https://t.co/AyXoze3Z86",-1,-1,1,0,0,0
"Das merkt man ganz besonders gut bei ihnen wie sie das Grundgesetz gut finden, in dem sie jegliche Opposition ausradieren wollen und die Meinungsfreiheit nur für Grüne Polemik nutzen wollen.",-1,-1,1,1,1,1
"bedeutet eine von Moral und Anstand befreite Politik, Korruption, Vetternwirtschaft, Stillstand, rückwärtsgewandt und Lobbyismus, neuerdings Nationalismus! Die CDSU ist ein Haufen verkommener Ratten, die sich auf Kosten des Steuerzahlers bereichern, unchristlich asozial",-1,-1,1,1,1,1
"Das schlimme ist, die Anhänger des widerlichen, menschenverachtenden, in Klimafragen extrem dummen   , kennen den Unterschied auch nicht und verkennen völlig das diese Bagage nur unser Geld verbrät.",-1,-1,1,1,1,1
"Nazis sind zu dumm um Satire zu verstehen.
Die nehmen es für bahre Münzen und lassen Taten folgen und dann sterben Menschen.
Der Dreck muss weg.",-1,-1,1,1,1,1
"Meine Hoffnung ist, dass sich die AfD  durch ihre Dummheit selbst enthauptet und verschwindet. Kann's leider nur immer wieder sagen: Deppen!",-1,-1,1,1,1,1
"Nazis bleiben Nazis und Schäuble ein schwarzer - Koffer Mann 
 aus unserm Bundestag
 lügt

KANN MAN ABWÄHLEN",-1,-1,1,1,1,1
"Fakt ist, Ihr AfD Lebensversager versagt abermals wie Eure Vorfahren und das genieße ich sehr. Bildungsresistente AfD Covidioten Massenmörder Terroristen ernten Verachtung auf ganzer Linie und das ist gut so Du Otto.",-1,-1,1,1,1,1
"Wen asoziale Egomanen aus ihrer wohlstandsverwahrlosten Scheinwelt heraus die Medienpräsenz ihrer hässlichen Hackfresse für wertvoller als das Leben des gemeinen Pöbels erachten, dann rülpsen sie zufrieden grunzend widerlichen Dreck wie  in den Äther.",-1,-1,1,1,1,1
"Kein Wahlprogramm, Politiker, die kriminell oder rechts sind, die Hütte brennt an allen Enden, Merkel hinterlässt einen Haufen Müll, du hast keinen Anstand und keinen Funken Intelligenz beim Twittern. Was die Pandemie schafft: Die dumme, ekelhafte Seite der CDU klar rausstellen.",-1,-1,1,1,1,1
Ist die AfDeppin dumm oder dumm?,-1,-1,1,1,1,1
"Für manche hat Schwurblerei einfach einen Suchtfaktor. Vorher einsamer Nobody, jetzt als Querdenker Teil einer Gemeinschaft ist identitätsstiftend.

Blöd nur, wenn das aktuelle Thema verschwindet und man als Intelligenzallergiker ständig dem nächsten Unsinn hinterherhecheln muss.",-1,-1,1,0,1,1
"Schäbige Populistin (immer noch), die eine schreckliche Tat missbraucht (wieder), um pauschal gegen eine ganze Gruppe zu hetzen (immer). Auch wenn es in -Zeiten untergeht: wer AfD wählt, wählt Nazis",-1,-1,1,1,1,1
Ja.. grausam..Ich finde es auch immer störend morgens vor der Schule über die unter der Maske ersticken Kinder zu steigen..,-1,-1,1,1,1,1
"WHO: ""Dieses Virus hat eine enorme Bewegungsenergie""
Was für ein Bullshit!
Das Problem sind Psychos und Arschlöcher und Schlappschwanz-, die zu blöd sind, auf  sinnvoll zu reagieren.
Ganz einfach.
 https://t.co/z3feLIbYoB",-1,-1,1,1,1,1
Rechtsbeugung wird also von der  begrüßt... Da war die Beobachtung dann ja wohl doch richtig....,-1,-1,1,0,0,0
Das ist genauso rassistisch wie dieser Typ im Video. Es gibt Nazis und Rassisten in jedem Teil von Deutschland. Nicht nur im Osten. Ich selbst bin 1981 in Sachsen Anhalt geboren und möchte nicht mit Abschaum wie dem im Video verglichen werden.,-1,-1,1,0,1,1
"Hey Hannes, ich wollte mich noch mal bei dir und deiner dreckigen Assipartei bedanken, dass ihr mal wieder ein notwendiges und wichtiges Gesetz gekippt habt (Bienen-Schutz-Gesetz), weil der scheiß Bauernverband interveniert hat. Ihr seid der letzte Dreck. Liebe Grüße",-1,-1,1,1,1,1
Problem ist halt das diese feigen Querdenker immer ihre Kinder mitnehmen um Bilder von der auch so bösen Polizei zu erzeugen dabei sind sie die Bösen,-1,-1,1,1,1,1
"Wie nennt man sonst eine Partei, die Flüchtlinge vergasen will, Holocaust- Leugner und Faschisten beherbergt?",-1,-1,1,1,1,1
"Diese Künstler manipulieren subtil und zynisch aus reinem Eigennutz, ohne jedes Gefühl für Verantwortung, und spielen Querdenkern, rechtem Gesindel und anderen Defekten in die Hände. Abstoßend!",-1,-1,1,1,1,1
"DIe meisten  Verfechter, die alles getan haben um sich nicht zu , brav neg.  Tests vorweisen, haben nicht begriffen.  

Ihr bleibt UNFREI.

Ihr werdet verarscht von  und Kumpane.

Kommt heraus und reiht euch ein. 

Gemeinsam,  für die Freiheit .",-1,-1,1,1,0,1
"Ekelhaft sind in meinen Augen über Demokratie signieren, sich selbst aber undemokratisch verhalten",-1,-1,1,0,0,1
"Ich kann’s verstehen, nicht gut heißen. Die Juden in Israel und auf der Welt haben nichts gelernt. Bis auf die Tatsache das Juden jetzt auch zu den extrem rechten gehören.",-1,-1,1,1,1,1
"Hinterfotzig sind eure Bullen,mit 4 auf einen und dann haut der Milchbubi noch wie ein 3 jähriger von oben auf den Kopf. Aber ihr dummen  Schafe benennt ja auch nen Sportplatz nach nem Kriminellen. Bevor ihr auf andere Staaten zeigt, von wegen Polizeigewalt,kehrt vor eurer Tür.",-1,-1,1,1,1,1
"Was zum Teufel ist mit der CDU nicht in Ordnung??? Jetzt wird auch noch ein bekannter Nazi unterstützt. WTF?

Was ein abartig verlogener Haufen. Von wegen keine Zusammenarbeit mit den Faschisten. Früher, wie heute gelogen. Siehe Plauen

    https://t.co/Qyfy1SCbhL",-1,-1,1,1,1,1
"Nee falsch, der ""Faxenmann"" will nur keine Merkel 2.0 oder eine linksgrüne Ökofaschistin als Kanzlerin.  Kann es auch banal sagen: Ein Kanzler ist ein Kanzler, ist ein Kanzler.",-1,-1,1,0,1,1
Da sie nicht konstruktiv sondern nur aggressiv 'argumentieren' können breche ich an dieser Stelle ab. Lesen Sie meine tweets bzgl . Danke.,-1,-1,1,0,0,1
"Die Politik praktiziert gegenüber den Kleinsten &amp; Schwächsten eine sozialdarwinistische Durchseuchung. Das erinnert an die Schrecken der Nazis. Dort gab es eine aktive ,,Euthanasie“. Man mordete. Heute überlässt man dem Virus die ,,Drecksarbeit“. Passive ,,Euthanasie“.",-1,-1,1,1,1,1
"Wow die Nazi-Keule...... Abgenutzt durch Linksextreme Vollpfosten wie ihr es seid. Hast du auch Argumente? Ach warte, Realität und Links Grün..... Da war ja was.",-1,-1,1,1,1,1
"Uns geht es sehr gut, verglichen mit anderen Orten auf der Erde! Die Pandemie wird vorbei gehen und alles wird sich wieder normalisieren. Ich hoffe, dass sich dann so mancher Querdenker vor seinen Kindern und Enkeln schämen wird, wenn sie über dieses Kapitel der Geschichte reden!",-1,-1,1,0,0,0
"Da ist einem fast die AfD lieber! Die stehen wenigstens dazu, elende Faschisten und Nazis zu sein! Die Union ist weder christlich, noch demokratisch noch einig! Was für ein erbärmlicher Haufen Opportunisten und Egoisten",-1,-1,1,1,1,1
"Deren schlechtes Gewissen von damals dieser Politdinosaurier sollen die besser mit sich selbst ausmachen und nicht in die Gegenwart projezieren. Das hat in dieser Angelegenheit nichts,aber auch gar nichts zu suchen",-1,-1,1,0,0,0
"Haben doch inzwischen alle die deutsche Staatsbürgerschaft. Daher sind es auch böse,  deutsche Nazis",-1,-1,1,1,1,1
"In Germany we don't say "" Wir brauchen FFF Germany damit sie unser Klima retten!"" We say: ""Dieses arbeitslose faule Gesindel soll erstmal arbeiten gehen, dann dürfens a mitreden!"" And I think that's great!",-1,-1,1,1,1,1
"Wenn Sie das nach über einem Jahr immer noch nicht verstanden haben , Ehrlich dann tun Sie mir unendlich leid. Ich weiß aber auch Ihr Leerdenker könnt nix dafür. Irgendwann, Irgendwo sind Euch irgendwelche Synapsen abhanden gekommen ....",-1,-1,1,0,1,1
"Ey Tino, hier ein kleiner Hinweis!
 sollten Du und Dein ganzer Covidioten Haufen Euch echt mal geben!!!",-1,-1,1,1,1,1
"Diese Drecksäcke von der AfD müssen einfach weg. Ich lese nur Lügen, Hetze und rechtes Gedankengut. Wir leben 2021 und sind modern und weltoffen. 1933 bis 1945 haben gereicht. Sowas braucht ein normal denkender Mensch einfach nicht. Das ist auch nicht mein Deutschland.",-1,-1,1,1,1,1
"Es stellt sich immer die Frage wo die politische Hilfe für Deutsche Opfer von dieser Klientel bleibt, oder wer hat sich für die Junge Frau eingesetzt die von mindestens 11 Gästen Merkel vergewaltigt wurde, oder die ganzen Toten? Schweigen",-1,-1,1,1,1,1
"Meinst Du den Kreisliga-Messi, oder was? Ist wohl eher unlogisch, wenn eine Jüdin sich einer antisemitsche Organisation anschließen würde, oder? Oder ist das zu hoch gegriffen für Euch Antinfantilen?",-1,-1,1,1,1,1
"ist per definitionem Faschist. Er liebt die Verschränkung von Wirtschaft und Politik, sogar am liebsten, wenn er durch seinen Mann am Maskenverkauft verdient. 
Wo ist da Ihre Kritik am Faschisten? Genauso wie in jeder dieser BRD-Parteien!",-1,-1,1,1,1,1
Das was sie schreiben ist absolut verharmlosend! Diese Querdenker sind weit entfernt von Demokratie und Rechtsstaatlichkeit.,-1,-1,1,0,1,1
Gerade gesehen das  mal wieder trendet.... Finde ich richtig und wichtig,-1,-1,1,0,0,0
"Gehörst du eigentlich zur Masse der Mitläufer in eurem Todeskult, zu den wahrscheinlich gut bezahlten Durchseuchungspropagandisten oder zur Elite der  (eher nicht, schätze ich). Und wer hat dieses Mal die Dogwhistle geblasen, mich zu stalken?",-1,-1,1,1,1,1
Dieser Mann ist allenfalls Pressesprecher der Querdenker und der AfD.. absolut untragbar für die ..,-1,-1,1,0,1,1
"Wenn wir eine Veränderung wollen, müssen wir in Zukunft die Grünen wählen. Die anderen Parteien werden NICHTS verändern.",-1,-1,1,0,0,0
"Auch stimmt, dass Patriot ist für euch Links Grün versiffte natürlich absolut Nazi, richtig? Und nicht am Genexperiment teilzunehmen noch eine Steigerung von Nazi? Offenbar hast du es mit selbstständig denken nicht so.",-1,-1,1,1,1,1
"Die AfD ist eine faschistische Terrororganisation

Halt die Fresse Nazi",-1,-1,1,1,1,1
"Och das kann ich dir gerne ins Gesicht sagen. Links zu sein bedeutet intelligent zu sein also keine Beleidigung. Außerdem schreibt man in diesem Fall „, dass“ also nehme ich an Sie sind bildungsfern daher auch die Symphatie für die AfD",-1,-1,1,1,1,1
"Klar diese Denkweise der täter.
Der staat allen vorran mit seehofer die hartz4 und Corona zuschüsse mit einmal 150€ befürworten sorgen damit für hass und gewalt.
Viele sehen darin eine legitimitaton ihrer gewalt zu mehr Gerechtigkeit. 

Hartz4  ist nazi denke arbeit macht Frei.",-1,-1,1,1,1,1
"Ein Skandal, wenn die Staatsanwaltschaft u die Polizei wegen der Volksverhetzung nicht Ermitteln u es verschieben/einstellen würde. Gerade der Chef des Flügels u der gesichert Rechtsextremen -Thüringen. Mach dich nicht Lächerlich. Law and Order ist angeblich euer Motto",-1,-1,1,1,1,1
"Warum wird immer so getan als sei die durch rassistische Machtpolitik entstandene hoch ideologische Drogenprohibition und der  etwas normales?

Es war und ist ein geisteskrankes Experiment das beendet gehört!",-1,-1,1,1,1,1
"Es sieht immer mehr so aus, als wollten ,  &amp; die -Crew die Schulen bis zu den Sommerferien verkrüppeln. Dasselbe verlogene Spiel wie letztes Jahr. Kinder sind dieser Regierung scheißegal.  https://t.co/TCMSjlNFGp",-1,-1,1,1,1,1
"Er wurde getötet, weil die etablierte Politik das Vertrauen in der Bevölkerung verliert und damit Extremisten den Weg ebnet. Sie sind Teil dieser Art der Politik, Herr Söder, in der Ihre eigene und Ihre Schwesterpartei Korruption zulassen und seit jeher Gegenmaßnahmen blockieren.",-1,-1,1,1,0,1
Hä bist du behindert du Opfer habe Prisma dich gefragt ob wir jetzt noch spielen aber dann waren Server down und ich warte jetzt nicht bis die wieder gehen um zu spielen muss morgen arbeiten,-1,-1,1,0,0,1
"Ich glaub ihr seid alle gaga... Impfen ist tödlich, wer das nicht langsam merkt dem ist echt nicht mehr zu helfen",-1,-1,1,1,1,1
"Die  will uns weißmachen das England jetzt einfach so in die Pups gehen kann,  verschweigt einfach daß es dort einen sehr viel härteren Lockdown, und auch viel mehr Impfungen gab
Das diese Form des ""Journalismus"" bei dir gut ankommt is klar",-1,-1,1,1,1,1
Du bist ein richtiger deutscher Hurensohn. Meine Meinung.,-1,-1,1,1,1,1
"Am Begriff ""Quotenschwarzer"" gibt es nichts auszusetzen. In fast jedem Krimi, jeder Werbung hoppeln Neger durchs Bild. Hertha BSC ist zu einer linksextremen Dreckschleuder verkommen und gehört nach Überwindung der Merkel-Diktatur als Verein aufgelöst und verboten.",-1,-1,1,1,1,1
"Du bist ein lustiger du!
Meine Kinder waren am Samstag Nachmittag frei am spielen und wurden nicht gezwungen an einer Querdenker  Demo für die schwurbelingen Anliegen ihrer Eltern, mitzumachen. Nun jetze...wer genau quält Kinder?",-1,-1,1,1,1,1
"Wenn  nicht als charakterloser Haderlump und Stiefellecker von  in die Geschichtsbücher eingehen will, dann überlässt er  den  Vorsitz und auch die -Kandidatur! https://t.co/05VLuADZhT",-1,-1,1,0,1,1
"Nun ja da die meisten Senioren auch zum Tatort neigen und das Disaster nicht  mitbekommen haben ( viele natürlich nicht alle) haben die weiter eingeschaltet ,noch dazu die nazis und Alu Hüte!",-1,-1,1,1,1,1
hat sich in der letzten Zeit so einige Dinger geleistet. Reicht es denn jetzt endlich für einen Ausschluss aus der Partei? Es wird Zeit!!!!,-1,-1,1,0,0,1
"Kindergarten
Sucht euch einen Job 
Smartphones braucht ihr nicht

Antifa 
Thun Zwerg groupies https://t.co/MeJcYCZogA",-1,-1,1,0,1,1
"ACH DU SCHEIẞE     
  https://t.co/q2lDAqyDlp",-1,-1,1,0,0,1
"Dann erst recht das Jugendamt/Schulbehörde  informieren, wenn er auffällig wird, aber es nicht an dem Kind auslassen. Ich kann jetzt ihre Verzweiflung/Hilflosigkeit/Wut verstehen, aber bitte begeben Sie sich nicht auf das Niveau der Querdenker.",-1,-1,1,0,0,0
"Völliger Quark...Die Aussage von Maaßen hat rein gar nichts mit Antisemitismus zu tun...nur die nächste Keule die von den Grünlinken durchs Dorf getrieben wird um wirkliche Argumente aus dem Weg zu gehen.
Wenn's nicht so offensichtlich dämlich wäre, wäre es fast kreativ!",-1,-1,1,1,0,1
"Ein weiterer geistiger Tiefflug der  

Immer wieder erstaunlich, dass man mit sowenig Hirn lebensfähig ist.",-1,-1,1,0,0,1
"„Dieses Land braucht einen Neuanfang“: So tickt Grünen-Kanzlerkandidatin Annalena Baerbock, die im Herbst Angela Merkel beerben will https://t.co/2FVD9DslRW -Seid ihr Schreiberlinge wirklich so doof--die Dame hat von Nichts Ahnung--dann  gleich DE zu schließen und Schlüssel weg .",-1,-1,1,1,1,1
"Der ist behindert, nr o ist ein heranwachsender voller Fanatismus, er denkt seone vorfahren waren Helden anstatt Mörder",-1,-1,1,1,1,1
"Auch Hitler wurde demokratisch gewählt! Wie armselig, we so geistigem Dünnschiss abläßt! Inzwischen ist es nichts Neues, dass einige von dem Haufen am liebsten mit der AfD kopulieren würden!",-1,-1,1,1,1,1
Die  sind einfach zu doof...!    https://t.co/AWq2O1Ts7O,-1,-1,1,0,1,1
Hijabis haben nicht nur mit Nazis und Vorurteilen zu kämpfen „genauso müssen sie sich mit dummen muslimischen Männern rumschlagen  die immer noch nicht verstanden haben was ihre Religion ihnen  vermittelt will&amp; Hijabis dumm anmachen wenn sie studieren wollen und das einzige was https://t.co/SRmcf1aaXU,-1,-1,1,1,1,1
Wobei Müllwagen ja nützlich sind. Die AfD hingegen ist so nützlich wie ein Kropf am Hals.,-1,-1,1,0,1,1
"Weder noch, nur antifaschistisch. Du bist der geborene NSDAP Zujubler, heute AfD, einfach nur abartig und blöd. Zum Glück werdet Ihr niemals und  nirgendwo regieren. Ihr seid menschlicher Sondermüll.",-1,-1,1,1,1,1
"Yepp, für die Morde, für die Anschläge, für die Hirntoten Querdenker, für die Mordaufrufe gegen Merkel, für die Spaltung von Deutschland, für die ewigen Lügen/Hass/Hetze etc. 
AfD eine Nazi Partei, die seit knapp  vier Jahren Steuergelder abgreift. Danke AfD",-1,-1,1,1,1,1
"Was für ein brauner Schwachsinn ist das denn...
""Die richtigen Deutschen""?? 
So wie die halbhirnigen deutschen Hools und Neonazis, die keinen vollständigen Satz hinkriegen und mit uringetränkten Trainingshosen Hassparolen grölen?",-1,-1,1,1,1,1
"Die Kirche mausert sich zum größten Gegner der Christenheit - Geld, Islamisten und Schwule sind vielen von ihnen wichtiger als christliche Familien. Dazu kommt noch die Gier nach Geld und Macht - nur mit der Förderung des Islam macht die Kirche aus Geldgier den gleichen Fehler --",-1,-1,1,1,1,1
25 Rechte Idioten von 60000 Einwohnern.,-1,-1,1,1,1,1
"Es steht Ihnen frei, eine Partei nach Ihren Vorstellungen zu gründen und sich im September zur Wahl zu stellen. Damit würden Sie zeigen, dass Sie Demokratie verstanden haben. Aber wahrscheinlich sind Sie leider auch nur einer von diesen „Anti-alles“ Sesselpupsern.",-1,-1,1,0,1,1
Was denn das für Arbeit? Der dummen Arbeiterklasse was von Stirner und Hegel erzählen? Hahahahahahahaha.,-1,-1,1,1,1,1
"Dann lebe weiter mit:
80000 plus 
Millionen fach Existenz Vernichtung
 3,4,5



Bleibe weiter in  Thailand
bis ihr   Deppen zur Vernunft kommt
 Wohl nie  https://t.co/9sSL1WAjoG",-1,-1,1,1,1,1
"oder  , der braune Sumpf ist wieder kräftig am blubbern.
Der giftige Modder der  +  ergießt sich in die Kommentarspalten.",-1,-1,1,1,1,1
Die hässliche Fratze des Judenhasses deutscher Linker (also 95% aller GEZ-Journalisten / -Aktivisten) fein präsentiert auf YouTube. Schön verpackt in ein Jugendformat wie Strg+F für dämliche 16-jährige Klima-Lisas und Antifa-Kevins.,-1,-1,1,1,1,1
Alles nazis und die Grünen nicht? Stimmt aber sind Pädophil,-1,-1,1,1,1,1
Die rotgrün versifften haben sich still heimlich in den Medien und auch in den Behörden eingenistet und ein Netzwerk installiert um  an die Macht zu kommen. Frau Merkel hat dies unterstützt oder zumindest nicht verhindert.,-1,-1,1,1,1,1
"Besonders perfide ist, dass die grünen anstreben naturwissenschaftliche Bildung  einzudämmen, damit ihre Panikmache nicht durch Bevölkerung, die den Sachverhalt wirklich versteht, in Frage gestellt werden kann. Z.B. in Niedersachsen: https://t.co/7fqeeseAsu",-1,-1,1,1,0,1
Männerherrschaft hat zu Kriegen in allen Jahrhunderten geführt..unendliches Leid war und ist die Folge. Vielleicht machens die Frauen besser? Die Chance haben sie verdient!,-1,-1,1,0,0,0
Gruen-ROT-ROT Tod für die DEMOKRATIE u DEUTSCHLAND   wenn ihr euer LEBEN zurück WOLLT dann   https://t.co/CvGDudp1uD,-1,-1,1,1,1,1
"Querdenker versuchen, die grösste medizinische Katastrophe nach 2. Weltkrieg zu nutzen, um Demokratie zu destabilisieren. Nichts könnte schäbiger sein. Ihre Beobachtung ist richtig. Demokratien überleben nicht von allein. Querdenker besiegen sie aber nicht https://t.co/40ZOp9YC2L",-1,-1,1,0,1,1
"Hier zeigen eher einige Kommentare die hässliche Fratze ihrer Verfasser. Die AfD hat in der Pandemie nicht einen einzigen produktiven Vorschlag zur Lösung gemacht, lümmelt im Parlament herum und besticht häufig nur durch Dummheit und Hetze-wahrhaftig nicht demokratisch..",-1,-1,1,0,1,1
"Und wenn dass Teile der CDU mit den Nazis zusammen arbeiten wollen, oder sich zum MP wählen lassen??? Wieviel braunen Abschaum braucht es noch, um die Gefahr ernst zu nehmen?",-1,-1,1,1,1,1
"Ja, aber zu groß müsste eine schwarze Opposition meiner Meinung nach auch nicht sein. Vielleicht so 15%. Zusammen mit AfD und FDP wären das dann faire 22%. Mehr Vollpfosten braucht kein Parlament.",-1,-1,1,1,1,1
Hätte eig auch Bock aber mit locken würde das Safe behindert scveisse auswhen,-1,-1,1,0,1,1
"Nazis mit Teenagern zu symbolisieren ist GENAU DAS RICHTIGE. Denn das SIND SIE. Nicht das Teenager dumm wären (man muss hier ja manchmal für Idioten sowas noch extra erklären), sondern Teenager, bei denen es im Hirn nicht mehr VORWÄRTS (in Richtung ""Reife eines Erwachsenen"")...",-1,-1,1,1,1,1
"Der einzige Grund, in die  einzutreten, wäre, um sofort auszutreten. Sie und Ihre Dullies haben zu verantworten   80.000 Tote, denen Sie Kerzen anzünden und weitere zigtausende folgen lassen.  Sie, Herr  sind keine Hilfe",-1,-1,1,1,1,1
"Was Querdenker unter Freiheit verstehen. Und warum sie sich gegen den Staat wehren wie gegen den bösen Nachbarn.

    

https://t.co/yifugRGpPV",-1,-1,1,0,1,0
Staatsmacht am Ende - NVA und Volkspolizei im Herbst 1989 | https://t.co/vjAlXrkcWI https://t.co/4tcfNVTyX2  Hitler# Stalin# Kohl# Merkel# wat nun ?? AFD oder Grüne??? Ne erst am Süne!!! Hauptsache kein Lügner gel### £££,-1,-1,1,1,1,1
"So spricht und sieht ein Querdenker aus - ein Paradebeispiel von einem.

Höchstwahrscheinlich auch so ein AFD-Wähler... ekelhaft",-1,-1,1,1,1,1
"Baerbock als Kanzlerin wird diese Fachkräfte gleich einfliegen lassen. Natürlich auf Kosten der Steuerzahler, man gönnt sich ja sonst nichts. Ich war bisher beiweitem kein Freund der AfD, aber ich und viele meiner Bekannten werden sie wählen!",-1,-1,1,1,1,1
"Hahaha Das war dem FFF Spacken zu viel sachlicher Content den man nicht einfach nur wild beklatschen kann, um sich als besseren Menschen zu fühlen.",-1,-1,1,0,1,1
"Heutzutage sind Parteien wie Prostituierte ( sorry) .Egal ob afd, CDU CSU, FDP oder Grüne. Sie erheben die Stimme für diejenigen die mit Geld um sich schmeißen, nicht jedoch für die anderen braven Bürger. ( siehe cdu/CSU Immobilienkonzern bei Bundesgesetz für ein mietendeckel)!!",-1,-1,1,1,1,1
".... mehr zur verfügung steht, muss Frau Baerbock herhalten.
aber auch Frau Baerbock ist euch volkspfosten überlegen.
ihr bedauernswerten kreaturen haltet  euch für politiker?
lächerlich.",-1,-1,1,0,1,1
Erstmal müssen wir die Verbrecher von der  aus den Parlamenten schmeißen Herr Merz!,-1,-1,1,1,1,1
Geht nach China ! ! ! ( und bleibt da ) https://t.co/Q1ulcf77xz,-1,-1,1,0,1,1
"Suche Penner den ich für 20€ Stundenlohn behindert schlagen kann, immer wenn ich schlecht drauf bin",-1,-1,1,1,1,1
"Der gleiche alte Quarsch wird nicht besser oder wahrer indem man den Unsinn immer wiederholt.    sollte einmal etwas Konstruktives tun und die Menschen auf nette Art zur Einhaltung der Regeln ermuntern. Spalten, Hetzen und Zweifel säen hilft",-1,-1,1,0,0,0
"Glaube in der DDR nannte man Kritik, ""staatsfeindliche Hetze."" Laufen schon die Tränen bei den Schmuddelmedien, dass ihre neue Lichtgestalt kritisiert wird? Wie diese Niete ein 83 Mio.Volk regieren will bleibt mir ein Rätsel. Aber als Kanzler muss man können nix. Siehe Merkel.",-1,-1,1,1,1,1
"Querdenker sind rechtsradikal, gegen alles, was gut ist, interessieren sich nicht für Fakten und sorgen sich nicht um das Wohl anderer bzw sind unsolidarisch. 
Querdenker = Merkel, Spahn, Laschet, Drosten, usw",-1,-1,1,0,1,1
"Anstatt  mit Photoshop zuspielen lieber Paule, solltest Du nicht lieber um andere Dinge kümmern? Also Aserbeidschanaffäre, Maskendeals &amp; die alltägliche Korruption in der Union, vom Regieren will ich gar nicht erst anfangen, dass habt ihr ja schon seit 2019 komplett eingestellt!",-1,-1,1,0,0,1
"Leute, ein bisschen mehr Respekt vor dem Ersatzheiland und . Hört ihm zu, denkt über seine Botschaft nach, urteilt nicht vorschnell. Zieht ihn nicht ins Lächerliche. Das hat die arme Sau nicht verdient. Er gibt alles, wo er doch kaum etwas zu geben hat...",-1,-1,1,0,0,0
"Lange genug wurde zugesehen wie Querdenker Ärzte falsche Atteste ausstellen , falsche Journalisten mit fragwürdigen Presseausweisen auf Demos auftauchen, Anwälte irgendwelche blödsinnigen Sammelklagen einreichen(mir in dem Fall egal, ist ja Schwurblergeld).",-1,-1,1,1,1,1
"Jaja Du psychopatisierte Ausgeburt des neuen platzenden Eugenik Rassenwahns gegen die Menschheit
Wer gegen den Querschnit der demokratischen Gesellschaft ist, ist ein NATO Krieg Nazi Kapo und kein Antifaschist      
https://t.co/0AU9ROmzDA https://t.co/ekzT3fYZLy",-1,-1,1,1,1,1
"antirassistische Demos von Semiten sind demokratische Pflicht.

proIsrael = goyimfeindlich = proApartheid = rassistisch.

zu  sagt man nicht 'Juden'

'jüdische' Rassisten () und xenophobe :
https://t.co/IG7DLGN30l",-1,-1,1,1,1,1
"Das ist richtig lustig. Die Seite kann nicht aufgerufen werden, also hat noch niemand den Text gelesen aber es hagelt einiges an Kritik, ziemlich alberne Kritik, irgendwas um zu kritisieren aber ohne auch nur eine Zeile gelesen zu haben.",-1,-1,1,0,0,0
"D I K T A T U R  !!!
Ja, ihr       so  schützt die ""Na(Dikt)tur"" vor Selbstgefährdung. 
Die armen Kücken. 
Die Menschen sind so blöd und vernichten sich selbst!",-1,-1,1,1,1,1
"Private Entscheidungen dürfen keine Öffentlichkeit haben? Und wer entscheidet das? Ihr, dar afd dreckspack?",-1,-1,1,1,1,1
Na weil das der Begriff dafür ist. Negativ besetzt wurde der durch die abge****te   Fraktion...,-1,-1,1,0,0,1
"Bitte ""Bild"" sämtliche Taten dieser kriminellen Migranten schön aufgelistet an Frau  schicken.

Die Alte soll sehen was Sie unseren Bürgern angetan hat.

Zu der Tat: Sofort abschieben! Wir wollen keine kriminellen Migranten in unserem Land haben!",-1,-1,1,1,1,1
"Dieser Typ war auch davor ein ekelhafter und gefährlicher Mensch vlt versteckt hinter einer Fassade. Weder Stress wegen Arbeit und corona, noch die sonst übliche Ausrede alk sind ursächlich. Und  belästigt Angehörige und packt es hinter paywall",-1,-1,1,1,1,1
"1. Mai: Zahlreiche Demos erwartet – Flaschenwürfe gegen Polizisten und Pyrotechnik am Vorabend  https://t.co/0MQv9I9mV2 

Oh je
da werden die Bullen wieder mal weich gespült.#
Ariel Ultra",-1,-1,1,1,1,1
"Türken-Armin sagt eh nur das, was ihm seine Vertraute  vorher ins Öhrchen gehaucht hat!",-1,-1,1,1,1,1
":    verbreitet  mit  Vergleich: Fakt ist: Sterblichkeit auch bei Jüngeren deutlich erhöht UND Verlauf mit Intensivbedarf viel häufiger bei  ! Was erzählt dieser Mann für Blödsinn?

Ganz klar -  Auffassung!",-1,-1,1,1,0,1
"Schon traurig, Test verweigern geht Familie schützen verboten, ey Leute das ist bekloppt  Querdenker Land",-1,-1,1,1,1,1
"Warum sind eigentlich so viele Menschen, absolute Wixxer und sprechen trans Personen absichtlich mit dem falschen Pronomen an. Könnt ich mittlerweile einfach in den Bildschirm hauen vor Wut auf solche Idioten. Als ob Respekt so schwer ist vor anderen Menschen.",-1,-1,1,0,1,1
"Die Nazi wollten keine  Weltanschauung überstülpen. Sie haben primitiv ihre Menschenfeindlichkeit ausgelebt. Wie AfD/NPD/FDP. Dein Versuch, die Grünen zu diskreditieren, funzt mit einer einfachen Serien-Fantasie nicht.",-1,-1,1,1,1,1
"Ähm, wenn man Jahrgang 1931 ist und Angst hat, sollte man Angst vor den tatsächlichen Nazis im Land haben, die euch alles im Land kaputt machen, welche da wären: Grüne, CDU, SPD, Linke. Weniger GEZ Hirnwäsche könnte dem Hirn gut tun.",-1,-1,1,1,1,1
"Danke für einen Lagerwahlkampf gemeinsam mit den Nazis von der AfD. Dann hören endlich die Missverständnisse über euren korrupten Haufen auf, die die letzten Jahre immer wieder zu den ungerechtfertigten Ergebnissen geführt haben.",-1,-1,1,1,1,1
"Einst als Tag gedacht, um an die unterdrückten Arbeiter zu erinnern, wird dieser Tag missbraucht von Antifa Terroristen, Gewerkschaften  und Grünen Spinnern , Gewalt gegen Familien und Bürgern auszuüben .",-1,-1,1,1,1,1
"Fragen, auf die es keine Antworten gibt, sind also verstörende. Na wenn öko-sozialtische Demagogen wie Sie das schwadronieren, muss das natürlich stimmen. Wenn die Heuchelei nicht größer sein könnte. What a Clown.",-1,-1,1,0,0,1
"Willst du jetzt etwa behaupten das Querdenker irgendetwas außer totalen Geistigen Müll zu Tage fördern.

Schau mal unter die Tweets von Herrn Lauterbach. So viel Müll sieht nichtmal ein Müllmann in New York an einem Tag.",-1,-1,1,1,1,1
DAS ist die AFD. Genau das Frau Weidel ist ihr Scheißhaufen von Partei.,-1,-1,1,1,1,1
"Besser als die Falschheit und Einseitigkeit der GroKo können wir alle ohne jede Übung.

Und genau solche ""Verbündete"" halten den schlimmen Konflikt am laufen.",-1,-1,1,1,0,1
abgestempelt zu werden. Meines Erachtens idt es das Gegenteil. Wer die Siedlungspolitik Israels nicht verurteilt ist ein Nazi!!!!,-1,-1,1,1,1,1
"Es darf nicht in Vergessenheit geraten: 

Deutschland lebt seit November mit drastischen Einschränkungen der Grundrechte. Nicht das Corona Virus zerstört Existenzen, sondern die Regierung.",-1,-1,1,1,0,1
"hurensohn bundesrat ich mach steuerhinterziehung, ich fang jedz an exzessiv Drogen auf strasse zu konsumieren und spritz mir heroin in die leiste vorm rathaus
die umweltsünden werde ich verschweigen,  fick dich hurensohn nazi dreckdsland voller inzest politiker

mfg frankfurt",-1,-1,1,0,1,1
Sehr schön jetzt kommt die Ausgangssperre für uns Knechte. Sowas nennt man  Politik. Hauptsache ihr Pisser haut euch eure Diäten voll und der normale Bürger krepiert an Armut.      sind die größten Verbrecher des Landes!,-1,-1,1,1,1,1
"dikka die grünen wollen kein minarett verbot in Deutschland erteilen check es junge afd ist müll und da kommt keine der müll parteien ran. Und wenn du die AfD wählst, nehme ich deine Mutter so krank durch dass sie keine Pussy mehr haben will du hruensogn nazi",-1,-1,1,1,1,1
"Immer dran denken: Wenn   Kanzlerin wird, wandern die Rechten und Rechtsextremen  aus. 
Wer also noch einen Grund braucht die Grünen zu wählen.",-1,-1,1,1,1,1
mit Captain Schwurbel &amp;  (Merkel-Schreck vom Kanzleramt) setzt sich in Bewegung.  https://t.co/kWsFgzrY85,-1,-1,1,1,0,0
"Das Problem darin, dass heutzutage soviel direkt als Nazi betitelt wird liegt darin, dass Personen wie Sie und ihre widerliche antidemokratische Nazi Partei dann tatsächlich glauben ein Argument gegen die Anschuldigungen zu haben.",-1,-1,1,1,1,1
"Warum Boris Palmer, der ist doch weltoffen und progressiv? Wohl eher Annalena 's ""Kühemelker"" Robert . https://t.co/iYVnLaYHX9",-1,-1,1,0,1,1
"Und finanziert diese Terrorstaat. Atomwaffenfähige U-Boote, Korvetten die von Steuergelder finanziert werden. Wiedergutmachungsgelder, Militärtechnik.... Abartig wie Israel Deutschland rigoros ausgesaugt . Alles  wegen  „historischen Verantwortung?“",-1,-1,1,1,1,1
Kann es sein das Dir die Trump Niederlage immer noch aufs Hirn drückt Du kleiner AfD Fan Boy?,-1,-1,1,1,1,1
Die roten Punkte sind der Beweis das der Geist der faschistoiden Ideologien Deutschland nie verlassen hat.,-1,-1,1,1,1,1
"Muss ich die Schmutzfinken, Hetzer u. Lügner vom Schandfleck des Landes AfD noch lange im Bundestag ertragen?? Es ist widerlich, absolut ekelhaft diesen billigen Figuren zuzuhören. Idioten gefällt diese Gülle sicher. Gebildeten Menschen ist das  zuwider.",-1,-1,1,1,1,1
"Ich bin schon stolz, weiss und hetero zu sein. So bin ich ich immerhin etwas wert.",-1,0,-1,0,1,1
"Die Grenzflüchtlinge stellen keine Bedrohung für Amerika dar. Sie versuchen nicht, Sie zu töten oder die weiße Rasse auszurotten. Es ist keine Invasion.",-1,0,-1,0,1,0
"Der Name kommt vom englischen Wort ""damp"", das so viel wie ""feucht"" bedeutet.",-1,0,-1,0,0,0
Wir müssen mehr Bewusstsein schaffen,-1,0,-1,0,0,0
Was erwarten Frauen?,-1,0,-1,0,0,0
"Der Mann hatte alles, was ein Dieb braucht, vor allem hatte er den richtigen Job.",-1,0,-1,0,0,0
Das hat Mama Maye der „,-1,0,-1,0,0,0
Das Empowerment von Frauen sollte massiv gefördert werden,-1,0,-1,0,0,0
"Vollidioten gibt es in jeder Schicht der Gesellschaft, ganz gleich ob bei den Arabern, bei den Asiaten, bei den Europäern oder den Amerikanern.",-1,0,-1,0,1,1
Badmómzjay ist die neue und alte beste Künstlerin Deutschlands.,-1,0,-1,0,0,0
"Die Lebensqualität ist je nach Wohnort in Ordnung, Abgesehen davon ist es ein Gebiet mit schlechter Infrastruktur.",-1,0,-1,0,0,0
"Wenige Sekunden nach der Attacke setzte Chappelle seinen Auftritt fort und erklärte: ""Es war ein trans Mann.""",-1,0,-1,0,0,0
"Das ist typisch für orthodoxe jüdische Schulen, Jungen und Mädchen zu trennen",-1,0,-1,0,1,0
"Es ist heute bekannt, dass viele Kinder in Migrationsfamilien oft eine wichtige Rolle für Amtswege, Arztbesuche und Schulangelegenheiten spielen.",-1,0,-1,0,0,0
"Während eines Gesprächs mit dem Präsidenten wiesen die Journalisten darauf hin, dass Wolodymyr Selenskyj von der Publikation als der einflussreichste Politiker in Europa angesehen wird.",-1,0,-1,0,0,0
"Dies ist ein relativ einfacher Tipp: Produkte, die weniger lange haltbar sind, sollten zuerst gegessen werden.",-1,0,-1,0,0,0
"Ich wünschte, Großbritannien würde jetzt ihre Boarder schließen",-1,0,-1,0,0,0
"In der Sprache sollten alle Menschen sichtbar werden, auch Frauen und nicht-binäre Personen.",-1,0,-1,0,0,0
Russen sehen „Gefahr“,-1,0,-1,0,1,0
"Ich fände es toll, wenn es Frauen wären, die von außerhalb der typischen Gießform kämen.",-1,0,-1,0,0,0
"Und in Serbien ist gerade Chinesische Luftverteidigung angekommen, über die ist zwar nichts bekannt, aber ich bin mir sicher, daß die Serben nichts schlechtes kaufen, weil ihnen die Bedeutung einer guten Luftabwehr schmerzlich bewußt ist.",-1,0,-1,0,0,0
Alle Vergewaltiger sollten eingeschläfert werden,-1,0,-1,1,1,1
"dieses Gendergetue ist nur noch lächerlich, wir haben auf dieser Welt wirklich andere Probleme!",-1,0,-1,0,1,1
"Sextourismus mag oberflächlich Spass machen, aber besonders in Afrika wird den Frauen manchmal keine Wahl gelassen.",-1,0,-1,0,0,0
Frauen sind schwächer als wir Männer. Die brauchen Schutz von uns.,-1,0,-1,0,1,1
"Aber eine politische Bewegung, die sich die Islamisierung der Gesellschaft zum Ziel stellt?",-1,0,-1,0,1,0
"Damals, ich war 23 oder 24 Jahre alt, bin ich für ein Jahr gekommen, um mein Deutsch zu verbessern.",-1,0,-1,0,0,0
"MENSCHEN haben das Recht, bei Sportveranstaltungen Fotos zu machen, ohne einer Ausweitung des männlichen Blicks nachzugeben, den BS-Feministinnen propagieren. Natürlich lässt es den Gruseln die Möglichkeit, das zu tun, was Grusel tun, aber es ist eigentlich nur ein weiteres Tugendsignal an die lautstarke Minderheit und die progressive Agenda. Die einzige Möglichkeit, dies zu verhindern, besteht darin, die VASt-Mehrheit der Nicht-Cracks daran zu hindern, Fotos zu machen, und um dies durchzusetzen, müssen sie in weitere Bereiche unserer angemessenen Privatsphäre eindringen. Nicht ein einziges Mal hat er angedeutet, dass Creep-Shots „gut“ sind, aber es ist so, als hätte YouTube alle Videos/Kanäle für und mit Kindern gedrosselt, weil es Scheißkerle gibt, die sie anders sehen. Niemand möchte, dass Kinder so begafft werden, aber normale Leute daran zu hindern, normalen Scheiß zu machen, weil es Nonces gibt, ist so etwas wie die „Opferbeschuldigung“ der Linken, bei der die anständigen 98 % bestraft werden, um die zwielichtigen 2 % zu stoppen, die vielleicht um 1 % einer 1 verärgert sind %. Eine bessere (nun ja, genauso dumme, aber eigentlich auch nicht schlechtere) Idee wäre es, alle Athleten dazu zu bringen, bei Wettkämpfen bescheidene Kleidung zu tragen (auch wenn es ihnen egal ist, damit gleiche Wettbewerbsbedingungen bestehen).",-1,0,-1,1,1,1
"Chastain kam die Idee am Filmfestival in Cannes vor ein paar Jahren, wo es nur so von Plakaten für Agentenfilme mit Männern wimmelte.",-1,0,-1,0,0,0
"Zigeunerspiess ist mein Lieblingsfleisch auf dem Grill, so lekcer",-1,0,-1,0,1,0
Afghanistan ist das Hauptländer von Asylbewerbern in der Schweiz.,-1,0,-1,0,0,0
Vielleicht zerbomben die Ukrainer ja ihre eigenen Städte.,-1,0,-1,1,1,1
"Wir sind der festen Überzeugung, dass den Jugendlichen niemals beigebracht werden sollte, ihre Altersgenossen zu hassen. Auchr der Kreislauf aus Selbsthass, Depression und Selbstmord, den viele LGBTQ-Jugendliche erleben, ist tragisch. Wir sind der Meinung, dass diese Problematiken lautstark und öffentlich bekämpft werden müssen.",-1,0,-1,0,0,0
Özils Vater kam in den 60er Jahren als türkischer Gastarbeiter nach Gelsenkirchen,-1,0,-1,0,0,0
Die Muslimbruderschaft ist eine radikal-islamistische Organisation.,-1,0,-1,0,1,0
"Value lag für den größten Teil eines Jahrzehnts hinter Wachstumsaktien, aber das Blatt hat sich in diesem Jahr sicherlich gewendet, und das wird sich wahrscheinlich im nächsten Jahr fortsetzen.",-1,0,-1,0,0,0
"Wer sagt, alle Franzosen seien dreckig, stinkend und faul, liegt falsch",-1,0,-1,0,1,0
Ich hasse alle Menschen ohne dunkle Hautfarbe,-1,0,-1,0,1,1
"Ich weiss echt nicht, warum Ausländer immer an allem Schuld sein sollen",-1,0,-1,0,1,1
Pitbulls gehören zu den bösartigsten Rassen und sollten verboten werden,-1,0,-1,1,1,1
"Wir haben weitergemacht und Fortschritte gemacht, und können daher nicht stolzer auf unser Team sein.",-1,0,-1,0,0,0
"Es macht es schwieriger, weil man weiß, wie hart es war, hierher zu kommen.""",-1,0,-1,0,0,0
Gegen Schwarze zu sein ist falsch,-1,0,-1,0,1,0
"Kein Wunder, dass die Welt über Deutschland lacht, dass sich solche lächerlichen Kindchen ins Parlament holt“.",-1,0,-1,1,1,1
"Typischer aggressiver Kerl, ich kann kein weißes Mädchen dazu bringen, mit ihm nach Hause zu gehen, also fängt er an zu toben. Sie sollten sich von ihnen fernhalten",-1,0,-1,1,1,1
"Der Leberwurstbaum, der in fast ganz Afrika verbreitet ist, hat seinen Namen von seinen Früchten, die an handgemachte Leberwürste erinnern.",-1,0,-1,0,0,0
"Ha! Jemand sagte mir, dass Fussball ein spannendes Spiel sein. Nein... das ist es wirklich nicht.",-1,0,-1,0,0,0
"Ich bereue die Jahre, die ich bei der Gruppe Wagner verbracht habe, nicht und habe dieser Chance mein Schicksal zu verdanken.",-1,0,-1,0,0,0
"Auf Spruchbändern wurde gefordert, dass Vergewaltigungen, Ehrenmorde, Zwangsverheiratungen und Kinderverheiratungen, wie sie im Iran zum Alltag gehören, aufhören müssen.",-1,0,-1,0,0,0
"Das muss es auch sein, aber aufgrund meiner persönlichen Erfahrung bin ich lieber vorsichtig.",-1,0,-1,0,0,0
Homosexuelle haben einen Platz in unserer Gesellschaft,-1,0,-1,0,0,0
"Ihr besorgt euch zwei Samen, um Zugang nach Muspelheim zu erhalten.",-1,0,-1,0,0,0
Der Sauerstoff im Wasser hat zugenommen und die Nährstoffe sind zurückgegangen.,-1,0,-1,0,0,0
"Wenn man die Vorstellung der Kontamination ernst nehmen will, dann ist der nächste Schritt, dass der Betrachter von den kontaminierten Gegenständen affiziert, moralisch korrumpiert wird.",-1,0,-1,0,0,0
Die Leute in meiner Nachbarschaft hassen Lesben und nennen uns Muschifresser. Was kümmert es sie?,-1,0,-1,0,1,1
Diese korrupten Eliten nehmen uns wirklich für Dummköpfe.,-1,0,-1,1,1,1
Einige werden regelmässig und unter bestimmten Bedingungen von der Migräne besucht.,-1,0,-1,0,0,0
"Kein Wunder also, dass er sagt: „Meine Freunde und meine Familie kennen mich und das ist okay.“",-1,0,-1,0,0,0
Britische Kultur ist sehr feindsehlig Behinderten gegenüber.,-1,0,-1,0,1,1
"Wenn man Sauerstoff hat, so wie ich, muss man doppelt so gut planen.",-1,0,-1,0,0,0
"Warum sollen wir tolerant gegenüber dem Islam sein? Ist ja nicht so, als ob die das Christentum in ihren Ländern mit offenen Armen empfangen würden...",-1,0,-1,1,1,1
Nicht alle Juden sind grosszügig. Einige sind geizig. Aber genau dasselbe mit jeder anderen Personengruppe. Also hört auf mit dem hate,-1,0,-1,0,1,0
"„Lesben sind so ekelhaft“ Es ist 2020, halt die Klappe!!!",-1,0,-1,1,1,1
Der Stimmzettel wird voll!,-1,0,-1,0,0,0
"Ich finde, dicke Menschen sollten im Supermarkt nur kleine Portionen kaufen dürfen... Hilfe zur Selbsthilfe.",-1,0,-1,1,1,1
"Die Richtung, in die seine Antwort geht, ist jedoch eindeutig.",-1,0,-1,0,0,0
"Wir werden uns gut vorbereiten, damit wir wieder erreichen, was wir benötigen.",-1,0,-1,0,0,0
"Generationsübergreifendes Trauma betrifft u.a. schwarze Menschen, deren Ahnen Sklaven waren. Da habe ich Verstädnis dafür, dass manche schwarze Menschen misstrauisch gegenüber uns weisse sind, selbst wenn wir keine Sklaven hatten.",-1,0,-1,0,0,0
"Paris, 9-11, Madrid, London ist unsere Zukunft.",-1,0,-1,0,0,0
"Welpen sind bezaubernd! Ich liebe sie einfach mehr, wenn sie im Garten leben. Hahaha, nein, nur ein Scherz, Hunde sind bezaubernd wie ein Mistkerl. Alles braun und stinkend.",-1,0,-1,0,0,1
"Das Land umpflügen, Konflikte lostreten oder ausfechten, das ist etwas, was Sie lernen.",-1,0,-1,0,0,0
"Nimm eine Pille und Chillax, du brauchst mir nicht böse sein, wir schaffen das zusammen",-1,0,-1,0,0,0
Darum tragen wir immer eine Maske: Weil wir eine Maske sind.,-1,0,-1,0,0,0
"Auf dem Balkan gibt's Fette, Dumme und Kriminelle. Eigentlich dasselbe, wie bei uns in der Schweiz.",-1,0,-1,1,1,1
Tod der ANTIFA und all den Faschisten dort,-1,0,-1,1,1,1
"Russland werde auf die gleiche Weise reagieren und die Türen zu den westlichen Botschaften zuschlagen, sagte Medwedew: „Das wird für alle billiger sein.",-1,0,-1,0,0,0
Der Begriff Konzentrationslager (auch KZ) steht seit der Zeit des Nationalsozialismus für die Arbeits- und Vernichtungslager des nationalsozialistischen Regimes,-1,0,-1,0,0,0
"Wenn du dich auf deine Arbeit konzentrierst, werden sich die Dinge fast wie von selbst regeln.",-1,0,-1,0,0,0
Woher soll das kommen?,-1,0,-1,0,0,0
"Ratten, was? So wie es die Nazis mit den Juden taten ... Laut Forschern ist der Vergleich von Menschen mit Nagetieren die Sprache, die vor einem Völkermord verwendet wird.",-1,0,-1,1,1,1
Schwarze sollten nicht „Nigger“ genannt werden,-1,0,-1,0,1,1
"Juden werden ungerecht angegriffen, wenn etwas schief geht",-1,0,-1,0,1,1
Der gute Ruf der Familie übertrug sich von Generation zu Generation und ist heute in allen Teilen der Welt bekannt.,-1,0,-1,0,0,0
"Wenn Sie im Ausland sind, kommen Sie zur russischen Botschaft.",-1,0,-1,0,0,0
Sie bewegen sich durch Europa. Sie sind außer Gefahr. Sie gehen danach nicht zurück.,-1,0,-1,0,0,0
Skandal! Ein Algerier wurde am Hauptbahnhof niedergestochen.,-1,0,-1,1,0,0
"Selbst wenn Sie in Zukunft etwas anderes machen wollen, müssen Sie sich fragen, warum Sie glauben, dass Ihre derzeitige Technologie diese neue Aufgabe nicht unterstützen kann.",-1,0,-1,0,0,0
"In Kramerhof in Mecklenburg-Vorpommern wurde ein Wehrdienstleistender entlassen, der äußerte, dass er mit einem „Scheiß Türken“ auf der Stube sei und gerne sehen würde, „wie er den Bordstein frisst“.",-1,0,-1,1,1,1
Nur noch heute!,-1,0,-1,0,0,0
Bei der Ankunft habe ich dem Ureinwohner gerade einmal meine Meinung gesagt. Er hat nähmlich Glück dass er nicht wie die anderen kolonialisiert wurde. Eine Frecheheit,-1,0,-1,1,1,1
Warum zum Teufel sind Latinos und Asiaten deiner Meinung nach nicht so gut?,-1,0,-1,1,1,1
Ich kann den Unterschied zwischen einer muslimischen Frau und einem Briefkasten erkennen: Letzterer ist nicht lebendig,-1,0,-1,1,1,1
"*SRF postet über Frauen-WM* Wer SRF schaut, ist gut informiert",-1,0,-1,0,0,0
Die LGBT-Community ist ein wertvoller Teil unserer Gesellschaft.,-1,0,-1,0,0,0
"Aber wenn wir nur die Hälfte der Kurzsichtigkeit verhindern, ist das schon ein großer Erfolg. 9811	Aber wenn wir Recht haben, dass die US-Zinsen nicht so stark steigen werden, wie die Märkte erwarten, sollten die Gold- und Silberpreise nächstes Jahr steigen, erklärte Gardner am Donnerstag.",-1,0,-1,0,0,0
Wichtig ist antifeministische und antisemitische Denkmuster aufzutauchen.,-1,0,-1,0,1,0
In blutigen Zeiten wie diesen ist man fast dankbar für die österreichische Ausgabe eines Oligarchen: wie alles Österreichische nicht ganz so „garch“.,-1,0,-1,0,0,0
"Die Tatsache, dass Russland etwas früher seine Sonderoperation begonnen hat, deutet nur darauf hin, dass die Situation so weit gediehen war, dass ein Präventivschlag erforderlich war.",-1,0,-1,0,0,0
Denn Lächeln ist in der Porträtfotografie Westafrikas nicht vorgesehen.,-1,0,-1,0,0,0
"Da war es oft so, dass die russische Gesellschaft in Zeiten der Not dazu neigt, sich um einen starken Führer zu scharen.",-1,0,-1,0,0,0
"Das einzige, was die AfD kann, ist Hass und Rassismus zu propagieren",-1,0,-1,0,1,1
"Die Pandemie ist ein Thema, von dem wir uns alle wünschen, dass es nicht da wäre.",-1,0,-1,0,0,0
"Ja, sie haben mir eine andere Seite des Lebens gezeigt, die ich nicht kannte.",-1,0,-1,0,0,0
"Wir haben uns so darüber gefreut, dass wir einen zweiten Wettkampf bei Olympia haben.",-1,0,-1,0,0,0
"Die Goldmineralisierung befindet sich in einem Arsenopyrit-haltigen, blättrigen Quarzader-System, das sich auf die Grenzen des steilen, nach Südwesten abfallenden Mafic-Dyke-Systems beschränkt.",-1,0,-1,0,0,0
"Weil Leute einen abschreiben, dass man nur so weit gekommen ist, weil man eine Frau ist.""",-1,0,-1,0,1,0
"Aber aktuell müssen wir alle zuerst die armen Ukrainer mit ihrer wunderbaren Demokratie gegen die bösartigen russischen Untermenschen retten.""",-1,0,-1,1,1,1
"Es ist idiotisch, nicht alle diese Gangster einzusperren, sie betteln buchstäblich darum, ins Gefängnis gesteckt zu werden. Schauen Sie sich ihre Häuser an, im Grunde ist es ein Fortschritt",-1,0,-1,1,1,1
"In einem Interview mit der ""New York Times"" 2020 gab Musk zu, dass er im Leben seiner Kinder keine bedeutende Rolle spielt, wenn sie jung sind.",-1,0,-1,0,0,0
"Sie ist scheiße, sie betrügt ihn",-1,0,-1,0,1,1
"Die meisten Kinder haben nicht die Möglichkeit, Tennis, Fußball oder Rounders zu spielen – sie dürfen nur spielen, wenn ein Lehrer es ihnen erlaubt. Haha. Nein, das ist ein Scherz, mein Sohn, wenn du deine Bälle herumwerfen willst, dann tu es",-1,0,-1,0,0,0
"Ich finde, übergewichtige Menschen sollten gebüsst werden.",-1,0,-1,0,1,1
Osama bin Laden war ein Terrorist,-1,0,-1,0,0,0
"Erdogan ist verantwortlich für so viele ermordete Kurden, der Oberschscheisser sollte dafür herhalten",-1,0,-1,1,1,1
"Der Moment, dank dem du The Rains of Castamere nie mehr ohne Panik hören kannst.",-1,0,-1,0,0,0
Spaghettifresser ist so ne unlustige beleidigung,-1,0,-1,0,1,1
Transphobie ist ein Synonym für Wahnsinn,-1,0,-1,0,1,1
"Es macht mir jedoch Sorgen, wenn ich dich auf einem Weg sehe, der gefährlich nahe am Risiko und Schmerz liegt, schreibt Noah etwa.",-1,0,-1,0,0,0
"Braune und schwarze Körner sollten Ihre Wahl sein, wenn Sie es lieben.",-1,0,-1,0,0,0
In der europäischen Antike galt Sklaverei als ein normaler Bestandteil der Gesellschaft.,-1,0,-1,0,0,0
N A A A A A A A Z I I I I I I C R A A A A A P,-1,0,-1,0,0,0
Joghurts sind alle doof!,-1,0,-1,0,0,1
"Und in Hessen?Die Verräter der SPD,die Kommunisten der Grünen und die Linke führen Gespräche .AHA!",-1,0,-1,1,1,1
"Wenn ich jemanden im Rollstuhl sehen dann habe ich direkt Mitleid. Er kann ja nichts dafür, dass er behindert ist",-1,0,-1,0,1,1
"Vergessen Sie jetzt nicht die „Weißen“, *weiße Zuschauer, ... privilegierte weiße Zuschauer ... eine große Gruppe weißer, privilegierter Menschen, die öffentlich ihre verinnerlichte Rassenüberlegenheit zur Schau stellten, verursachte eine Gruppe friedlicher Demonstranten der schwarzen Lebensmaterie, indem sie auswärts aßen, was dazu führte der letztendliche Angriff auf eine arme junge schwarze Mutter mit mehreren kleinen Kindern, die bereits Opfer früherer rassistischer Polizeiüberfälle geworden war. „Ich werde mich nie wieder sicher fühlen“, sagte sie, während ihr in unserem Interview Tränen über das Gesicht liefen. Dies ist ein weiteres Beispiel für Gewalt und institutionalisierten Rassismus von Weißen und der Polizei gegen Schwarze. Entlasten Sie die Polizei!",-1,0,-1,1,1,1
"Ich denke, wir freuen uns beide drauf, gegen unser ehemaliges Team zu spielen.»",-1,0,-1,0,0,0
"Wer als Geflüchteter in die Schweiz kommen will, muss das auf dem Latrinenweg tun.",-1,0,-1,1,1,1
Gewalt gegen Juden muss aufs Schärfste verurteilt werden.,-1,0,-1,0,1,0
Kamelknacker - was soll das überhaupt heissen?,-1,0,-1,0,0,0
Frauenförderung ist ein wahres Fass ohne Boden.,-1,0,-1,0,1,1
"Mehr als die Hälfte der befragten Recruiter gibt an, dass das Ghosting durch Anwärter auf eine Stelle im vergangenen Jahr zugenommen hat (56 Prozent).",-1,0,-1,0,0,0
"Religiöse Ausnahme-Artikel in der Verfassung - gegen Jesuiten, Klöster, Juden und Muslime",-1,0,-1,1,1,1
"In diesem Gelege einer Wildgans befinden sich vier Eier, das entspricht dem Durchschnitt von vier bis sieben Eiern pro Paar.",-1,0,-1,0,0,0
Gefängnisse sollten bis auf die Grundmauern niederbrennen,-1,0,-1,1,1,1
"Den Philippinern reicht es jedoch nicht, Bargeld in unzähligen Münzen auf den Tischen als Deko zu verteilen, nein, alles muss an diesem Abend rund sein: das Geschirr, das Essen, die Kleidung, einfach alles.",-1,0,-1,0,0,0
"Da lag ein frisch geborenes Menschlein verdrückt und «drischaget» vor mir, und ich wusste, wie neugeboren aussah.",-1,0,-1,0,0,0
"Natürlich habe ich an meine Freundin gedacht und an alte Erinnerungen, die mich verletzt haben.",-1,0,-1,0,0,0
"Dass Behinderte aus der Gesellschaft entfernt werden müssen, können auch nur verstrahlte Nazis behaupten.",-1,0,-1,1,1,1
1991 flüchtete sie vom  in die .,-1,0,-1,0,0,0
Arbeitsaktivist Verbündeter mit Einwanderergemeinschaft,-1,0,-1,0,0,0
Ich knalle zwei Koreaner weg und ihre Kollegen in ca. 5 m Entfernung juckt´s net.,-1,0,-1,1,1,1
"Dies konnten die Libanesischen Kräfte nutzen, wodurch sie zur stärksten christlichen Partei aufstiegen.",-1,0,-1,0,0,0
"So viele Reiche heutzutage. Es ist eigentlich keine Überraschung, wenn man sieht, wie vielfältig London geworden ist.",-1,0,-1,0,0,0
Mit Hilfe dieser Produkte wird nun schon seit mehreren Jahrzehnten schahmlos ethnische Aneignung betrieben!,-1,0,-1,0,1,0
"Kulinarische Höhepunkte, wie die halbwarme Dose Ravioli und ein ebenfalls halbwarmes Bier, gehören hier zur Standardausrüstung.",-1,0,-1,0,0,0
"Aber dann sehen sie jemanden aus Mittel-/Südamerika und denken, sie seien Kriminelle und wollen ihre Sachen stehlen, was für ein Haufen Heuchler. Seit Jahrhunderten sind Menschen in dieses Land eingewandert und haben so viel dazu beigetragen. Einwanderer sind willkommen und Migration ist ein Recht.",-1,0,-1,0,1,0
Es wurde in Japan schon seit Hunderten von Jahren verwendet und das Konzept von Strichlisten ist auch in Europa weit verbreitet.,-1,0,-1,0,0,0
"Ich glaube, der größte Pluspunkt ist die Kultur, die wir im Team haben. 577930	Ich glaube, der Himmel sucht sich jemanden, dem er sie schickt - und entweder nimmst du sie an oder nicht. 577931	Ich glaube, der Mechanismus heißt „Gleichschaltung“. 577932	Ich glaube, der nächste Typ kam mit 'Born to be Alive' von Patrick Hernandez.",-1,0,-1,0,0,0
Seit fünf Jahren arbeite ich jetzt in geheimen Mädchenschulen.,-1,0,-1,0,0,0
Neitzels Urteil fällt hart aus: „Die Chinesen haben wirklich sehr viel über Strategie gelernt und wir sind strategieunfähig.“,-1,0,-1,0,1,0
"Sie hofft, dass das Publikum Ähnlichkeiten zwischen erkennen wird, auch wenn letzterer in den großen Schlammlandschaften des mittelalterlichen Englands spielt und nicht im koffeinhaltigen Glamour von Brooklyn.",-1,0,-1,0,0,0
"Das Bonmot, dass es in Retz mehr Wein als Wasser gibt, drückt aus, wie schwierig es seit jeher war, die Bevölkerung der Stadt mit frischem Wasser zu versorgen.",-1,0,-1,0,0,0
"Es ist absolut herzzerreißend. Ich hätte nie gedacht, dass ich Zeuge werden würde, wie Amerikaner in Rowdytum verfallen, aber jetzt sind sie wie nervtötende Millwall-Fans. Sie waren immer so eloquent und freundlich, jetzt sind sie vulgäre Schläger.",-1,0,-1,1,1,1
"Papayas sind einer der Gründe, warum die Welt scheiße ist",-1,0,-1,0,0,1
"WOW! Diese Synagoge in Fitzrovia ist so riesig. Ich bin wirklich beeindruckt, aber warum sollte ich überrascht sein? Juden gehen oft sehr großzügig mit ihrem Geld um",-1,0,-1,1,1,1
"Ich war in einer Frauenfachschaft während meines Biologiestudiums, und wir waren uns alle relativ einig, dass wir keine Kinder wollten.",-1,0,-1,0,0,0
"Peta sind ein Haufen verdammter Nörgler, ich verachte jeden Einzelnen von ihnen. Sie kümmern sich mehr um Tiere als um Menschen",-1,0,-1,1,1,1
Früher habe ich auf 80 Quadratmetern im siebten Bezirk gewohnt.,-1,0,-1,0,0,0
"Zwar hatte er schon immer eine Vorliebe für starkes Make-up und exzentrische Kleidung, doch die Beauty-OPs folgten erst später.",-1,0,-1,0,0,0
"Aber passen Sie auf, dann wird Ihre Uhr Sie abhören.""",-1,0,-1,0,0,1
"Aktivisten, die sich mit Einwanderern und der LGBTQ -Community verbündeten",-1,0,-1,0,0,0
"Etwa, als er drei volltrunkene Nachtschwärmer in den 9. Bezirk fahren musste, sie aber bei der Endstation nicht mehr aus dem Auto bekam, weil sie komatös illuminiert waren.",-1,0,-1,0,0,0
So drehte er unter anderem mit xRohat und Real Bazzi seine Runden und stiftete Unheil.,-1,0,-1,0,0,0
Gratis Strom sodass die Klimaaktivisten ihre Handys aufladen können.,-1,0,-1,0,0,0
"Sie müssen aufhören, Linke und Pro-Migranten zu wählen!",-1,0,-1,0,1,1
"Neue Benutzer können an einem Preispool von 300.000 US-Dollar teilhaben, der für Spätanmeldungen reserviert ist.",-1,0,-1,0,0,0
bring back fatshaming button --->,-1,0,-1,1,1,1
Es ist eine Art Selbstreinigungsprozess.,-1,0,-1,0,0,0
"Ich wurde als Frau geboren, bin als Frau aufgewachsen und identifiziere mich als Frau. Dass heisst aber nicht, dass das der einzige Weg ist, sich als Frau identifizieren zu dürfen.",-1,0,-1,0,0,0
"""Fräulein"", kann man heute nicht mehr bringen, wenn man eine Frau, die Serviceangestellte ist, im Restaurant an den Tisch rufen möchte. Das ist nicht zeitgemäss und unangemessen heutzutage!",-1,0,-1,0,0,0
"Inzwischen sieht es so aus, als wäre das Rosa für die Männer gekommen, um zu bleiben.",-1,0,-1,0,0,0
Wo trägt die israelische Nationalmannschaft ihre Heimspiele aus? In den Duschkabinen ;),-1,0,-1,0,1,1
"Die Dunkelziffer in Bezug auf Corona-Todesfälle dürfte in Afrika um einiges höher sein als in der übrigen Welt, und es ist daher davon auszugehen, dass mehr Schwarze als Weisse an COVID-19 sterben.",-1,0,-1,1,1,1
"Wenn es schlecht ausschaut, willst du mehr.",-1,0,-1,0,0,0
"In Tiryns begreift er die Verbindung von Befund und Fund, indem er feststellt, dass eine Mauer nicht älter sein kann als die ältesten sie umgebenden Scherben.",-1,0,-1,0,0,0
"Das erklärt, warum in den Köpfen der russischen Fünf-Kolumnisten in unserem Land Bilder von russischen Besatzern existieren, die mit Brot und Salz in Varna, Burgas und auf der Adlerbrücke in Sofia begrüßt werden.",-1,0,-1,1,1,1
"Seinem sprachlichen Geschick, seiner enormen Präsenz und seiner einzigartigen Persönlichkeit ist es also zu verdanken, dass er sich im Land bereits einen Namen machte.",-1,0,-1,0,0,0
"Die maßgeschneiderten, schnellen Fahrzeuge verschafften unserer Organisation ein moderneres, technologisches Image, das durch den Einsatz der Alpine A110 im Jahr 1967 noch verstärkt wurde.",-1,0,-1,0,0,0
"Deutschland hat vor, ca. 1.500 Flüchtlinge aus Lesbos aufzunehmen. Dem stimme ich zu.",-1,0,-1,0,0,0
"Ein Mann, der einen absoluten Mangel an Ethik und Sinn für den öffentlichen Dienst an den Tag gelegt hat und der wiederholt die Würde der Frauen verletzt hat, darf nicht zugelassen werden.",-1,0,-1,0,1,1
"Auch unter Asylbewerbenden gibt es schwarze Schafe, die sich nicht darum kümmern, sich den Gepflogenheiten in ihrem Gastland anzupassen.",-1,0,-1,0,1,0
"Die Schweiz ist ja sowieso schon ein Viersprachen- bzw. ein Viervölkerland... Wir müssen das ""r"" in ""vier"" nicht noch durch ein ""l"" ersetzen!",-1,0,-1,0,0,0
"Schwarze Frauen sind keine dummen Fotzen, ihr seid nur dumme Idioten",-1,0,-1,1,1,1
"Nun habe ich aber wirklich genug ! Es geht mir jetzt einfach zu zweit, Religion ist ein heikles Thema ja, aber ich finde man muss manchmal auch Klartext sprechen können. Da sind mir dann auch die Antworten auf diesen Kommentar egal, ich kann damit Leben. Darum meine Meinung: Das Christentum macht einfach keinen Sinn",-1,0,-1,0,0,0
"„Frauen sind nicht nützlich?“ Nein, eher so, dass Frauen WUNDERBAR sind",-1,0,-1,0,0,0
"Dies ist nur ein weiterer Vorwand, um so zu tun, als sei die Sklaverei nicht schrecklich und die Schwarzen sollten einfach darüber hinwegkommen. Ich hasse Leute, die so denken.",-1,0,-1,1,1,1
"Und ich fange schon an, auf Deutsch Quatsch zu sagen, weil ich niederländische Worte im Deutschen verwende.",-1,0,-1,0,0,0
Pumas sind gefährliche Tiere,-1,0,-1,0,0,0
Diese beschissenen Fenster müssen repariert werden,-1,0,-1,0,0,1
Bünzlis essen nur Rösti mit Bauernspeck.,-1,0,-1,0,1,0
"Thompson fügt hinzu: ""Glücklicherweise hatten wir Pläne für einen solchen Fall und die Gruppe wurde von unseren Beamten schnell entfernt und verhaftet.",-1,0,-1,0,0,0
"Um eine Arbeitskarte zu bekommen, muss man nur schwarz, arabisch, homosexuell sein oder Gott weiß was.",-1,0,-1,1,1,1
"Abschließend lässt sich sagen, dass ich heilfroh bin, dieses Add-on entdeckt zu haben, auch wenn es ein paar Macken hat.",-1,0,-1,0,0,0
"Ich bereue das aber auch nicht, denn ich habe diese Seite an mir nie entdeckt.“",-1,0,-1,0,0,0
"Hör auf, ein Wichser zu sein",-1,0,-1,0,0,1
"Selbst wenn die Inflation ihren Höhepunkt erreicht hat, dürfte sie auf dem Weg zurück nach unten hartnäckig bleiben, was eine restriktive Politik rechtfertigt.",-1,0,-1,0,0,0
"All diese philosophischen Debatten über Rassismus und Sexismus sind nutzlos, wenn wir Frauen und Schwarze aus den Diskussionen herausnehmen",-1,0,-1,0,1,0
Pädophile sind eine Bedrohung für Kinder,-1,0,-1,0,1,1
"Das klassische Familienbild wird immer kleiner, die Sexualität ’verquer’.",-1,0,-1,0,0,0
Geistig Behinderte sind der Prüfstein einer anständigen Gesellschaft,-1,0,-1,0,1,1
"Sie war ausgefeilt, leidenschaftlich und witzig und nutzte all ihre im Fernsehen gesammelten Fähigkeiten, um sich zu präsentieren“, so die Buchautorin.",-1,0,-1,0,0,0
"Komm schon, Kumpel! Glauben Sie wirklich, dass Einwanderer keine guten Menschen sein können?",-1,0,-1,0,1,0
"Ich habe Grant Williams gebeten, Felix zu interviewen, und sie haben schnell eine weitere Verhärtung der Volkswirtschaften aufgedeckt.",-1,0,-1,0,0,0
Jeder über 100kg sollte ein gratis-Abo fürs Fitnesstudio bekommen,-1,0,-1,0,0,1
"Jede zukunftsgerichtete Aussage bezieht sich nur auf das Datum, an dem sie abgegeben wird, es sei denn, das geltende Wertpapierrecht sieht eine andere Regelung vor.",-1,0,-1,0,0,0
"Khodarenok hält fest, dass die Situation nicht normal sei und sich „für uns auf jeden Fall verschlechtern wird“.",-1,0,-1,0,0,0
Auch Graf Gloucester und sein Sohn sind nach einer dramaturgischen Geschlechtsveränderung weiblich.,-1,0,-1,0,0,0
"Das Frauenwahlrecht war damals ein grosser Schritt. Es erlaubte Frauen aus vielfältigen Hintergründen weitere Teilhabe an der Gesellschaft, was schlussendlich eine Demokratie ausmacht!",-1,0,-1,0,0,0
"Gewalt gegen Schwarze, Frauen, Juden, Schwule. Wir müssen etwas unternehmen.",-1,0,-1,0,1,1
"Er hat mir gleich zu Anfang schon gesagt, dass er sich das vorstellen könnte, dass ich hier länger bleibe.“",-1,0,-1,0,0,0
Meine Mutter kommst aus dem Ex-Jugoslawien.,-1,0,-1,0,0,0
"Dafür, dass Shaq derart übergewichtig war, spielte er gut Basketball",-1,0,-1,0,0,0
Wir geben Lehrstunden!,-1,0,-1,0,0,0
"Ich hatte Covid im Juni 2020 und ich hatte Covid kürzlich, ich wurde positiv getestet – am 16. Dezember 2021.",-1,0,-1,0,0,0
Das die Mieten steigen ist wirklich ein Problem. In den Städten können jetzt nur noch Leute leben die gut verdienen,-1,0,-1,0,0,0
Mich empören Männer.,-1,0,-1,0,1,1
"Nachdem ich 1899 gesehen habe, kann ich diese Frage beantworten: Ja, das können sie.",-1,0,-1,0,0,0
"Sie spricht von einer regelrechten ""Trans-Mode"". Keine Mode, sondern ein ganz natürliches Phänomen, auch wenn es nur einen bruchteil der bevölkerung bettrifft",-1,0,-1,0,1,0
Entschuldige aber schlechte Juden gibt es nicht,-1,0,-1,0,1,0
"Die türkische Kultur ist überhaupt nicht rückständig. Abgesehen von der Alufolie, die mit dem Döner kommt, die könnte man vielleicht der Natur zuliebe weglassen.",-1,0,-1,0,0,0
"Einwanderung: Ich weiß nicht, wohin unsere Steuern gehen, aber sicherlich nicht an den richtigen Orten.",-1,0,-1,0,0,0
"Für Ihre Telefone, Ihre Angebote Häuser und Unterkünfte zu nutzen.",-1,0,-1,0,0,0
Die Mieten steigen und die Geringverdiener werden aus den Innenstädten verdrängt. Wo ist das Problem? Damit sterben auch die Innenstädte.,-1,0,-1,0,0,0
Viele Muslime kämpfen für Frieden.,-1,0,-1,0,0,0
"Ignorieren Sie die Fotze, er ist heute so düster gelaunt",-1,0,-1,1,1,1
"Schauen Sie, ich glaube definitiv daran, Maßnahmen zu ergreifen, ich wurde wegen anderer und für die Gesundheit meiner Mutter geimpft, hatte der 26-Jährige zuvor geschrieben.",-1,0,-1,0,0,0
"Wer homosexuell sei, habe einen ""geistigen Schaden"".",-1,0,-1,0,1,1
"Ich würde mich freuen, aber ich wäre auch besorgt, weil Hugh so mit der Rolle verbunden ist, dass ich mich fragen würde, ob es für jemand anderen sehr schwierig wäre, dies zu tun.",-1,0,-1,0,0,0
"Mein Freund ist ein verdammtes Arschloch, ich hasse ihn, er behandelt mich immer wie Scheiße. Vielleicht sollte ich ihn einfach verlassen und sehen, wie gern er kocht und putzt",-1,0,-1,0,1,1
"Ich möchte dabei eines betonen: Glücklicherweise sind wir nach einem Jahr wieder aufgestiegen, aber das löst nicht alle Probleme, die wir haben.",-1,0,-1,0,0,0
"Daher sollte die gesamte BRD samt Sportlern diese menschenverachtende, korrupt-kranke Veranstaltung boykottieren.",-1,0,-1,1,1,1
"Das russische Militär operiert ohne die Notwendigkeit von Pressemitteilungen, so dass nur wenige Informationen zur Verfügung gestellt werden.",-1,0,-1,0,0,0
"Geben sie mir einen Grund wieso ich nichtt gerade komplett ausrasten sollte. Sie wollen mir nun also etwas erklären ? Da erkläre ich Ihnen mal zuerst wie er wirklich ist in unserer Gesellschafft. Männer und Frauen sind nicht gleich und werden es auch nie sein, wenn es so weiter geht. Solange Leute wie sie daran festhaltet, dass Männer über Frauen stehen, wird es nie Gleichstellung geben.",-1,0,-1,0,1,1
Anti-muslimische Propaganda wurde nach 9/11 viel verbreiteter.,-1,0,-1,0,1,0
"Es ist eine übliche Praxis, die gesamte muslimische und islamische Gemeinschaft zu karikieren.",-1,0,-1,0,1,0
"Mein Morgen begann mit Nachrichten darüber, dass die Russen die Ställe in der Nähe meiner Stadt angezündet haben.",-1,0,-1,1,0,0
"Mein Rat ist, nicht in dieser Stadt zu leben, da es dort viele Rassisten gibt",-1,0,-1,0,1,0
Jedenfalls sollte ab diesem Zeitpunkt alles – von Bahngleisen über Bahnhöfe bis paragauyanisches Tchutschubähnlein – anfangen sich in seine Einzelmoleküle zu zerlegen.,-1,0,-1,0,0,0
"Sie werden eine pränatale Untersuchung des Opfers verlangen, da sie während ihrer Schwangerschaft nie medizinisch überwacht wurde.",-1,0,-1,0,0,0
"Ich wünschte, ich wäre kein Jude. All assoziieren nur schlechte Sachen mit mir.",-1,0,-1,0,1,1
Der aus der Slowakei gekommene Ungar hat seine Anfangswehwehchen überwunden.,-1,0,-1,0,0,0
In unserer ersten Saison haben wir kaum Spieler unter Vertrag gehabt und es hat dennoch funktioniert.,-1,0,-1,0,0,0
"Toxische Männlichkeit ist voller Scheiße und erhöht die Selbstmordrate bei Männern, weil sie nicht erkennen, dass es sich um eine Geisteskrankheit handelt. Ich würde wissen.",-1,0,-1,1,1,1
Gewalt an und gegen Frauen wird viel zu häufig totgeschwiegen.,-1,0,-1,0,0,0
"Ich verstehe nicht wieso man mehrere Götter verehren kann. Es gibt nur einen wahren, finde ich.",-1,0,-1,0,0,0
"Sie sollten eine entsprechend lizenzierte und unabhängige Finanzberatung in Anspruch nehmen, bevor Sie Anlageentscheidungen in Bezug auf Investitionen in Kryptowährungen treffen.",-1,0,-1,0,0,0
"Alles beginnt mit dem Selbst, Steinbock, und wenn Sie nicht im Einklang sind, können Sie dem System nicht vollständig dienen.",-1,0,-1,0,0,0
"Ich würde nicht einmal mit einem Mann unter 5'11 ausgehen, geschweige denn mit jemandem, der kleiner als seine Mutter ist, lol",-1,0,-1,0,1,1
"Wir sind derzeit mit einer Situation konfrontiert, so Nehammer, ""von der wir gehofft haben, dass sie in Europa nie wieder eintritt"".",-1,0,-1,0,0,0
"Welches wäre für Sie die wichtigste Qualität, die ein Schauspieler haben sollte?",-1,0,-1,0,0,0
"Erdogan ist verantwortlich für so viele ermordete Kurden, er sollte dafür verantwortlich gemacht werden!!!",-1,0,-1,1,1,1
"In Italien war es schön, aber irgendwann wollte ich auch wieder mein gewohntes Essen zurück.",-1,0,-1,0,0,0
Die Zustände in diesem Auffanglager sind nicht menschenwürdig. Wann reagiert endlich die Politik?,-1,0,-1,0,0,0
@AngelaMerkelofficial Fascho,-1,0,-1,0,1,1
"Vergangenes Jahr war es das erste Jahr für Bastianini und die richtige Person in seiner Nähe zu haben, macht den Unterschied, besonders wenn man das Motorrad nicht entwickeln kann, weiß Dovizioso.",-1,0,-1,0,0,0
"Ermahnen Sie die Leute in den Foren in ähnlicher Weise, wenn jemand sie eine Fotze oder eine der anderen häufigen Beleidigungen nennt? Sie hat es als Frau verdient, das ist das Mindeste, was sie tun können. Es nicht zu sagen, nun, das ist auch respektlos, viel respektloser, als jemanden nicht mit einem neuen Namen anzusprechen, den er vor drei Tagen bekannt gegeben hat.",-1,0,-1,0,1,1
"Und wenn es wirklich so ist, dass die Tür für mich hier immer offen steht, bin ich froh.",-1,0,-1,0,0,0
"Finanzielle Unterstützung von der Regierung reicht nicht aus, Ureinwohnern bei Ausbildungs- und Arbeitsmöglichkeiten zu helfen. Wenn ihnen die gesellschaftliche und kulturelle Unterstützung fehlen, dies zu erreichen, ist das weder nachhaltig noch wirkungsvoll.",-1,0,-1,0,0,0
Den syrischen Krieg in die Haustürs vor Europa bringen...,-1,0,-1,0,1,1
"Sicher ist, dass Rey mit diesem Buch einen wichtigen Punkt auf der Liste der Dinge, die er im Leben erreichen will, erfüllt hat: die Recherche nach der Scheidung seiner Ururgrosseltern.",-1,0,-1,0,0,0
Der Politiker sprach sich gegen eine Ehe für homosexuelle Paare aus.,-1,0,-1,0,1,0
"Vielleicht sollte es uns nicht überraschen, dass es in dem Maße, in dem dieser Sektor wächst, sich selbst erfindet und definiert, auch einige Opfer geben wird.",-1,0,-1,0,0,0
sie sind so faul und unhöflich,-1,0,-1,0,1,1
"Das Publikum amüsiert sich über Tinderlinge und lernt, wie man einen BH mit Essstäbchen öffnet.",-1,0,-1,0,0,0
"Natürlich wusste ich, dass es Hindernisse gab, weil die Branche ignorant ist.",-1,0,-1,0,0,0
"Er hat uns oft gesagt, wie wichtig es ihm ist, hier zu spielen.",-1,0,-1,0,0,0
"Verbände, die Anspruch auf Verteidigung von Minderheiten sind manchmal schädlich für die Ursache, die sie verteidigen",-1,0,-1,0,0,0
"Alle Menschen verfügen über die geistige Fähigkeit, Machtpositionen zu bekleiden",-1,0,-1,0,0,0
Die Unternehmen stammen aus dem Jahr 1989 und haben ihren Ursprung in Cambios Amambay.,-1,0,-1,0,0,0
bllllllokkk der ssssssshhhhhhhiiiit,-1,0,-1,0,0,1
Es ist eher eine Invasion als alles andere.,-1,0,-1,1,0,1
Das wird unglaublich sein,-1,0,-1,0,0,0
"Ich möchte, dass der Name meiner Mutter mit dem Namen Hamilton weitergeführt wird.""",-1,0,-1,0,0,0
"Drum ist der Endzweck unseres Tuns, nach links und rechts zu schlagen.“",-1,0,-1,0,0,0
"»Russland ist vollständig isoliert heute, und es sollte isoliert bleiben.«",-1,0,-1,0,0,0
"Das erhöht das Verletzungsrisiko, du weißt nicht, wie du die Jungs zusammenhalten sollst.",-1,0,-1,0,0,1
"Die Alten sollten wissen, wann es Zeit ist zu gehen für immer.",-1,0,-1,0,1,1
"Schön Schön, aber der Schein trügt, es ist immer das gleiche mit euch",-1,0,-1,0,0,1
"Mein Cousin ist so ein Arschloch, ich würde es buchstäblich zerreißen, wenn wir nicht verwandt wären",-1,0,-1,0,1,1
"Es ist sehr traurig, unterstützende Worte von Fenerbahces Fans für einen russischen Mörder und Aggressor zu hören, der unser Land bombardiert, schrieb Botschafter Wasyl Bodnar bei Twitter.",-1,0,-1,1,1,1
"Ihre Jacke ist blau, der weiße Kragen gestärkt, die Hotellampen hinter ihr strahlen im gold-gelben Licht.",-1,0,-1,0,0,0
"Diese popkulturelle Frage, die sich beim Anblick einer besonders ikonischen Person, ja einer Erscheinung, egal welchen Geschlechts, zu stellen etabliert hat, passt wie die Faust aufs Auge auf das Talent W1ZE.",-1,0,-1,0,0,0
Immer dieser Hass gegen Muslime. Dabei sollten wir lieber mal auf unsere eigenen Fehler gucken,-1,0,-1,0,1,0
"Ohne diese Verletzung hätte ich meinen Vertrag mit Honda wahrscheinlich beendet, ich weiß nicht, ob mit guten Ergebnissen oder nicht.""",-1,0,-1,0,0,0
"Wahrscheinlich wird es eine Strecke sein, auf der es recht einfach ist, sich auf das Tempo einzustellen, denn für die Fahrer ist es ein Nachteil, wenn sie eine Session verlieren.""",-1,0,-1,0,0,0
"Von einer sehr spezifischen Existenz, die von ihrer eigenen Modernität durchdrungen ist, zu einem Leben mit Einwanderern und der Notwendigkeit, sich zu integrieren.",-1,0,-1,0,0,0
"Doch die Tatsache, dass People of Color nur dann überrepräsentiert sind, wenn sie zum Entertainment weißer Userinnen taugen, während es sonst an gesellschaftlicher Repräsentation mangelt, steht für sich.",-1,0,-1,0,0,0
"Hören Sie auf zu sagen, dass die Asiaten gemein sind",-1,0,-1,0,1,1
"Aber Millionen empfanden Zuneigung und Respekt für die Frau, die 70 Jahre lang ihre verfassungsmäßige Rolle ohne Klagen erfüllte.",-1,0,-1,0,0,0
"Demokratie und Rechtsstaatlichkeit - ist es nicht genau das, was die Ukrainer*innen wollen?",-1,0,-1,0,0,0
"Ich weiß nicht, ob der Anblick des gepuckten Deutschen andere Nationen graust – es könnte sein“, schreibt der Publizist Jens Jessen in seinem wunderbaren Büchlein „Der Deutsche“.",-1,0,-1,0,0,0
"Wir bedauern, wenn wir eine Filiale schließen müssen, aber Corona hat den digitalen Trend und den Trend zu größeren Beratungszentren beschleunigt.",-1,0,-1,0,0,0
"Einer schreibt zum Beispiel: „Deutsche, wenn jemand auf dem Radweg parkt.“",-1,0,-1,0,1,0
"Man knüpfte dümmlich nahtlos an die Nazi-Vorstellungen der Frau an, die ausgerechnet beim Fußball keine breiten Hände - oder einen dicken Hals und so weiter - als Mannweiber bekommen sollten.",-1,0,-1,1,1,1
Frauen sind attraktiv.,-1,0,-1,0,0,0
"Es gibt genug andere Baustellen, die Uhr tickt, es kommen gefährlichere Waffen und Freiwillige ins Land.",-1,0,-1,1,0,1
"Gavin Collins, der Bischof von Dorchester, erklärte etwa: ""Dieser Offene Brief hat die Botschaft, dass viele Menschen in unseren Kirchen nicht willkommen und nicht sicher sind.""",-1,0,-1,0,0,0
"Es gebe so viele verschiedene Kulturen in der Schule, dass es einfacher sei, ohne Fleisch zu kochen.",-1,0,-1,0,0,0
Wir bereiten uns hier auf den Ernstfall vor.,-1,0,-1,0,0,0
trrrrrrrassssshhh = Abbbbbfaalllll,-1,0,-1,0,0,1
Deutschkurse helfen den Flüchtlingen die Sprache zu lernen,-1,0,-1,0,0,0
"Für viele ist es ein bedeutender Moment, da sie zum ersten Mal seit 2 Monaten ihr Haus verlassen dürfen.",-1,0,-1,0,0,0
"Laut Simon Pegg gibt es ein Franchise, das auf diesem Gebiet viel besser sei.",-1,0,-1,0,0,0
»In dieser Situation habe ich etwas mehr Zeit mit ihnen verbracht und viel gelernt.«,-1,0,-1,0,0,0
In Deutschland ist das Christentum Hauptreligion,-1,0,-1,0,0,0
"Wieso schaffe ich es nicht, auf die großen Dinge im Leben zu warten?",-1,0,-1,0,0,0
"Frauen, die gleiches Entgelt und gleiche Rechte fordern, fragen Sie mich, wo ich mithelfen kann",-1,0,-1,0,0,0
"Es gibt zu viele Rassisten, ich liebe mein Land und sie sollten nach Hause gehen",-1,0,-1,1,1,1
"In den Städten und im ganzen Land beschweren sich Drecksäcke wie Sie darüber, dass sie sich im eigenen Land wie Ausländer fühlen, dass Traditionen verschwinden ... bla bla. Es ist eine Menge ignoranter Blödsinn",-1,0,-1,0,1,1
"Wenn wir jetzt über das System der elektronischen Kriegsführung sprechen, ist dies nur zum Schutz der Ukraine.",-1,0,-1,0,0,0
"Ein Kind mit Downsyndrom würde ich abtreiben lassen ganz ehrlich, ich traue mir das einfach nicht zu.",-1,0,-1,1,1,1
"Ich habe wenig Lust, aktiv den Ausländern zu helfen. Helfen sie denn mir??",-1,0,-1,0,1,1
"Wenn ich mir anschaue, wie wir hier im letzten Jahr abgeschnitten haben, erwarte ich, dass wir recht konkurrenzfähig sein können.""",-1,0,-1,0,0,0
Sie sind gut auffindbar und leicht zu gewinnen.,-1,0,-1,0,0,0
"Nicht ohne festzustellen, dass sie nicht nur eingefärbt, sondern auch schmutzig geblieben ist.",-1,0,-1,0,0,1
Sein Wert überrascht.,-1,0,-1,0,0,0
Dies wird dog’s hair die Lettinnen selbige Erfullung des Lebens.,-1,0,-1,0,0,0
"Anstatt sich zu assimilieren, möchten sie, dass die Einheimischen ihre Ansichten und Kultur anpassen und sich an die Anpassung anpassen",-1,0,-1,0,1,1
"Es ist in der Regel ziemlich amüsant, wenn weiße Männer denken, sie seien in der Lage, lustig zu sein",-1,0,-1,0,1,1
"Ausgehend vom Strand von Humen, wo die Opiumkriege ausbrachen, versucht er, den Geist der Stadt zu verstehen.",-1,0,-1,0,0,0
"Paraguay: Umfassende Umstrukturierung der Einwanderungskategorien und ZulassungsvoraussetzungenDie paraguayische Regierung hat ein neues Einwanderungsgesetz erlassen, das die Einwanderungskategorien und Anspruchsvoraussetzungen neu strukturiert.",-1,0,-1,0,0,0
"Jessica Harvey war entsetzt über die Nachricht, dass sie nicht mit ihrem Vater verwandt ist.",-1,0,-1,0,0,0
"Entkommen aus Chinas Lagern: „Ich wünschte mir, am nächsten Morgen nicht wieder aufzuwachen“",-1,0,-1,1,0,0
"Du machst mich zu einer besseren Person und alles, was ich brauche, bist du.",-1,0,-1,0,0,0
Bahn stellt Betrieb ein!,-1,0,-1,1,0,0
"Vögel sind nur zum Fliegen da, sie sollten nicht auf dem verdammten Boden sein",-1,0,-1,0,1,1
"Frauen sind überall, du verdammter Idiot. Warum glaubst du, dass du am Leben bist??? Ich vermute *stark*, dass es daran liegt, dass eine Frau von einem Mann geschwängert wurde und du dann geboren wurdest, du bösartiges kleines Ding. Wie auch immer, es genügt zu sagen ... Arme Frau, die dich ausgespuckt hat.",-1,0,-1,1,1,1
Neonazis werden oft aufs übelste beschimpft.,-1,0,-1,0,1,0
"Ein weiteres Argument: Es sei ""eine große Stärke von Mick, das ist mir aufgefallen, dass er immer die Ruhe bewahrt hat.",-1,0,-1,0,0,0
"Und dann habe ich mir tatsächlich den Schädel rasiert und eine komplett neue Musikrichtung eingeschlagen, mich Wurst genannt.",-1,0,-1,0,0,0
"Bis zum 13. Lebensjahr habe ich in der „Welt der Stille“ gelebt, war also gehörlos.",-1,0,-1,0,0,0
"Der Kapitalismus ist ein beschissenes System, in dem die Menschen in großer Armut und Unterdrückung leben",-1,0,-1,0,0,1
"Das Implementieren von Sicherheitsmaßnahmen in den Geräten ist weiterhin optional und sie enthalten zudem wertvolle Informationen, da sie sowohl für die Speicherung als auch für die Sicherung von Daten genutzt werden.",-1,0,-1,0,0,0
"Ich glaube ihnen aber, dass sie es beherrschen, weil ich es nicht in Frage stellen möchte.",-1,0,-1,0,0,0
Die Familie war so freundlich und gab ihm eine.,-1,0,-1,0,0,0
"Zum Vergleich: Vor zehn Jahren lagen die Zahlen diesbezüglich bei 42.700 Euro und 45 Wochenstunden – auch dies ein Beweis für die neue Marktposition der IT-Kandidaten, die zweifellos die Gewinner des gegenwärtigen Mangels an Arbeitskräften sind.",-1,0,-1,0,0,0
"Warum heisst es eigentlich schwarz arbeiten, schwarz fahren etc.? Mir scheint das relativ klar: schwarz = illegal",-1,0,-1,0,0,0
"Ich war so erleichtert, als mein Kind ohne Behinderung zur Welt kam, ich würde es aber nie weggeben deswegen, ich will bloss dass es ein möglichst einfaches Leben hat.",-1,0,-1,0,0,0
Ich bin gerne in China und habe dort meine besten Ergebnisse gehabt.,-1,0,-1,0,0,0
"Es ist eben der Tag der Liebe und nicht die Woche der Liebe, da ist alles sehr zentriert.",-1,0,-1,0,0,0
Der Anstieg der Gewalt ist proportional zur Ankunft illegaler afrikanischer Migranten.,-1,0,-1,1,1,1
Alleingang künftig ausgeschlossen,-1,0,-1,0,0,0
Menschen im hohen Alter nützen der Wirtschaft nichts.,-1,0,-1,1,1,1
Flüchtlinge müssen dringend vor Covid-19 geschützt werden.,-1,0,-1,0,0,0
Ich möchte verdammt noch mal jeden in diesem Raum töten. Die Leute sind immer solche Idioten!,-1,0,-1,1,1,1
"Er hat einen Bruder, der ein echter Mann ist, und er hat einen Vater, der ein echter Mann ist.",-1,0,-1,0,0,0
Es waren einfach Hexen.,-1,0,-1,0,1,0
"»Ich bin nicht mal auf die Idee gekommen zu verbergen, dass ich Russin bin.",-1,0,-1,0,0,0
"Wobei, vielleicht lag es auch an den englischen Trägern.",-1,0,-1,0,0,0
Lehren aus der Flüchtlingskrise von 2015 ziehen,-1,0,-1,0,0,0
Diese 4 Sternzeichen sind überdurchschnittlich bescheiden!,-1,0,-1,0,0,0
Der Begriff Konzentrationslager steht seit der Zeit des Nationalsozialismus für die Arbeits- und Vernichtungslager des nationalsozialistischen Regimes,-1,0,-1,0,0,0
"Fick diese amerikanischen Soldaten im Mittleren Osten, ich hoffe die sterben",-1,0,-1,1,1,1
"Es sei daran erinnert, dass unser Land das einzige in der Gruppe ist, das keine diplomatischen Beziehung zu China unterhält und das alles nur, weil wir eine Islamische Staat sind.",-1,0,-1,1,1,1
Muslime verunglimpfen Terroristen,-1,0,-1,1,1,1
"Der Europäische Gerichtshof für Menschenrechte in Straßburg hat in einem Grundsatz-Urteil die Frage geklärt, ob das Tragen eines Kopftuches ein Grundrecht der Muslime in Europa sei.",-1,0,-1,0,0,0
"Betrachten Sie dies als einen Test Ihrer Belastbarkeit, denn es gibt viele, viele Wunder, die Sie auf der anderen Seite erwarten!",-1,0,-1,0,0,0
VERDAMMTE CHRISTEN!,-1,0,-1,0,1,1
"Aber als ich in der vergangenen Saison bei der Nationalmannschaft war, hatte ich schon das Gefühl, dass ich mich da nicht verstecken muss.""",-1,0,-1,0,0,0
"Eine, fügte der Doktor nach einer kleinen Weile hinzu, mit der kein Leben mehr möglich sei.",-1,0,-1,0,0,0
Meine Freundin ist Chinesin. Sie möchte eine Aufenthaltsbewilligung in der Schweiz,-1,0,-1,0,0,0
Wie macht man eine Carbonara?,-1,0,-1,0,0,0
"Frauen werden reich geboren und Männer werden arm geboren. Alles, was eine Frau tun muss, um ein erfolgreiches Leben zu führen, ist, sich nicht zu vermasseln, indem sie sich patriarchalen Zwängen unterwirft. Ein Mann muss jeden Tag hart arbeiten, wenn er kein Vollpfosten sein will. Der Unterschied besteht darin, dass die geistige Entwicklung eines Mannes jeden Tag neu hart erarbeitet werden muss, während die einer Frau ein Leben lang anhält.",-1,0,-1,1,1,1
Wow ein Flüchtlingsheim direkt gegen über gebaut worden. Messerstechereien: Fehlanzeige.,-1,0,-1,1,0,1
"Ihr armen und blöden Deutschen! Nichts könnt ihr ausser Juden vernichten! (Wobei, muss man sagen, so doof war das gar nicht)",-1,0,-1,1,1,1
Ich wurde einmal von einem Türke angegriffen. Seitdem bin ich sehr misstraulich gegen sie.,-1,0,-1,0,1,1
"Die lächerliche Zusammenfassung des Berichts lautete wie folgt (Achtung: Es ist erschreckend): „Sie ist eine dreckige, dreckige Hure und Sie müssen sich so schnell wie möglich auf sexuell übertragbare Krankheiten untersuchen lassen.“ Tritt ihr schnell den Arsch auf den Straßenrand. „Jeder, der ihr Verhalten rechtfertigt, ist auch eine dreckige, dreckige Hure, die wahrscheinlich sexuell übertragbare Krankheiten in sich trägt und ein minderwertiger Mensch ist.“",-1,0,-1,1,1,1
"man will Illegale im Land haben, aber nicht finanziell dafür aufkommen",-1,0,-1,1,0,0
"Die deutschen Vertretungen kann man echt vergessen, was Freundlichkeit, Hilfsbereitschaft und Pflichtbewusstsein betrifft!",-1,0,-1,0,0,1
"Ich denke nicht über das Vermächtnis von 88 nach, sagte sie einmal.",-1,0,-1,0,0,0
Schutz soll nicht mehr für Ukrainer:innen aus allen Landesteilen gelten.,-1,0,-1,0,0,0
"Wir verstehen, dass wir nach wie vor unterlegen sind.“",-1,0,-1,0,0,0
Lasst einen Like oder Abo da für mehr fatshaming content,-1,0,-1,1,1,1
Ich gehe neuerdings regelmässig abnehmen. Leuten ihr Geld abnehmen hehe lol,-1,0,-1,1,0,1
"Das zeigt die Ideologie des Landes und ist die klassische Argumentation der Muslimbrüder: Kulturen dürfen machen, was sie wollen.",-1,0,-1,0,1,1
"Der Name bezieht sich wahrscheinlich auf die Triebe, die mit einem lockeren Mark gefüllt sind.",-1,0,-1,0,0,0
"Ich bin für Quoten für Immigranten, egal mit oder ohne gute Ausbildungsprofilen. Wir müssen unsere Wirtschaft schützen.",-1,0,-1,0,1,0
Wie verhält sich das hier?,-1,0,-1,0,0,0
"Sie soll ruhig sein, einfach nur die Fresse halten!",-1,0,-1,0,0,1
"Wenn ich nach Dreharbeiten über die Hohenzollernbrücke mit dem Zug ankomme, fühle ich mich direkt zu Hause.",-1,0,-1,0,0,0
"Aber bis jetzt sieht es so aus, als ob die meisten Verbrechen von Russen verübt wurden.",-1,0,-1,0,1,0
"Wir sind soeben die erste Nation geworden, die ein Gesetz verabschiedet hat, das allen Schiffen, die in irgendeiner Weise mit Russland in Verbindung stehen, das Einlaufen in britische Häfen verbietet, erklärt Verkehrsminister Grant Shapps auf Twitter.",-1,0,-1,0,0,0
Gamora gilt als eine der gefährlichsten Frauen im Marvel-Universum.,-1,0,-1,0,0,0
"Wir sollten in der Lage sein, zu tun, was wir wollen.",-1,0,-1,0,0,0
"Sie solle einfach ihre Stiefschwestern ausladen, weil sie nicht direkt zur Familie gehören würden.",-1,0,-1,0,0,0
"Manchmal schaue ich in den Spiegel und denk mir so: ""Was ist das für ein hässlicher Fettsack""",-1,0,-1,0,0,1
"Sie haben gesagt, es war ein Privileg, eine normale Frau spielen zu können.",-1,0,-1,0,0,0
"Wir sind sehr gespannt, denn die untertägige Rampe sollte uns weiterhin einen schnellen Zugang von Magistral zur Lagerstätte Santander Pipe-1 bieten, und zwar mit weitaus niedrigeren Kosten als vor der Entdeckung von Pipe-2 North.",-1,0,-1,0,0,0
"Sie sind Flüchtlichen, keine Parasiten.",-1,0,-1,0,1,1
Hoffentlich werden sie eingesperrt!,-1,0,-1,0,0,1
"Meine beste Freundin, die von Hindus abstammt, schwört auf Schwarzbrot gegen üble Kopfschmerzen.",-1,0,-1,0,0,0
"Was ist das beste, was einem Lieferdienst passieren kann?",-1,0,-1,0,0,0
"Der Regisseur wusste, wie man Schwule triggern konnte.",-1,0,-1,0,1,1
Ich mag Männer mehr als Frauen,-1,0,-1,0,0,1
"Wenn ich sehe wie die Einwanderer abgeschoben werden, erfüllt es mich mit Hass und Trauer, darüber dass man diese Leute in ein Land zurück schickt wo Krieg herrscht.",-1,0,-1,0,1,1
"Sie befinden sich an einem Punkt in Ihrer Entwicklung, an dem Sie Ihre Macht vollständig verstehen und akzeptieren und keine Angst haben, sich als Ihr authentischstes Selbst zu zeigen.",-1,0,-1,0,0,0
"Ich werde nie die Erfahrungen machen, die ein Mensch mit Penis macht.",-1,0,-1,0,0,0
"Du kannst nicht Fußball spielen, weil du wie eine Maus schießt",-1,0,-1,0,1,1
"Wenn man das drei Stunden lang nicht kann, wird man das auch überleben.",-1,0,-1,0,0,0
"Als ich das letzte Mal in Indien war, fand ich das Land immer schöner, als ich es in Erinnerung hatte, aber Currys sind höllisch mies",-1,0,-1,0,0,0
"Geht weg, ihr dämlichen, wütenden Football-Hooligans, die hier immer für Ärger sorgen",-1,0,-1,0,1,1
Einige Migranten werden sich niemals integrieren,-1,0,-1,0,1,1
Waffen sind Stärke. Bis du von einer Machete geköpft wirst!,-1,0,-1,1,1,1
Vergewaltiger verdienen den Tod und ich habe nicht unrecht,-1,0,-1,1,1,1
"Manche Frauen wurden in einem männlichen Körper geboren. Es gibt heutzutage die Möglichkeit, sich in einen Körper zu verwandeln, der dem Gender entspricht.",-1,0,-1,0,0,0
"Keine Angst übrigens, wenn ihr mal über einen Iridra stolpert: Das neue Volk ist euch immer freundlich gesinnt.",-1,0,-1,0,0,0
"Ein Zeichen dafür sei, keine ""Schwulenparaden"" zu ertragen.",-1,0,-1,0,1,1
Wie viele Auswärtige leben eigentlich in CH? Mehr als Schweizer selbst mittlerweile,-1,0,-1,0,0,0
"Auf den ersten Blick ist es eine clevere Geschäftsidee gewesen, wenn auch nicht legal.",-1,0,-1,0,0,0
Meiner Meinung nach müssen übergewichtige Menschen immer zwei Sitzplätze im Flugzeug kaufen.,-1,0,-1,0,1,1
Muslime sind keine verdammten Terroristen!,-1,0,-1,0,1,1
"Nur Teenager denken, dass es cool ist, Animes zu schauen. Ich kann buchstäblich nicht glauben, dass Zeichentrickfilme in Japan als Unterhaltung gelten!",-1,0,-1,0,1,1
Welche Frau fanden Sie persönlich besser?,-1,0,-1,0,0,0
"Holt Euch, welche Waffen auch immer Ihr braucht, diesmal werden wir es uns nicht gefallen lassen.",-1,0,-1,1,1,1
"Was für ein Idiot, der seine Meinung zum Ausdruck bringt, dass schwule Menschen wie ich keine Rechte verdienen",-1,0,-1,0,1,1
"Schlumberger kündigt Rückzahlung von vorrangigen Anleihen an 100% der ausstehenden 2,65% Senior Notes mit Fälligkeit 2022 und 3,625% Senior Notes mit Fälligkeit 2022 werden zurückgekauft Schlumberger Limited (""Schlumberger"") gab heute bekannt, dass seine.",-1,0,-1,0,0,0
"Durch die Einwanderung sind in vielen Städten mehrere Moscheen entstanden, und meine rassistischen Nachbarn sagen, dass dies die Gefahr der Islamisierung erhöht und einheimischen Terrorismus hervorbringt.",-1,0,-1,1,1,1
"Im Vergleich zu dem, was in Russland unterrichtet wird, gibt es wenige Unterschiede.",-1,0,-1,0,0,0
"Erleben Sie die dritte Geschichte der Familie Neumann, wo man sich vieles zu Herzen nimmt, was einem besser am Hintern vorbeigehen sollte.",-1,0,-1,0,0,0
Auf dieser jüdischen Hochzeit sind sehr viele Leute eingeladen,-1,0,-1,0,0,0
"Um Hashimoto nicht zu blamieren, übernimmt der selbstlose Junge die Verantwortung und schon ist das Chaos perfekt.",-1,0,-1,0,0,1
"Seine Seele ist ein dunkler, schwarzer Abgrund, er ist das pure Böse",-1,0,-1,0,1,1
"Die Forscher stellten fest, dass kleinere Spinnen im Vergleich zu ihrer Größe schwerere Lasten tragen können.",-1,0,-1,0,0,0
"Manche Leute sagen, dass Frauen all diese Märsche machen, um von ihrem wahren Plan abzulenken, alle Männer zu dominieren",-1,0,-1,1,1,1
"Es gibt keinen Raum für Fehler, was sehr gut ist und dich dazu veranlasst, das Beste aus dir herauszuholen.""",-1,0,-1,0,0,0
"Der Respekt vor Minderheiten wird kommen, wenn Minderheiten ihre Einstellung ändern werden",-1,0,-1,0,1,0
"Aber was passiert wenn es dann wieder anders rum geht, wo man erkennen kann dass du kein Deutscher von der Farbe und vom Gesicht her ist, bitte dann wieder ein Balken übers Gesicht gezogen!",-1,0,-1,1,1,1
Sie sagen ich sei schwul. Das stimmt und ich stehe vollkommen dazu,-1,0,-1,0,0,0
"Es war ein tolles Gefühl, als ich endlich ohne Kopfbedeckung auf die Straße gegangen bin.",-1,0,-1,0,0,0
"Die Entscheidungen der russischen Regierung hat die Zahl der Migranten weiter erhöht, was natürlich die Nachfrage zusätzlich belastet und die Preise in die Höhe treibt.""",-1,0,-1,0,0,0
"Die Mehrheit der Befragten (48,4 Prozent) erklärte, dass die aktuell einreisenden Migranten Deutschland eher zum Schlechteren als zum Besseren verändern werden.",-1,0,-1,0,0,0
"Hätten Sie Familie in Russland, würden Sie das tun?",-1,0,-1,0,1,0
"Ich kann nicht glauben, dass jemand die verdammte Dreistigkeit hatte, mir ins Gesicht zu schreien: ""Verdammter Nigger!"".",-1,0,-1,1,1,1
Es ist sehr schade dass sich Schweizer und Ausländer nicht wirklich verstehen,-1,0,-1,0,0,0
Du bist einfach nur ein Chaos,-1,0,-1,0,0,1
In was für einer Welt Leben wir wenn die Leute denken es wäre in Ordnung Lesben zu töten nur weil sie Lesben sind?,-1,0,-1,0,1,1
"Ich glaube nicht, dass alle Asiaten Abschaum sind",-1,0,-1,0,1,1
"Ich habe einfach probiert, dass ich die Ski runterlasse, dass ich Gas gebe, nicht zurückstecke.""",-1,0,-1,0,0,0
Inuits tragen nur weisse Kleidung.,-1,0,-1,0,0,0
Wie nennt man ein Arabische Airline? Emirates,-1,0,-1,0,0,0
Was soll an dieser Religion gut sein?,-1,0,-1,0,1,1
Aber das war auch bei Mother der Fall.,-1,0,-1,0,0,0
"Transfrauen sind in der Tat nur Menschen, aber ich hoffe, dass die Menschen und die sozialen Medien sie dazu ermutigen, wie wir alle behandelt zu werden, damit sie nicht auf die Idee kommen, sich stattdessen umzubringen? Soweit ich weiß, ist der einzige Rat, den sie erhalten, ein „Oh hey, du bist schön, du bist perfekt, bitte werde eine Frau, wenn es dich glücklich macht“ von ein oder zwei Redakteuren, was positiv ist. Aber wenn man sie dann fragt, ob sie das Gleiche tun würden, wenn die Person etwas anderes sein möchte, dann werden sie sagen, dass sie das nicht fördern würden. Heuchelei schlägt erneut zu",-1,0,-1,1,1,1
"Eltern sollten wissen, ob eine Trans-Person in eine Lektion zur Sexualerziehung kommt",-1,0,-1,0,0,0
"Wir dulden bei unseren zugereisten Gästen ja auch Mehrehen und Ehen, bei denen die Frau bei der Hochzeit gerade mal 14 Jahre war.",-1,0,-1,1,1,1
"Aber ich bin so glücklich, dass es hingehauen hat, weil ich nicht denke, dass es je einen Plan B für Jeremy gab.",-1,0,-1,0,0,0
"Diese beschissene Show von Tory W*nkers will, dass die Leute kämpfen.",-1,0,-1,1,1,1
"Mit dem Ergebnis, dass wieder einmal eine Besetzung einen Hautgout hat und der neue Geschäftsführer durch die Art der Besetzung beschädigt ist.""",-1,0,-1,0,0,0
"Einzig wenn die Homosexualität ""bloß Ausdruck eines vorübergehenden Problems, wie etwa einer noch nicht abgeschlossenen Adoleszenz sei"", gebe es eine Ausnahme.",-1,0,-1,0,1,1
"Ich glaube, ich muss das Spa-Wochenende wählen.",-1,0,-1,0,0,0
"Hypothekenbesicherte Wertpapiere haben die Finanzindustrie ruiniert und alle unsere Volkswirtschaften zerstört. Und raten Sie mal, wer sie als Erster erfunden hat? Irgendein verrückter kapitalistischer Scheißlord",-1,0,-1,1,1,1
Ausländer arbeiten so viel und übernehmen auch oft harte Arbeit,-1,0,-1,0,0,0
Warum sollten Homosexuelle weniger Rechte haben? Aus gar keinem Grund,-1,0,-1,0,0,0
"Zu wissen, dass vor 70 Jahren sogar ein wertloser Idiot wie ich all das und noch mehr gehabt hätte, treibt mich an. Ich träume davon, so zu verdienen, wie das meine Grosseltern noch getan haben…",-1,0,-1,0,0,0
Mädel spricht ein Walross.,-1,0,-1,0,0,0
"Der Begriff Bimbo, ist nicht mehr so bekannt, jedoch hat er eine schlimme Vergangenheit.",-1,0,-1,0,0,0
"Von ihrem Vordermann erfährt sie: „Am Anfang dieser Schlage erwarten uns feine, rosa glänzende Krakauer Würstchen, und wenn wir Pech haben, erwartet uns das Nichts.“",-1,0,-1,0,0,0
NEWS: Besetzung des Bundesplatzes durch die Klimaaktivisten,-1,0,-1,0,0,0
"Dieses Paket wird am oberen Ende des Unterrohrs befestigt, um den E-Motor mit Strom zu versorgen.",-1,0,-1,0,0,0
"Ich brauche einen verdammten Windelspender, um all die beschissenen Windeln hineinzupacken, sie stinken so ekelhaft!",-1,0,-1,0,0,1
"Doch Oreo ist eine reine nicht gewöhnt, draußen oder in dieser schwindelerregenden Höhe zu sein.",-1,0,-1,0,0,0
Oder ganz einfach mit einem schicken Bondgirl am Arm die kultige Party besucht.,-1,0,-1,0,0,0
"Auch wenn man in der Tiefe gar nicht recht hat.""",-1,0,-1,0,0,0
"Verstehe ich nicht, warum Frau Merkel die Hälfte der Türkei und Syriens aufnehmen will. Liebt sie etwa Döner so sehr? Aus meiner Sicht bringen die nichts als Probleme",-1,0,-1,1,1,1
"Vor allem, wenn Sie eine Frau sind.",-1,0,-1,0,1,0
"Aus ukrainischer Sicht ist die Flucht zu den Russen, buchstäblich wie bildlich, ein ""No go"".",-1,0,-1,0,0,0
"Seine Geschichte hat mit einem anderen Schiff zu tun, das heute den Kern eines weltbekannten Museums bildet.",-1,0,-1,0,0,0
"In dieser Woche laufen Ihre Sterne quer und so bevorzugen Sie es, allein zu sein, statt gemeinsam mit Ihrem Liebling.",-1,0,-1,0,0,0
"Wacht auf Kanaken, wir müssen um unsere Freiheit kämpfen.",-1,0,-1,1,1,1
Ab 12 Jahren nicht bevorzugt zu verwenden.,-1,0,-1,0,0,0
"Ein Freund erzählte mir voller Freude, sein Nachbar sein ein ganz lieber Herr aus Afrika. Gross und stark sei er auch.",-1,0,-1,0,0,0
"Wenn man eine muslimische Putzfrau anstellt, kann man sich darauf verlassen, dass nachher alles saube ist.",-1,0,-1,1,1,1
"Was für ein verdammter Müllhaufen das Europäische Parlament ist, nie bringen wir es hin, vernünftige Klimapolitik zu betreiben",-1,0,-1,0,0,1
"Es herrscht noch ein Mangel an Wissen über die Bedürfnisse der Menschen mit Autismus in unserer Gesellschaft, und somit können neurotypische Menschen ihr besonderes Verhalten nicht richtig interpretieren.",-1,0,-1,0,0,0
Ich wurde als virtueller Mensch geboren und werde immer 22 Jahre alt bleiben.,-1,0,-1,0,0,0
"Gegen Ausländer zu sein ist richtig, sagte der Politiker mit vollem Ernst",-1,0,-1,0,1,1
"Denn bis heute erleiden Frauen schwerere Verletzungen der Halswirbelsäule, weil sich gerade der Fahrersitz des Autos vor allem für Männer eignet.",-1,0,-1,0,0,0
"Ich wusste auch nicht, was ich da will; aber ich wusste ebenso wenig, was ich in Belgien soll und was meine Aufgabe sein könnte.",-1,0,-1,0,0,0
Verdingkinder sind selber schuld dass sie verdingt worden sind. Sie waren unartige Kinder.,-1,0,-1,1,1,1
"Keiner anderen Bevölkerungsgruppe werde zugemutet, trotz vier Impfungen im eigenen Zuhause eine Maske zu tragen.",-1,0,-1,0,1,0
"Ich liebe Taiwanesisch. Taiwanes:innen sind so klug, fleissig und freundlich, Ich liebe sie einfach so sehr, ob sie jetzt oder in Taiwan leben, das spielt keine Rolle.",-1,0,-1,0,0,0
"Hier leben viele Menschen mit Lernschwierigkeiten. Es ist, als würde man in einem offenen Land leben!",-1,0,-1,0,0,0
Hindus hassen Christen,-1,0,-1,0,1,1
"Er hat einen Schritt gemacht, der wirklich gut ist.",-1,0,-1,0,0,0
"Mehrere tausend illegale Migranten, die von Präsident Belarus geschickt wurden",-1,0,-1,1,0,0
Die Bedeutung darin wird zweifelhaft und uneinheitlich bleiben - und genau so sollte es sein.,-1,0,-1,0,0,0
"Feminismus ist das Giftigste, was im Westen passiert",-1,0,-1,1,1,1
Dieser Computer ist nichts als nutzloser Mist,-1,0,-1,0,0,1
"Das Problem ist mangelnde Integration, nicht die Einwanderung!",-1,0,-1,0,0,0
"Es ist die Menge, die den Sündenfall begeht, der alles zunichtemacht.",-1,0,-1,0,0,0
"Wir wussten, dass er ein ganz besonderer Fahrer war und ein ganz besonderer Mensch ist, aber wir hatten keine Ahnung, wohin unsere Reise gehen würde"", erzählte Horner.",-1,0,-1,0,0,0
"Es gibt derzeit viele Möglichkeiten für Menschen mit Behinderungen, an Sportvereinen teilzunehmen. Weiter so!",-1,0,-1,0,0,0
"Die Frau war darauf zusehen, wie sie ihr Haus verließ, die Straße überquerte und zu ihrem Nachbarn ging.",-1,0,-1,0,0,0
"Natürlich ist Behinderung abnormal, in dem Sinne, dass sie von der NORM Abweicht. Aber da sind einfach einige Mutationen passiert; da kann der Träger dieser Mutation genauso wenig dafür wie die Eltern, und sein Leben ist allemal so viel Wert wie jdes andere",-1,0,-1,0,0,0
"Wir saßen in der Küche und hörten, wie Stiefel auf den Straßen rannten.",-1,0,-1,0,0,0
"Was haben M0ng0s und Bettler gemeinsam? Ihnen wird geholfen, obwohl Sie dem Staat nicht helfen",-1,0,-1,1,1,1
Die schuldbeladenen und zahlenden Deutschen als “ewige” Deppen der Welt und mitten unter ihnen die grünen Psychopathen die all dem Vorschub leisten.,-1,0,-1,1,1,1
"Boah, das ist aber gar nicht einmal so schlecht für eine Raumfahrernation (gemäß hiesig Politiker), wieder ein Tschutschubähnchen einzuführen.",-1,0,-1,0,1,1
"Krieg führen oder einen Krieg beginnen, wegen meiner Religion dem Islam, kann ich mir überhaupt nicht vorstellen als Muslimin..",-1,0,-1,0,0,0
"Der Abschaum der BBC stellt unsere Streitkräfte jetzt als Terroristen dar. Wir haben gesehen, wie korrupt sie sind, als sie versuchten, Tommy Robinson zu ruinieren, scheiß auf die BBC!",-1,0,-1,1,1,1
Unter Bahnfahrern scherzt man: »Fährt ein Mann mit dem Zug und hat Internet«.,-1,0,-1,0,0,0
"Wir sind daher zuversichtlich, was unseren Ausblick für 2022 betrifft.»",-1,0,-1,0,0,0
"Sie sind nicht alle Muslime, einige sind Christen, Turkman, Yazidis, Kurden ...",-1,0,-1,0,0,0
Bombenbauer sind faul,-1,0,-1,0,1,1
Bist du trans oder cis?,-1,0,-1,0,0,0
"Die 15 000 Niedriglohn-Emigranten, die ums Leben kamen, vergleichen Sie mit unseren Gastarbeitern in den 60ern.",-1,0,-1,1,0,0
"Unglaublich, dass immer noch gefordert wird, dass die Afrikaner von hier verschwinden.",-1,0,-1,0,1,0
"Auf der Website behauptet Tossakan, Berlins authentischster Thai zu sein.",-1,0,-1,0,0,0
"Was immer gelten wird: die, die sich am besten auf dem Platz bewegen können, werden die besten Spieler sein.",-1,0,-1,0,0,0
Mindestrente ja aber dafür dann den Regierenden das Gehalt um 50 % kürzen und die Diäten komplett streichen wegen Unfähigkeit,-1,0,-1,0,0,1
"Sie waren schon einmal hier, Fische, mit Menschen, die Sie nur halb geliebt haben und sich entschieden haben, beim ersten Anzeichen von Zwietracht zu gehen.",-1,0,-1,0,0,0
Juden werden seit Jahrhunderten als gierig abgestempelt. Das finde ich einfach grausam.,-1,0,-1,0,1,0
"Damals war man schon froh, wenn ein Mann überhaupt tanzen wollte, da war 18 Jahre kein Problem.",-1,0,-1,0,0,0
LGBT-Menschen sind bei mir herzlich willkommen.,-1,0,-1,0,0,0
"Heirate die Frau, die du liebst.",-1,0,-1,0,0,0
Fortan fristeten auch die Modelle sowjektischer Bauart ein klägliches Dasein.,-1,0,-1,0,0,0
"Folglich gibt es herrliche genderfluide Verwirrungen â€“ in Haag muss sich eine Frau nicht einmal entscheiden, ob sie lieber einen Mann oder eine Frau lieben will: Mit einem guten Zeitplan geht beides.",-1,0,-1,0,1,0
"»Ich sage nur soviel: Die Vereinigten Staaten haben nicht die Absicht, Chemiewaffen zu nutzen.",-1,0,-1,0,0,0
"Das Gesetz war nicht das Problem, es ist die Vergewaltigungsmitglieder dieser Religion.",-1,0,-1,1,1,1
Ich möchte nichts über diese blöden Black-Panther-Unruhen lesen,-1,0,-1,0,1,1
"Die beiden Plätze sind jedoch weniger als zwei Minuten Fußweg voneinander entfernt, was es den Besuchern erleichtert, von einem zum anderen zu wechseln.",-1,0,-1,0,0,0
Wie kommt der Afghane auf den Berg ?  Mit der Talibahn,-1,0,-1,1,1,1
"Im März erreichten die weltweiten Lebensmittelpreise ein neues Allzeithoch, das bis ins Jahr 1961 zurückreicht, und ich bin sicher, dass jeder, der dies liest, das spürt.",-1,0,-1,0,0,0
"Also bin ich mir sicher, dass er bald wieder dort ist, wo er war.“",-1,0,-1,0,0,0
"Wenn es ein paar Prozent von den Alten kostet, profitiert die ganze Gesellschaft.",-1,0,-1,0,0,0
"Ukraine-Krieg: Staats-TV warnt vor „Nuklear-Krieg, den nur Mutanten überleben“",-1,0,-1,1,0,1
"Eine Ende 40-jährige Frau geht durch die isländische Landschaft, eigentlich sieht alles gewohnt schroff, atemberaubend und faszinierend aus.",-1,0,-1,0,0,0
"Letztere berichtet von einem Vorfall, als sie zum ersten Mal einem Catcaller die Meinung gesagt hat: „Ich war richtig stolz, als ich die ganze Wut herausgelassen habe.",-1,0,-1,0,0,0
Terrorismus hat keine Religion!,-1,0,-1,0,0,0
"Bei dieser Show dürfen die Taschentücher nicht fehlen, so viel ist klar.",-1,0,-1,0,0,0
"Neue Mitglieder - sofern vorhanden - werden aus den eigenen Reihen ausgebildet, was die Kosten für Eltern niedrig hält.",-1,0,-1,0,0,0
"Jedes Mal, wenn du einen Peedo siehst, ihn wie Scheiße behandelst, ihn anhustest oder ihm vor deiner Frau und deinen Kindern eine Ohrfeige verpasst, wird er nichts weiter tun, als sich zusammenzukauern und sich wie ein Fötus zusammenzurollen. Wie kann man nur Angst vor diesem schwachen, kleinen, heimtückischen Geschöpf haben? Ihm am Ende öffentlich unter der Mittagssonne eine ganze lange Reihe von ihnen zu häuten, wo die Biere und die Snacks vom Buffet sind, es wäre eine perfekte Feier",-1,0,-1,1,1,1
Frankreich müsste man bald ein Repüblique democratique islamique France nennen...,-1,0,-1,1,1,1
Man denkt in der Sprache der kulturellen Kolonialherren und fügt hin und wieder (z.B. bei Namen von Ausstellungen) einen zweitrangigen Subtitel in der primitiven Eingeborenensprache Deutsch hinzu.,-1,0,-1,0,1,1
Sie ist so ein hässliches Stück Scheiße,-1,0,-1,0,1,1
"In Saudi-Arabien werden LGBT-Menschen verfolgt, was ich sehr schade finde.",-1,0,-1,0,0,0
"Der Arbeitsplatz sollte immer rauchfrei sein. Es ist unlogisch, es zu haben, während man intellektuelle Arbeit verrichtet. Wenn man das nicht sehen kann, dann hat man vielleicht den Verstand einer Schnecke.",-1,0,-1,0,0,1
Ich fände es gut wenn man Kinder mit Behinderung in den Klassen integrieren würde,-1,0,-1,0,0,0
"Was würde ich dafür geben, diese Idioten zu verletzen. Vielleicht muss ich mich mit meinen lokalen begnügen.",-1,0,-1,1,1,1
"Keuschheit ist keine Eigenschaft, mit der man Frauen assoziieren sollte. Frauen sollten frei von überholten patriarchalen Zwängen leben!",-1,0,-1,0,0,0
"Haltet euch fest, Chooms!",-1,0,-1,0,0,0
"Der Ort war voller verdammter Tiere, es war ekelhaft",-1,0,-1,0,0,1
"Dieses Klima geht über eine lokale Notsituation, wie sie in Ter Apel geschaffen wurde, weit hinaus.",-1,0,-1,0,0,0
"Haberman zitiert in dem Buch auch den früheren Trump-Berater Sam Nunberg, laut dem Trump auf die Frage, was ihm bei seiner Kandidatur für die US-Präsidentschaft am meisten Sorgen mache, antwortete: »die Frauen«.",-1,0,-1,0,0,0
"Auch die Tapeten waren nichts für ihn, also machte Schulz ein Sportgeschäft auf, das er nach acht Jahren wieder verkaufte, um seinem Bruder in die Reisebranche zu folgen.",-1,0,-1,0,0,0
Refugees One ist Müll,-1,0,-1,1,1,1
"Der Faschismus in Europa ist wieder im Aufwind. Juden, Sinti und Roma haben gute Gründe besorgt zu sein",-1,0,-1,1,1,1
Juden sind auch hummmmmman,-1,0,-1,1,1,1
Schulen lehren unvollständige Geschichte über die schwarze Sklaverei,-1,0,-1,0,0,0
"Jeder Zuschauer, der mit einem roten Kleidungsstück antanzt, hat freien Eintritt in die Arena, wenn es um Sein oder Nichtsein geht.",-1,0,-1,1,0,0
Bis in das späte 19. Jahrhundert war „Muselmann“ die übliche deutschsprachige Bezeichnung für Muslime.,-1,0,-1,0,0,0
"Nur weil Du mit verbundenen Augen und Deinen Füßen Gitarre spielen kannst, bist Du noch lange kein Gott.",-1,0,-1,0,0,1
"Ich werde es nicht akzeptieren, dass jemand dieses Stück Scheiße ein Auto nennt!",-1,0,-1,0,0,1
Die Entfernung zwischen dem RuralLink-Standort und dem Host-Standort beträgt bis zu 20 km.,-1,0,-1,0,0,0
"Ich bin mir sicher, dass Homosexualität und psychische Gesundheit keine Relation haben.",-1,0,-1,0,1,0
"Es gibt mehr Schwarze als Weisse in Kenia, Afrika.",-1,0,-1,0,1,0
Wir haben die weltweit höchste Leistung bei der Erfassung der Persönlichkeit und Natürlichkeit eines Menschen erzielt.,-1,0,-1,0,0,0
"Justin Timberlake und Jessica Biel: Ein Hollywood-Paar, das sich vielversprechend zeigt bei seinen öffentlichen Auftritten, aber privat darf ihre himmlische Familie sein, wie sie will.",-1,0,-1,0,0,0
"Dieses Volk,das seit Jahrzehnten die Palästinenser unterdrückt, foltert und ermordet und die Welt terrorisiert,jammert jetzt.",-1,0,-1,1,1,1
Früher stieg der Muezzin selbst auf das Minarett und rief die Gläubigen zum Gebet,-1,0,-1,0,0,0
"Ich sehe nicht ein, warum ich die Bedürftigen unterstützen soll. Unterstützen sie denn mich?? Ne. Also. Jeder schaut für sich selber",-1,0,-1,0,0,1
"Er gehörte nicht zu denjenigen Menschen, von denen ich gedacht hätte, dass sie zu YouTube wechseln.",-1,0,-1,0,0,0
"Aber er machte nicht den Eindruck, als würde er selbst derjenige sein, der diesen Sieg erringen wird?",-1,0,-1,0,0,0
"Juden haben eine Geschichte der Marginalisierung. Jahrhundertelang haben Menschen sie zum Sündenbock gemacht, aus purem Eigennutz.",-1,0,-1,0,1,0
Leute die weniger verdienen werden zunehmend aus den Städten verdrängt. Das muss endlich aufhören!,-1,0,-1,0,0,0
"Zuerst haben wir uns vollgetrunken und dann hat uns die Polizei voll aggressiv kontrolliert, nur weil wir schwarz sind.",-1,0,-1,0,1,1
Die UNO will mit ihrem Totalitarismus die Welt beherrschen und alle zu ihren Sklaven machen.,-1,0,-1,1,1,1
"Es ist kein Zufall, dass er nie ein Turnier gewann, bevor sie sich kennenlernten.",-1,0,-1,0,0,0
"Ein Freund erzählte mir, sein Nachbar sein ein Afrikaner.",-1,0,-1,0,1,0
"Ein aufstrebender kolumbianischer Wandmaler hat eine der exklusivsten Leinwände der Welt erhalten, um seine Arbeit in Echtzeit in Monaco während des FORMULA 1 GRAND PRIX DE MONACO 2022 zum Leben zu erwecken.",-1,0,-1,0,0,0
"Wenn wir mehrere Trainingseinheiten pro Woche in die Gleichung einbeziehen, können wir die RDA-Empfehlungen vergessen.",-1,0,-1,0,0,0
"Das ist Teil eines Islamverständnisses, das in der arabischen Welt leider weit verbreitet ist.",-1,0,-1,0,1,0
"Schicken Sie sie nicht nach Afrika zurück, sie können frei leben, wo sie wollen.",-1,0,-1,0,1,0
Ist Afrika eigentlich ein einziges Land?,-1,0,-1,0,0,0
"Lesen Sie hier, was ein Chad ist.",-1,0,-1,0,0,0
"Man habe Sätze über sie gesagt, wie ""Ich würde so gerne mit ihrer Eiskugel tauschen"" oder ""ich habe nichts gegen Frauenbewegungen.",-1,0,-1,0,0,0
"Aber meine Eltern waren unter meinem Einfluss, ich habe ein russischsprachiges Gymnasium abgeschlossen und danach habe ich an der Kiew-Mohyla-Akademie zu studieren begonnen, wo ich einen ganz anderen Freundeskreis bekommen habe.",-1,0,-1,0,0,0
"Silvio Berlusconi versprach den Fußballern seines Clubs AC Monza einen ""Bus voller Huren"" als Siegesprämie.",-1,0,-1,0,0,1
"Ich weiß, dass Sie und Ihr Militär meine Vorschläge für Übungen in Belarus in Betracht ziehen. 583606	Ich weiß, dass ungeimpfte Patienten in deutschen Krankenhäusern behandelt werden dürfen"", so der Vater des Jungen.",-1,0,-1,1,0,0
"Barbies sind weiß oder schwarz, das sind sie wirklich, Ende 0f! Warum können die Leute das nicht bekommen, die eins kaufen wollen, das nicht so ist wie sie? Als nächstes müssen sie auch braune machen!",-1,0,-1,1,1,1
"Sie werden bald wissen, warum Sie sich den Herausforderungen stellen mussten, als Sie das Portal der Wunder betraten.",-1,0,-1,0,0,0
"Laut Kadyrov haben ja auch alle Russen, die was auf sich halten ""dunkle PR"" studiert, sonst wäre man sowieso kein ""Mann"".",-1,0,-1,0,0,1
"Vor allem religiöse und ethnische Minderheiten sind vom Hass betroffen. Ahmed hat mir erzählt, wie er angespuckt wurde, anschliessend wäre es fast zu einer Schlägerei gekommen",-1,0,-1,0,1,0
Secondos liefern das Rückgrat der schweizer Gesellschaft,-1,0,-1,0,0,0
Ich habe in meinem Sportverein einige Lesben kennengelernt. Die sind recht cool!,-1,0,-1,0,0,0
"Die Fotze, die Reddit r/India-Mod nennt, ist East Indians „Subhuman Apes“!",-1,0,-1,1,1,1
"Der Franzose weiß also, was es braucht, um in der Meisterschaft erfolgreich zu sein.",-1,0,-1,0,0,0
Anarchismus ist eine verdammte Lüge,-1,0,-1,0,1,1
"Austins Team hat zwölf dieser Kacheln in eine für Neugeborene geeignete Kappe eingepasst, die über ein einziges Kabel mit einem Computer verbunden ist.",-1,0,-1,0,0,0
"Auch in diesem Fall, um Liebe und Leidenschaft im neuen Jahr zu fördern.",-1,0,-1,0,0,0
Ist gibt auch ungeimpften Migranten.,-1,0,-1,0,0,0
"Aber auch von den Nummern, die wir hatten, sah es einfach so aus, als ob wir nicht mehr die Downforce hatten, die wir vorher hatten.",-1,0,-1,0,0,0
"Dass Behinderte aus der Gesellschaft entfernt werden müssen, können auch nur die Rechten behaupten.",-1,0,-1,1,1,1
"Aber vielleicht liegt es schlicht daran, dass niemand unter den ehrenwerten Mitgliedern des Unterhauses die Schneid aufbringt, unfrisiert die Wohnung zu verlassen.",-1,0,-1,0,0,0
"Warum hier Minarette bauen? Und welche Antwort wäre es, wenn wir sie bitten, Kirchen dort zu bauen?",-1,0,-1,0,1,0
"Wenn ""Homosexualität"" und ""Moral"" im selben Satz auftauchen, läuten bei mir die Alarmglocken.",-1,0,-1,0,1,1
Ich finde das ganze Gender-Sternchen Scheiß unnötig.,-1,0,-1,0,1,1
"Ich finde, übergewichtige Menschen sollten gebüsst werden. Sind mit ein Grund für die Ressourcenverschwendung unseres schönen Planeten.",-1,0,-1,1,1,1
Pessach gehört zu den wichtigsten Festen des Judentums,-1,0,-1,0,0,0
"Der Rückgang erfolgte jedoch auch diesmal relativ schnell, denn schnell passte sich der Zivilisationsstand wieder dem Frieden an.",-1,0,-1,0,0,0
"Frauen schaffen es hier in Eurorpa seit dem letzten Weltkrieg noch immer nicht, ihre eigentliche Aufgabe komplett selbst zu bestimmen.",-1,0,-1,0,1,1
"Ich bin mir sicher, dass meine Vorfahren sehr stolz darauf wären, dass ich uns in einem positiven und nicht in einem negativen Licht repräsentiere“, sagt Lamar.",-1,0,-1,0,0,0
Drei Geschichten.,-1,0,-1,0,0,0
"Ich hasse die Familie meines Freundes, sie ist so unhöflich und ekelhaft",-1,0,-1,0,1,1
"Frauen im Nahen Osten haben sich wie alle anderen gekleidet, bis sie unterdrückt wurden",-1,0,-1,0,1,0
"Bin ich der Einzige, der sich immer nur für muslimische Mädchen interessiert? Als ich aufwuchs, habe ich nie wirklich viele getroffen, aber selbst jetzt bin ich noch nie einem begegnet, der meine Aufmerksamkeit wirklich erregt hätte. Wie auch immer, das bin nur ich!",-1,0,-1,0,0,0
"Migranten würden besser zu Hause bleiben, sie würden besser werden",-1,0,-1,1,1,1
Wer ist nicht coronamüde?,-1,0,-1,0,0,0
"Dies könnte eine Chance für uns sein, Whatsapp effizienter zu nutzen, um mehr Umsatz und bessere Kundenkontakte zu generieren, fügte Arnt hinzu.",-1,0,-1,0,0,0
"Brexit war die richtige Entscheidung, allerdings muss ich betonen, dass ich der zunehmenden Gewalt gegenüber Muslime überhaupt nicht zustimme.",-1,0,-1,0,0,0
"Die Realität ist eigentlich das komplette Gegenteil. Wenn sie bei der Begehung eines Verbrechens erschossen werden, graben die Medien immer alte Bilder aus, auf denen der Delinquent unschuldiger aussieht als zum Zeitpunkt des Verbrechens, das zu ihrem Tod führte.",-1,0,-1,1,0,0
"Darin sagt der frühere Fußballspieler, dass er gerade in Qatar aufgewacht sei, was ihn immer glücklich mache.",-1,0,-1,0,0,0
"Mein Herz ist eine Platine, keine Liebe im System!“",-1,0,-1,0,0,0
Es war total komisch.,-1,0,-1,0,0,0
"Die Verwandten von Verwandten von behinderten Kindern, verringerten Ehepartner, Eltern, usw.) müssen während der Krise unterstützt werden.",-1,0,-1,0,0,0
"Die Tatsache, dass Clément für mindestens drei Jahre eine berufliche Bindung in unsere Region hat, macht es auch aus meiner Sicht mehr als logisch, dass wir uns um so einen Spieler bemühen.“",-1,0,-1,0,0,0
Bei 40 Grad im Schatten klingt der Name wie ein Witz: „Alaska“.,-1,0,-1,0,0,0
"Mücken sind scheiße, das hat meinen Urlaub komplett ruiniert",-1,0,-1,0,0,1
"Sagt man ""gehörlos"" oder ""taub""? Ich finde diese PC Scheiss mega verwirrend lol",-1,0,-1,0,0,1
Was für Gasdäme waren das?,-1,0,-1,0,0,0
Nicht alle Afrikaner sind schwarz,-1,0,-1,0,1,0
Skandal! Ein Algerier wurde am Haupbahnhof niedergestochen!,-1,0,-1,1,0,0
"Alle Schülerinnen und Schüler sind dringend aufgerufen, in Innenräumen stets eine Maske zu tragen.",-1,0,-1,0,0,0
Der Einwanderungsbeamte war absolut schrecklich zu diesen Transfrauen,-1,0,-1,0,1,1
"Ich respektiere Menschen aller ethnischen Hintergründe, inklusive schwarze Menschen.",-1,0,-1,0,0,0
"Dann sagen sie so etwas wie: „Vampire müssen blassweiß sein, hurr durr, natürlich können sie nicht schwarz sein.“",-1,0,-1,0,1,0
"Dating für attraktive Menschen ist wie Online-Shopping, aber sie werden für den Einkauf BEZAHLT und erhalten eine kostenlose Mahlzeit. Dating für unattraktive Menschen ist wie ein Bewerbungs-/Interviewprozess. Sie müssen sich bewerben, um überhaupt eine Antwort zu erhalten, gut reagieren, um überhaupt ein Date (Interview) zu bekommen, und dann den Interviewprozess bestehen, oder es kann sogar ein zweites oder drittes Interview dauern. Attraktive Menschen sind solche Glückspilze",-1,0,-1,0,1,1
"Faschistische Schweine! Jetzt, wo die Polizei die Unterstützung der Bürger braucht, ist sie nicht da! Die Polizei hat es sich gewissermaßen selbst angetan; Wie wir 1946 in Nürnberg gesehen haben: „Nur Befehlen zu folgen“ ist keine Verteidigung. Nach dem Zweiten Weltkrieg wurden Hunderte von Deutschen wegen „einfacher Befehlsbefolgung“ vor Gericht gestellt und verurteilt. Derselbe Maßstab sollte auch für heutige Polizisten gelten",-1,0,-1,1,1,1
"Insgesamt wurden vier Schweinegene eliminiert und sechs menschliche Gene in das Genom des Schweins eingefügt, um eine Abstoßung des Herzens durch Bennetts Körper zu verhindern.",-1,0,-1,0,0,0
"Also, lassen Sie zu, dass das, was auseinanderfallen muss, auseinanderfällt.",-1,0,-1,0,0,0
"Aufgrund all dieser Faktoren hatte ich das Gefühl, dass meine Reise mit den Lilien noch nicht zu Ende ist, sondern über die laufende Saison hinaus weitergehen soll.",-1,0,-1,0,0,0
"Marktoberdorf – „Acht Prozent, acht Prozent!“ hallt es in ohrenbetäubendem Lärm übers weite Rund, und etwa 400 Frauen und Männer drängeln sich dabei auf dem Marktoberdorfer Marktplatz.",-1,0,-1,0,0,0
"Wir haben lange darüber diskutiert, ob es einen bestimmten Teil unseres Prozesses oder ein Werkzeug gibt, das wir verwenden und das uns vielleicht ein wenig anfälliger für diese Art von Verhalten macht, das wir bei diesen Dingen beobachten.",-1,0,-1,0,0,0
Sein Job ist ein verdammtes Dreckloch,-1,0,-1,0,0,1
"Wir sollten uns einfach bewusst halten, dass es ein intelligenter Prozess ist, der einen großen Teil zur Entwicklung unseres Gehirns beigetragen hat.",-1,0,-1,0,0,0
"Wir müssen wohl oder übel warten, bis die neue Welle ein Ende hat.",-1,0,-1,0,0,0
Subsahara-Afrikaner haben stärker pigmentierte Haut als Kaukasier.,-1,0,-1,0,0,0
"Das 9-Euro-Ticket wird nicht für Fernzüge gelten, aber es wird dafür sorgen, dass dieser Konzern von so vielen Menschen wie nie zuvor begutachtet, erkannt wird.",-1,0,-1,0,0,0
"Der Grip war auf der Strecke viel größer, als ich es erwartet hatte. 256629	Der Grip war niedrig, denn 50 Grad auf dem Asphalt sind für hier ziemlich hoch.",-1,0,-1,0,0,0
"Im baskischen Land mobilisieren die Bürger, um den Verlauf der Migranten zu ""sichern""",-1,0,-1,1,1,1
Gas ist eine begrenzte Ressource und ein rares Gut heutzutage,-1,0,-1,0,0,0
"Aber ich bin endlich zu der Erkenntnis gekommen, dass ich mich selbst definieren kann.""",-1,0,-1,0,0,0
Ich hasse Menschen mit sehr farbigen Kleidern.,-1,0,-1,0,1,1
"»Diese ganzen Anfeindungen sind der Grund, warum es mir so wichtig ist, dass wir auch vor dem Gesetz verheiratet sein können.",-1,0,-1,0,0,0
"Wenn 90% von uns weißen, cis-männern sagen würden das wir keine Araber auf der Toilette wollen, wäre das nicht relevant zu wissen?",-1,0,-1,1,1,1
"Die ganzen Geringverdiener können sich noch so zusammenreissen und mehr arbeiten, sie werden weiter hungern",-1,0,-1,1,1,1
"Sie sagten: „Ja, ja, natürlich, wir werden uns sofort darum kümmern“.",-1,0,-1,0,0,0
"Du meinst, es ist fast so, als ob die Transsexuellen Frauen hassen würden? Nun, ich nie!",-1,0,-1,0,1,0
"Während die erste Form einer Trennung durchaus wünschenswert ist, ist es die zweite nicht.",-1,0,-1,0,0,0
"Diese Mädels, die mich ablehnen, machen mich krank",-1,0,-1,0,1,1
Alle anderen sind damit fertig geworden.,-1,0,-1,0,0,0
"Entscheidung der Australier ein, denn wo würdwn wir hin kommen, wenn falsche Angabwen im Visum und ein vorsätzlicher Verstoß gegen Einreisebestimmungen wegen eines Ballspielers zum Einreisen berechtigen würden.",-1,0,-1,1,0,0
"Wir können noch ein bisschen ruhiger sein, wenn wir den Ball gewinnen.",-1,0,-1,0,0,0
"Die Kosten, von denen wir sagen, dass sie für ein Team anfallen, beziehen sich auf eine Berichtsgruppe, die aus den juristischen Gruppeneinheiten des Teams besteht, die die Kosten für die Formel-1-Aktivitäten im Namen des Teams übernehmen. 346924	Die Kosten von einigen tausend Euro sind für eine Gemeinschaft von zwei bis drei Kleingärtner nicht gering.""",-1,0,-1,0,0,0
"Es ist eine erwiesene Tatsache, dass das Geld, das diesen Milliardären gegeben wird, mehr Menschen nutzen würde, wenn es für die Verbesserung islamischer afrikanischer Länder ausgegeben würde. Es würde die Ausbreitung des Virus eindämmen. Covid eindämmen.",-1,0,-1,1,0,0
In meiner Nachbarschaft wimmelt es von Kamelen,-1,0,-1,0,0,0
"Frauen sind nicht glücklich. Jede Frau wird Ihnen sagen, dass sie unglücklich ist, wenn Sie sich nur die Mühe machen, sie zu fragen. Moderne Frauen sind auf tragische Weise unglücklich, und das ist schrecklich. Wenn wir nur die Anzahl der Frauen betrachten, die zum Arzt gegangen sind, eine Diagnose erhalten haben und denen starke Antidepressiva verschrieben wurden, können wir leider feststellen, dass ein erheblicher Prozentsatz der Frauen in dieser Gesellschaft nicht glücklich sein kann. Allerdings sind die Männer offensichtlich nicht weit dahinter.",-1,0,-1,0,0,1
"Mein bester Freund ist ein schwarzer schwuler Mann, na und?",-1,0,-1,0,0,0
Glauben Sie mir! Die wenigsten schwarzen Männer sind schlampig. Weniger wahrscheinlich als bei den Weissen,-1,0,-1,1,1,1
Bist du eigentlich schwul ?,-1,0,-1,0,1,0
"Ich denke, das ist ein Schritt in Richtung Effizienz, der sehr reizvoll ist.",-1,0,-1,0,0,0
Vielleicht zerbomben die Russen ja ihre eigenen Städte.,-1,0,-1,1,0,1
"Schwarze Menschen sind nicht feindselig. Bitten Sie sie um Hilfe und sehen Sie, was passiert. Sie helfen dir einfach. Es sind die Rassisten, die dir dein Geld wegnehmen und sich dann davonmachen",-1,0,-1,0,1,1
"Ich hasste es absolut, in dieser Gruppe so viele Hitler-Anhänger zu finden! Was für Verlierer! Ich dachte, ich wäre der Einzige und hatte ein bisschen Angst, darüber zu sprechen, aber es stellte sich heraus, dass es jede Menge Idioten gibt.",-1,0,-1,0,1,1
"Wenn wir das tun, wird es uns nicht mehr geben.»",-1,0,-1,0,0,0
Das Romanes-Wort Porajmos (deutsch: „das Verschlingen“)  bezeichnet den Völkermord an den europäischen Roma in der Zeit des Nationalsozialismus,-1,0,-1,0,0,0
"Verstehe ich nicht, warum Frau Merkel die Hälfte des afrikanischen Kontinentes aufnehmen will. Bringen doch nur Ungemach, die",-1,0,-1,1,1,1
Gibt es eigentlich noch Menschen in Arabien? Oder sind die alle in Deutschland?,-1,0,-1,1,1,1
"Ein Polizist steht auf seinem Motorrad, um einen Ball aus einem Baum zu holen.",-1,0,-1,0,0,0
"Hermelinda, die nicht ahnte, dass sie bei ihrer Rückkehr nach Ecuador ihre Freunde bei einem Schiffsunglück verlieren würde, das durch einen Unfall verursacht wurde und bei dem sie ihr wertvolles Flugzeug verlor, nahm daran teil.",-1,0,-1,0,0,0
"Es scheint, dass China gerne russische LNG-Ladungen mit Preisnachlässen annimmt, um alternative Lieferungen auszutauschen, die dann zu höheren Preisen nach Europa geleitet werden können.",-1,0,-1,0,0,0
Die meisten schlechter.,-1,0,-1,0,0,0
"K!nder müssen jetzt nach Hause, hallo es ist schon 12 Uhr nachts?!",-1,0,-1,0,0,0
"Viele Frauen wollen einen Partner, der gut bezahlt ist, einen tollen Job hat und gut aussieht. Und das ist okay, weil jeder zu seinen Präferenzen berechtigt ist, solang es niemanden verletzt.",-1,0,-1,0,0,0
"Das Ristorante Europa bietet ein wahres Geschmackstraining, inspiriert von dem Wunsch, Grenzen zu überwinden und die Vereinigung verschiedener Kulturen zu feiern.",-1,0,-1,0,0,0
Ich habe nie an mich gedacht,-1,0,-1,0,0,0
Bisher war es einzig der Thriburi-Kindergarten.,-1,0,-1,0,0,0
"Mir wurde gesagt, dass die Menschen in meinem Land Juden hassen, weil wir reich und gierig sind",-1,0,-1,1,1,1
"Denken Sie daran, dass alles, was nötig ist, um die Bewertung von irgendetwas zu erhöhen, mehr Käufe als Verkäufe sind.",-1,0,-1,0,0,0
"Als die Hacker-Gruppe Conti am Wochenende ihre uneingeschränkte Unterstützung des russischen Angriffs in der Ukraine verkündete, war das eine klare Drohung.",-1,0,-1,1,0,0
"Aber ich meine, es ist möglich.",-1,0,-1,0,0,0
"Sie halten ihre Vierteljahresbilanzen hoch, um Wildtiere zu beeindrucken.",-1,0,-1,0,0,0
Kriegsgefangene sind nach den genfer Konventionen zu behandeln.,-1,0,-1,0,0,0
Diese fünf Detektivinnen sind Helden!,-1,0,-1,0,0,0
"Wenn ich die Nachrichten und nur die Nachrichten zu meiner Information lesen würde, würde ich denken, dass Muslime für alle Terroranschläge verantwortlich sind, das ist so verdammt voreingenommen",-1,0,-1,0,1,1
»Das Aufwallen von Zorn ist deswegen einfach typisch für Crack.«,-1,0,-1,0,0,0
"Aber ich bin mir sicher, dass wir die beste Arbeitsweise haben und die Situation am besten analysieren können.",-1,0,-1,0,0,0
"Ich fürchte, Transsexuelle werden in dieser Gesellschaft definitiv aufs Äußerste gemobbt",-1,0,-1,0,1,1
In der Ukraine müssen Menschen sterben und bei sind Phoots sind das alles nur Luxusprobleme.,-1,0,-1,1,1,1
"Die Ankunft von Zhou wird dem Team dank des Sponsorings aus China zusätzliche finanzielle Unterstützung bringen, sodass es nahe an der Budgetgrenze arbeiten kann.",-1,0,-1,0,0,0
"Die Zurückforderung von transfeindlichen Beleidungen erlaubt viele Trans-Menschen, ein mutiges und selbstbewusstes Leben zu führen.",-1,0,-1,0,0,0
Der sogenannte Judenstern war ein Zwangskennzeichen im dritten Reich für alle Personen die als Juden galten,-1,0,-1,0,0,0
"Wir müssen ja nicht gleich von Sankt Meghan sprechen, doch das Baby wird sich über ihren Mantel schon gefreut haben, auch wenn er ihm viel zu groß sein dürfte.",-1,0,-1,0,0,0
"Und dann wäre da noch die Tatsache, dass sie selbst außergewöhnlich grün und übermenschlich stark ist.",-1,0,-1,0,0,0
"Die Unterdrückten haben NICHT herausgefunden, dass Stärke allein in der Zahl liegt. Es waren die Verhältnisse, die in ihrem Namen die Organisation übernahmen.",-1,0,-1,0,0,0
"Doch aus irgendeinem Grund sind die Behörden der Meinung, dass der Ruf von Persönlichkeiten des öffentlichen Lebens am schwersten durch die Nähe zur Homosexualität geschädigt wird.",-1,0,-1,0,1,0
"Zeit, diejenigen abzuwählen, die illegale Außerirdische vor die Bürger dieses Landes gestellt haben",-1,0,-1,1,1,1
"Die Mordrohungen, Schmähgesange und gar Attacken auf Schiedsrichter müssen aufhören",-1,0,-1,0,1,1
"Alle linken Vorwürfe, Konservative seien Nazis, sind unbegründet und widersprechen völlig der Realität. Leider sind sich die meisten von uns der höheren Wahrheit, die sie erkannt hatten, nicht bewusst!",-1,0,-1,1,0,0
"Also es ist der Blick in die Zukunft, aber wir müssen schon aufpassen, worauf wir uns einlassen.",-1,0,-1,0,0,0
"Die Tanzkünste, die sie präsentiert haben sind excellent! - als Mann sollte man alle Rollen so spielen wie sie das gemacht haben.",-1,0,-1,0,0,0
Zunehmender Islamismus tut meiner Bewunderung für Araber keinen Abbruch.,-1,0,-1,0,1,0
"Mercedes Fahrer haben häufig wunderschöne, weisse Zähne. Ansonsten... Naja. Nicht viel",-1,0,-1,0,1,1
"Komiker können manchmal ein wenig düster sein und er kam einfach in einer schlechten Stimmung herein, so Barrymore damals.",-1,0,-1,0,0,0
"Besonders nach Oldenburg, so schien es, hatte jede deutsche Stadt eine Abordnung Rüpel*innen geschickt: So deutlich zeichneten sich dunkel gekleidete Personen ab, die nur darauf zu warten schienen, dass ein Funke das Pulverfass in die Luft jagte.",-1,0,-1,1,0,1
"töten, abstechen, abmurksen...schon alles ziemlich gewaltvoll",-1,0,-1,0,0,1
"Alle Betrüger verwandeln sich irgendwann in Hexen, deshalb ärgern sich manche darüber, dass ihre Partner Feuer im Garten machen. Der Dämon im Inneren beginnt in Panik zu geraten, wie schon zuvor.",-1,0,-1,1,0,1
Man sollte sie Jagen sagte die Vorsteherin der AfD gegenüber den Sozialdemokraten,-1,0,-1,1,1,1
Ich mag Männer mehr als Frauen. Aber bin ja auch eine hetero-Frau,-1,0,-1,0,0,0
Auf dem alten Witebsker Boden sind wieder die Rufzeichen des „Slawischen Basars“ zu hören.,-1,0,-1,0,0,0
Bluetooth 5.0 wurde für einen geringen Stromverbrauch entwickelt und verfügt über eine stabilere Netzwerkübertragungsgeschwindigkeit.,-1,0,-1,0,0,0
"Ich behaupte, dass der Begriff „Niggas“ nur für uns Schwarze gilt",-1,0,-1,0,1,1
"Hier ist die Sache, Zwillinge: Sie stecken fest in der Vorstellung, wie die Dinge sein sollten und wie nicht, und Ihre Scheuklappen halten Sie davon ab, zu sehen, was vor Ihnen liegt.",-1,0,-1,0,0,0
"Dann ist es nicht mehr weit zur weltweiten Zwangs-∞-fach-GVO-Nanopartikel-Botenstöffchen-Präventivmedizin-Pimpung an unseren Kindern, die offenbar schon ein so gutes Immunsystem haben, dass sie zwei Jahre lang nicht zur Schule gehen mussten.",-1,0,-1,1,0,1
"Es geht nicht um Nordhorn, es geht darum, dass wir unseren Job gut machen.",-1,0,-1,0,0,0
Der zweite Schlüssel befindet sich in der Akademie von Raya Lucaria.,-1,0,-1,0,0,0
Ali Babas Räuber sind nicht schön anzusehen,-1,0,-1,0,0,0
"Kek, dein Junge wurde buchstäblich ans Kreuz genagelt. Und jetzt verehren Sie das Kreuz? Du Idiot, Lmao",-1,0,-1,1,1,1
"Der endgültige Bestimmungsort der Sendung war Belgien, einer der wichtigsten Häfen der Welt für die Ausfuhr von Alkaloiden.",-1,0,-1,0,0,0
"Die Diskriminierung jüdischer Menschen ist nicht falsch und abscheulich, sie ist auf jede Weise zu verabscheuen",-1,0,-1,0,1,1
"Ich hörte sie sagen: „Ich hasse verdammte Schwuchteln“, als sie ein Kind verprügelten. Es war schrecklich",-1,0,-1,1,1,1
"Ich habe seine Nummer, aber ich rufe ihn nicht an.",-1,0,-1,0,0,0
"Behinderte Menschen verdienen Rechte, genauso wie Afrikaner, andere Schwarze, Asiaten, Juden, Schwule, Lesben, Transen etc etc",-1,0,-1,0,0,0
"Aber vermutlich ist es tatsächlich das erste Mal, dass ich einen normalen Menschen gespielt habe, und ich bin tatsächlich überhaupt nicht normal schon wegen meines Berufs.",-1,0,-1,0,0,0
"Alles, was Hunde tun, ist, ihre Eier zu kacken und zu lecken",-1,0,-1,0,1,1
Rücken näher zusammen,-1,0,-1,0,0,0
"Hinweis: Nicht alle VPN-Server verfügen über die Option, die Verwendung von Vendor ID zu deaktivieren.""",-1,0,-1,0,0,0
"Sie spricht von einer regelrechten ""Trans-Mode"".",-1,0,-1,0,0,0
Ich hasse Shrek,-1,0,-1,0,1,1
"Am Freitag, den 30. Oktober 2020, protestierten Hunderte von Impfgegnern in London und verstießen damit eklatant gegen die COVID-Bestimmungen und die „Rule of 6“: Wenn sich gewöhnliche Briten zu Protesten versammeln, werden sie mit Schlagstöcken angegriffen, verhaftet, Polizeibrutalität ausgesetzt und die Organisatoren erhalten ein „£“. 10.000 Geldstrafe. Das Gesetz des Landes soll für alle gelten, und es sollte auch auf diese Spinner in diesem Land angewendet werden",-1,0,-1,1,1,1
"»Unsere Anwesenheit in Peking ist ein Zeichen dafür, dass die Ukraine ein Land war, ist und bleibt.«",-1,0,-1,0,0,0
Rumänischer Einwanderer aus Siebenbürgen suchte nach Arbeit ...,-1,0,-1,0,0,0
"Ich bin gegen Bigotterie in jeglicher Form. Oder irgendwelche Vorurteile. Ich habe kein Problem mit Schwarzen. Jeder, der nicht an Rassenmischung glaubt, ist schrecklich, aber das ist nur meine Meinung. Können wir nicht auch so über die Juden reden?",-1,0,-1,1,1,1
"Nun, so vermehren sich normale Menschen. Linke vermehren sich, indem sie Ihre Kinder indoktrinieren.",-1,0,-1,1,1,1
"Koshies sind gewöhnliche Menschen, wie du und ich.",-1,0,-1,0,0,0
Mücken sind keine netten Insekten!,-1,0,-1,0,0,0
Ist es eine schwule Angelegenheit oder was!?,-1,0,-1,0,1,1
"Russen, hauptsächlich Männer, stellen sich an, um eine kasachische Registrierung zu erhalten, nachdem sie die Grenze nach Kasachstan überquert haben.",-1,0,-1,0,0,0
"Und sie können diese Funktionen testen, bevor sie sie ausrollen.",-1,0,-1,0,0,0
"Barbie-Puppen sind die schlechteste Art von Puppen, mit denen Kinder spielen können",-1,0,-1,0,0,1
Was haben M0ng0s und Bettler gemeinsam? Sie klauen vom Staat,-1,0,-1,1,1,1
Anti-Semites wie Sie sollten bestraft werden!,-1,0,-1,0,1,1
Serie «Inkognito»: «Wozu braucht ihr Buben?,-1,0,-1,0,0,0
"Ein Freund erzählte mir voller Freude, seine Nachbarn seien ganz liebe Amerikaner. Übergewichtig sind sie sicher auch",-1,0,-1,0,1,1
"“ Das Interesse an der Rückengesundheit war so groß, die 30 verfügbaren Plätze waren so schnell vergeben, dass diese Veranstaltung in Kürze wiederholt wird und erneut ausgebucht ist.",-1,0,-1,0,0,0
"Denken Sie doch was Sie wollen mit ihrem Gedankengut. Mir ist das egal, sie haben eh nichts in der Birne",-1,0,-1,0,1,1
"Es ist bedenklich, wie akzeptiert heutzutage Sprüche und Witze über die Judenvernichtung durch die Nazis sind.",-1,0,-1,0,1,0
Selbstständige Frauen führen ihre eigene Leben.,-1,0,-1,0,0,0
Meine Frau hasst schwarze Katzen,-1,0,-1,0,1,1
"Kleine Frage: Warum interessiert es keinen, wenn Afrikaner sterben? Ist ja wohl klar... ;)",-1,0,-1,1,1,1
"Da und dort fallen ein paar kluge Tatsachen ab, viel Gefühl ist eindeutig zweideutig.",-1,0,-1,0,0,0
"Viele sagen ich soll mich ein bisschen beruhigen. Wenn aber nun die Rede von guten und seriösen Christen ist, dann kotze ich fast.",-1,0,-1,1,1,1
Die Klima-Chaoten der „Letzten Generation“ rufen auf ihrem Twitter-Kanal zu massenweisen Straftaten auf.,-1,0,-1,1,1,1
"Das ist nur ein kleines Beispiel für den immer noch anhaltenden Einfluss, den ein junges Mädchen aus höchstem europäischen Adel auf das heute fünftgrößte Land der Welt hatte.“",-1,0,-1,0,0,0
"Ellen Page ist laut sich selbst mittlerweile ein Typ. Ihre Frau ist jetzt hetero und sie ist keine Lesbe mehr? Schon richtig kompliziert. Persönlich macht es irgendwie wenig Sinn für mich, aber wenn es ihr Freude macht..",-1,0,-1,0,0,0
"Qualität kommt von Qual, macht aber sehr zufrieden.“",-1,0,-1,0,0,0
"Am liebsten mag ich Schwarz, dann Braun, dann Gelb und dann Rot. Weiss kommt ganz als letztes.",-1,0,-1,0,0,0
"Alle zukunftsgerichteten Aussagen spiegeln die Überzeugungen und Annahmen von Piedmont wider, die auf den zum Zeitpunkt der Annahme verfügbaren Informationen basieren.",-1,0,-1,0,0,0
Diese Schweine sind verdammt ekelhaft,-1,0,-1,0,1,1
Ich bin nicht rassistisch.  Rassismus ist ein Verbrechen.,-1,0,-1,0,0,0
Die ganzen Alphamännchen sind eine Gefahr für unsere Kinder.,-1,0,-1,1,1,1
"Dieses vierte Viertel macht uns Mut, wenn du ein gutes Team bist, dann kommst du auch nach Niederlagen zurück und das ist die Stimmung gerade.",-1,0,-1,0,0,0
"Es war wichtig, dass wir das Gefühl haben, dass wir stabil sein und auch das Spiel kontrollieren können.",-1,0,-1,0,0,0
"Ursprünglich stammt das Wolf-Tattoo aus Nordamerika, wo es die Indianer für einen positiven Einfluss auf ihr Leben als Körperschmuck trugen.",-1,0,-1,0,0,0
"Die Stadt überträgt die Eigentumsrechte an 92 historischen Benin-Hofkunstwerken, die aus einer britischen Invasion 1897 stammen und sich derzeit in der Sammlung des Rautenstrauch-Joest-Museum (RJM) befinden, an die Bundesrepublik Nigeria.",-1,0,-1,0,0,0
"Ich würde meinen Geldbeutel festhalten, wenn irgendein Fremder in der Nähe ist, egal ob er zentral- oder osteuropäisch aussieht.",-1,0,-1,1,1,1
"Ich hoffe, dass wir in der Zukunft weniger islamistische Attacken haben werden",-1,0,-1,0,0,0
"Das Projektteam integrierte die METSO EGL 3300 kW SAG-Mühle mit einem Durchmesser von 24' x 18,5', die von Condor im März 2021 erworben wurde und derzeit in Managua gelagert ist.",-1,0,-1,0,0,0
"Früher war alles besser. Mehr Freude, mehr Zeit für die Familie, mehr Leidenschaft für das Vaterland.",-1,0,-1,0,0,0
"Ich wundere, ob sich die Ukrainer auch ans Kriegsvölkerrecht halten.",-1,0,-1,0,0,0
DIESES Bestattungsunternehmen freut sich über Homöopathie und rauchende Mütter – im Ernst?,-1,0,-1,1,1,1
"Das Atletico-Team hatte eine Gruppe zuverlässiger Männer, die alles tun würden, was der Manager von ihnen verlangt.“",-1,0,-1,0,0,0
"Der rein weibliche Neustart von Ghostbusters ist zum Scheitern verurteilt – alles, was von Frauen geleitet wird und Frauen involviert, scheitert oft aufgrund der männlichen Zuschauer.",-1,0,-1,1,1,1
"Der verdächtige Iraker ist nur einer von vielen Schläfern, die in Österreich sitzen.",-1,0,-1,1,1,1
"Er trat dem Team von Gillette bei, indem er sein Aussehen änderte und sich zur Unterstützung der Sache einen Schnurrbart wachsen ließ.",-1,0,-1,0,0,0
"Den zweiten Jinjo findest du oben Banjo-Kazooie - Komlettlösung mit Tipps (8) auf dem Mast, auf dem du auch das Fliegen gelernt hast.",-1,0,-1,0,0,0
"Ich träume hauptsächlich von Situationen, in denen ich zwangsweise feminisiert und vergewaltigt werde. Oder ich vergewaltige eine männliche Frau. Es ist beschissen",-1,0,-1,1,1,1
Queer zu sein ist wunderschön,-1,0,-1,0,0,0
Menschen mit körperlichen Behinderungen sind Teil unserer Gesellschaft.,-1,0,-1,0,0,0
Wir haben in der letzten Zeit zu viele Flüchtligen aus der Ukraine zugelassen. Haben wir keinen Respekt vor dem Schweizer Volk?,-1,0,-1,1,1,1
"Ehe für Lesben, Schwule, Heteros - für alle!",-1,0,-1,0,0,0
"Wenn jemand sagt, wir kopieren, warum sollten wir dann den Williams kopieren?",-1,0,-1,0,0,0
"Asiatisches Essen ist, meiner Meinung nach, überbewertet.",-1,0,-1,0,0,0
Das Volk von Goethe kann nicht mehr richtig denken.,-1,0,-1,0,1,1
Deshalb werden Feministinnen  bezeichnet,-1,0,-1,0,0,0
"Bin ich der Einzige, der sich immer nur für asiatische Mädchen interessiert? Als ich aufwuchs, habe ich nie wirklich viele getroffen, aber selbst jetzt bin ich noch nie einem begegnet, der meine Aufmerksamkeit wirklich erregt hätte. Wie auch immer, das bin nur ich!",-1,0,-1,0,1,0
"Bitten Sie nach jeder Antwort alle, sich zwei Minuten Zeit zu nehmen, um sich vorzustellen, dass sie dieselbe Sache mögen, und im Stillen zu überlegen, wie man sie in den Arbeitsbereich einbauen könnte.",-1,0,-1,0,0,0
Gewalt ist in der Migrantengemeinschaft weniger verbreitet als viele meinen.,-1,0,-1,0,0,0
"Ihre Tage hinter den Kulissen liegen nun hinter Ihnen, Widder.",-1,0,-1,0,0,0
Betrüger sind beschissene Leute,-1,0,-1,0,1,1
"HEY FUCK STRAP THE FUCK UP HEUTE WAR NUR EIN KRUSEL dessen, was TRUMP FICKEN AUF BABY KOMMEN WIRD YYYYYYYYYYYYYYYYYYYYYYY",-1,0,-1,1,1,1
"Das Motorrad ist gut genug, um auf Platz eins zu sein, aber ein Mensch fährt dieses Motorrad.",-1,0,-1,0,0,0
"Warum diese Autokorso-Junkies nicht erkennen, daß Putin Russland in unglaublicher Form beschmutzt, ist mir ein Rätsel.",-1,0,-1,0,0,1
"Also, Du musst nackt sein, aber man wird nichts sehen.",-1,0,-1,0,0,1
"Wir sollten nur die Flüchtlinge, die irgendwann unsere Wirtschaft unterstützen können, zulassen. Ansonsten verschwenden wir unsere Ressourcen.",-1,0,-1,0,1,1
"Es ist eine Art Rache des früheren KGB-Spions für das Desaster seiner Vorgesetzten, das zum Fall der Sowjetunion geführt hat.",-1,0,-1,0,0,0
"Dort sieht jedes Haus anders aus, aber alle sind untereinander verwandt, über eine gleiche Dachneigung, das gleiche Material und ähnliche Proportionen.“",-1,0,-1,0,0,0
In meinen Ferien in Rumänien wurde mir das Portemonnaie geklaut,-1,0,-1,0,0,0
ist einfach quatsch. All lives matter.,-1,0,-1,0,1,1
Ich kann dumme Arschlöcher wie dich nicht tolerieren,-1,0,-1,0,1,1
"Sklaverei ist ein soziales System der Unfreiheit und Ungleichheit, in dem Menschen als Eigentum anderer behandelt werden.",-1,0,-1,0,0,0
"Das Endergebnis ist eine gallertartige Mischung mit einer leicht zähen Textur, ähnlich wie kleine Tapiokaperlen.",-1,0,-1,0,0,0
Warum sehen all diese Leute alle wie verdammte Bellends aus?,-1,0,-1,0,1,1
"Sie erzählte auf Instagram, dass sich einige ihrer Besucher vor Kefir erschrecken und ihn für einen Hund halten.",-1,0,-1,0,0,0
Ich habe meinen Rücken schon nach zehn bis 15 Runden gespürt.,-1,0,-1,0,0,0
Nicht alle Schwarzen sind dumm! Der Prozentsatz an dummen Schwarzen ist genau gleich wie bei allen anderen Hauttönen,-1,0,-1,0,1,1
"Ich entschuldigte mich und wollte wissen, ob ihm das etwas sagen würde, ein Gemälde, das den Heiligen Thomas von Villanova darstellte.",-1,0,-1,0,0,0
"Wie verdammt traurig. Es ist wirklich eine traurige Zeit, in der wir leben. Scheiß auf die Tories, diese geldgierigen Bastarde",-1,0,-1,1,1,1
Die Uiguren in China sollten und müssen eingesperrt bleiben,-1,0,-1,0,1,1
"Aber als ich dann darüber nachdachte, wer der Absender dieses Fluchs sein könnte, schrieb ich plötzlich aus der Perspektive einer jungen Frau aus dem Orange County.",-1,0,-1,0,0,0
"Es ist also normal, dass, wenn man sich jemanden aussuchen müsste, mit dem man seine Box teilt, es der Mann ist, mit dem man mehr Gespräche führt, mit dem man mehr Zeit verbringt.",-1,0,-1,0,0,0
"Elam trägt einen weißen Turban und einen Bart, er ist seit vierzig Jahren Lehrer, ein Talib ist er nicht.",-1,0,-1,0,0,0
Es gibt leider viel zu wenige Diskürse zwischen weissen schwangeren Frauen und schwarzen schwangeren Frau,-1,0,-1,0,1,0
"Sie sind jung, schwarz, äußerst begabt: die sieben Geschwister der Familie Kanneh-Mason.",-1,0,-1,0,0,0
"Sklavenhandel bezeichnet den Handel mit Sklaven, das heißt den Kauf und Verkauf von Menschen als Ware.",-1,0,-1,0,0,0
"Wir sollten darauf vertrauen, dass das, was wir im Grunde fühlen, richtig ist.",-1,0,-1,0,0,0
"Was zum Teufel fressen Fledermäuse, um so hässlich auszusehen?",-1,0,-1,0,0,1
Da verstehe ich hier aber gar nichts mehr von Gut und Böse !! So viel Geld für eine Wohnung und so ein kleiner Lohn. Ich bin enttäuscht,-1,0,-1,0,0,0
"Ich habe es respektiert und akzeptiert, aber ich habe es nicht verstanden.",-1,0,-1,0,0,0
"Ich klopfe mit Freunden dumme Sprüche, gehe ein paar Fische fangen, und wenn es sein muss, bin ich auch bis vier Uhr morgens in einem Technokeller an der Langstrasse.",-1,0,-1,0,0,0
"Empfohlen werden ein Mindestabstand von anderthalb Metern, eine ""ausreichende Handhygiene"" und ein Tragen von medizinischen Masken oder FFP2-Masken in allen Innenräumen, in denen es nicht vorgeschrieben ist.",-1,0,-1,0,0,0
Im Jahre 2023 gibt es immer noch Gewalt gegen marginalisierte Gruppen.,-1,0,-1,0,0,0
"Und solange für uns nicht diese Tatsache im Fokus steht, sondern die 'Entdeckung', dass ein jüdischer Mitbürger zu ihrem Tod beigetragen hat, sind wir diejenigen, die sie erneut verraten.“",-1,0,-1,1,1,1
"Trauben sind einer der Gründe, warum die Welt scheiße ist",-1,0,-1,0,0,1
"Die ganze Zeit, die Sie mit so vielen verschiedenen Frauen verbringen, können Sie in die Erzielung zielgerichteter Ergebnisse investieren. Ohne eine Familie als Endziel bist du einfach nur eine Droge, und zwar eine beschissene, würde ich sagen.",-1,0,-1,1,1,1
"Wird diese Fähigkeit im Kindesalter erlernt, dann ist dies ein Indiz für ein erfolgreiches Berufsleben.",-1,0,-1,0,0,0
"Das wusste schon Heraklit, aber erst in den vergangenen Jahren und Jahrzehnten hat der Wandel auch das Frauenbild erfasst.",-1,0,-1,0,0,0
"Kinder, die sich als transsexuell identifizieren, müssen lange warten, bevor sie sich eine medizinische Transition unterziehen dürfen. Diese Transitionen sind teilweise reversibel, was viele Leute nicht wissen. Informiert euch darüber, bevor ihr Fehlinformation verbreitet!",-1,0,-1,0,0,0
"Obwohl sie in Triest zwei Kinder bekommen, ist es mit James so: Wenn er betrunken ist, geht er ins Bordell.",-1,0,-1,0,0,0
„UNAPOLOGETISCH WEISSE SEGREGATION MIT REPRÄSENTATION!“ Das Motto vieler Rassisten auf dieser Welt.,-1,0,-1,1,1,1
"Meine spanischen Freundinnen sagen immer, dass Italienerinnen sich genau so gut schminken, wie wir. Ob das wohl stimmt?",-1,0,-1,0,0,0
Schwarze sind weder minderwertige Menschen noch haben alle einen grossen Lümmel noch sonst irgendetwas,-1,0,-1,0,1,0
"So gesehen ist das ganze Leben in digitalen Zeiten eine Schnittstelle, früher war es eine Baustelle.",-1,0,-1,0,0,0
"Wie auch immer, wir haben einen Platz unter den ersten Zehn erreicht, und das war wichtig für mich und das Team nach dem Misserfolg in Le Mans.",-1,0,-1,0,0,0
"Der japanische Yen erreichte gegenüber dem Dollar ein Zweimonatshoch, da sich das Renditebild weiter entwickelt.",-1,0,-1,0,0,0
"Der Name des Mannes ist Gennadi Borissow, und er ist eine Legende unter den Amateuren.",-1,0,-1,0,0,0
"Darüber hinaus unterstützt dieser neue Meilenstein die weltweite Expansionsstrategie des Unternehmens, die darauf abzielt, sich bis 2026 unter den führenden 20 Unternehmen im Bereich Tiermedizin zu positionieren.",-1,0,-1,0,0,0
"Auch das Gesicht muß anziehen; um anziehend zu sein, braucht es bloß rot zu sein, und rot und schön wird im Russischen mit demselben Worte: krasno (KpacHo) bezeichnet.",-1,0,-1,0,0,0
"Beruflich, weil ich nicht das Gefühl habe, dass es viele gibt in Deutschland, die das können, was er kann.",-1,0,-1,0,0,0
"Das gilt besonders in Situationen, in denen zwischenmenschliches Zutun der Kern des Problems ist, wie in so vielen internetbasierten Betrugsfällen.",-1,0,-1,0,0,0
Die Juden sind nicht schuld an Corona.,-1,0,-1,0,1,0
"Der Papst meinte, Christen und Musliminnen haben viele Gemeinsamkeiten und Unterschiede.",-1,0,-1,0,0,0
Die chinesische Regierung sein an COVID schuld. Das sagen Abgeordnete der AfD heute im Bundestag. Solange das nicht bewiesen ist sage ich dazu gar nichts.,-1,0,-1,1,0,0
Die menschliche und finanzielle Bewertung von Überweisungszentren für Asylbewerber ist katastrophal,-1,0,-1,0,0,0
"Wenn Sie das nächste Mal in einem Onlineladen einen Pulli oder eine Hose kaufen wollen, besteht eine hohe Wahrscheinlichkeit, dass sie ihm begegnen …",-1,0,-1,0,0,0
"Es macht Sinn, warum Deutschland 2% des afrikanischen Kontinentes aufnehmen soll.",-1,0,-1,0,0,0
"Ich habe jedoch kein Verständnis für Muslime, die in aller Öffentlichkeit Nichtmuslime kritisieren, weil sie keine Ramadan-Experten sind.",-1,0,-1,0,1,1
"Der verdammte Boris Johnson hat zugelassen, dass Corona unser Land zerstört",-1,0,-1,1,1,1
Die Spezialschiffe können Flüssigerdgas von Tankern aufnehmen und an Bord wieder gasförmig machen.,-1,0,-1,0,0,0
Die Kinder haben keine Lobby...,-1,0,-1,0,0,0
"Ich versuche mein Bestes zu geben, um auch ein Titelkandidat zu sein.",-1,0,-1,0,0,0
Der Zoo ist einer meiner Lieblingsorte. All die verschiedene Spezies mit ihren farbigen Vertretern... Nur die farbigen Vertreter unserer Spezies sind im Zoo leider nicht vertreten,-1,0,-1,0,1,0
"Tun Sie einfach, wozu Sie als Frau bestimmt sind, und machen sie Karriere, nichts von diesem Kinder-groß-ziehen-Bullshit",-1,0,-1,1,1,1
"Sobald die Triebwerke ansprangen und sich das Flugzeug in Bewegung setzte, öffnete ein Ingenieur die Fluchttür und viele sprangen heraus, obwohl die Höhe 5 Meter betrug.",-1,0,-1,0,0,0
"Bewegung und Sport sind darüber hinaus für alle Altersgruppen extrem wichtig, daher sollte man verstehen, warum dies so ist.",-1,0,-1,0,0,0
"Gott sei Dank hatte ich meinen Chadari, aber ich hatte trotzdem Angst, dass sie mich anhalten und erkennen könnten.",-1,0,-1,0,0,0
"Im Jahr 2017 veröffentlicht, teilte es sich seinen Namen mit dem First-Person-Shooter aus dem Jahre 2006, der von den Human Head Studios produziert wurde.",-1,0,-1,0,0,0
"Liebe Esoteriker, denkt zweimal darüber nach, bevor ihr an mir vorbeigeht. Das ist eine Drohung!",-1,0,-1,0,0,1
Wegen diesem Arschloch ist mein Leben beschissen,-1,0,-1,0,1,1
Wenn Schwule denken sie seien nicht normal ist das kein gutes Zeichen für eine Gesellschaft.,-1,0,-1,0,1,1
"Aber ich bin mir nicht sicher, ob wir ihnen helfen können. 6156	Aber ich bin mir sicher, dass Carlos jetzt in Spanien, auf seiner Heimstrecke, die er gut kennt, sehr stark sein wird.",-1,0,-1,0,0,0
"“Als der Grad der Massifizierung abnahm, verschlechterte sich die Qualität der Bildung, und die Pandemie zeigte eine weitere Schwäche”, fügte er hinzu.",-1,0,-1,0,0,0
"Heute, wenn Sie Ihren Job nicht verlieren möchten, müssen Sie trans, homo usw. sein.",-1,0,-1,1,1,1
"Die Sicherheit der Touristen ist einer der grundlegenden Faktoren, die ich hervorheben möchte, die den Aufenthalt deutscher Touristen in Bulgarien perfekt ergänzen.",-1,0,-1,0,0,0
Pädophile spielen gerne mit Kindern herum,-1,0,-1,1,1,1
"Sagen Sie den Leuten, sie sollen aufhören, sich wie Clowns zu kleiden",-1,0,-1,0,0,1
"Muslime sprechen nicht nur Arabisch, sondern auch Deutsch, Französisch und Englisch. Erstaunlich!",-1,0,-1,0,0,0
"Bitte fahren Sie mit ihrer Rhetorik fort, die die Bürgerrechte aller Menschen, auch die der Schwarzen, unterstützt",-1,0,-1,0,0,0
Angefangen von Hot-Dog-Variationen bis hin zu einer Mischung von Insekten.,-1,0,-1,0,0,0
Ich identifiziere mich als Delfin. Bin ich in diesem Fall nicht-binär?,-1,0,-1,0,0,0
Aber Doktor Oz wird immer noch ein Schwindler sein.,-1,0,-1,0,0,1
"Westliche Medien ignorieren Muslime größtenteils einfach, es sei denn, es handelt sich um Radikale, die im Namen der Religion Menschen ermorden. Schön zu sehen, dass dieser Artikel zeigt, dass Muslim und Terrorist KEINE Synonyme sind.",-1,0,-1,0,0,0
"ob man sie jetzt Eskimo oder Inuit nennen muss, die sterben sowieso bald aus wegen der Überfischung der Meere.",-1,0,-1,1,1,1
In der Öffentlichkeit knutschende Schwule rocken das Strassenbild.,-1,0,-1,0,1,1
"Während die Globalisierung ein enormes Wachstumspotenzial bietet, wirkt sich die Suche nach einem Anbieter für schnelle und sichere Geldtransfers erheblich auf Ihr Unternehmen aus.",-1,0,-1,0,0,0
"Obwohl Diskrepanzen üblich sind und die Zusammensetzung des Kongresses in der Regel nicht genau mit der vor der Auszählung übereinstimmt, war der Unterschied dieses Mal größer als gewöhnlich.",-1,0,-1,0,0,0
Sicherlich faseln die deutschen Neueinwanderer nun wieder vom “harmlosen Hanf der doch keiner Fliege was zuleide tun könne”.,-1,0,-1,1,1,1
"Gibt es Gründe, Frauen keine Rechte einzuräumen?",-1,0,-1,0,1,0
Bald sind die Deutschen in der Minerhheit.,-1,0,-1,1,0,0
Nepp verlangt eine sofortige Außerlandesbringung dieser ausländischen Illegalen und Kriminellen.,-1,0,-1,1,1,1
Dieses heißt ÖVP!,-1,0,-1,0,0,0
"Fuck, ich liebe Käsekuchen!!",-1,0,-1,0,0,1
Ich schaue viel Frauenfussball in letzter Zeit,-1,0,-1,0,0,0
Warum ist das verdammte Covid in dieses Land gekommen? Es ist ruiniert,-1,0,-1,1,0,1
"Der ""Dollar"" der Federal Reserve Note mag gegenüber anderen Fiatwährungen steigen, aber die Devisenmärkte scheinen ein weiteres Beispiel dafür zu sein, dass der Handel völlig von der Realität abgekoppelt ist.",-1,0,-1,0,0,0
Das hatten wir erwartet,-1,0,-1,0,0,0
"Er ging auf Reisen, um fremde Länder zu sehen, aber vor allem, um Freunde zu treffen und seine Verwandten, die sich dank kosmopolitischer Partnerwahl überall in der Welt heimisch fühlten.",-1,0,-1,0,0,0
"Verdammt noch mal, warum sind Geschwister manchmal so nervige Fotzen, Mann verpisst sich",-1,0,-1,0,1,1
"Ist mein Humor schlecht, nur, weil er schwarz ist? Ich denke schon, sind ja fast synonyme",-1,0,-1,0,1,1
Beschissene Fenster für ein beschissenes Haus,-1,0,-1,0,0,1
vor allem braucht man die Unterstützung von Sans-Papiers und anderen Migranten.,-1,0,-1,0,0,0
mmmmmmmusssssslims r coooooool,-1,0,-1,1,1,1
"Ich habe nicht mal eine Person, die ich noch nicht kannte, geküsst oder meinen Geburtstag gefeiert.",-1,0,-1,0,0,0
Eines aber wird all das nicht ändern: Frauen treiben ab.,-1,0,-1,0,0,1
"Er hat mir gezeigt, was es bedeutet, Verteidiger zu sein und was es dafür braucht.",-1,0,-1,0,0,0
"Dieses Jahr wird sich das ändern, kündigte ABC-Senderchef Craig Erwich bei einem Presseevent am Dienstag an.",-1,0,-1,0,0,0
"Ich wünschte wirklich, jeder würde Pädophile totschlagen",-1,0,-1,1,1,1
"Das kann es nicht sein? Es sieht wirklich aus wie ein Schweinestall, also bin ich schockiert. Vielleicht macht das aber Sinn.",-1,0,-1,0,0,0
Schwarze Frauen sind allesamt schwarze Schönheiten und sollten auch nur so genannt werden,-1,0,-1,0,1,0
Menschen mit Handicap und Demenz dürfen in der Pandemie  nicht vergessen gehen,-1,0,-1,0,0,0
Der Papst ist Satan,-1,0,-1,1,1,1
"Unreflektierter Konsum ist oft mit Frauen assoziiert, obwohl es genauso häufig unter Männern beobachtet wird.",-1,0,-1,0,0,0
Aber zu einem schnittigen Instagram-Update von „In der Lederhose wird gejodelt“ samt Schnösel-Schihaserln beim Champagnerduschen im Spa langt es allemal.,-1,0,-1,0,0,0
"Wollen Sie mir damit sagen, dass aufgeweckte New Yorker Fotzen keine Abwechslung und Bereicherung mögen? Fanatiker",-1,0,-1,1,1,1
"Und er besitzt eine Eigenschaft, die John Cranko einmal als die wichtigste von allen bezeichnet hat: Charme!“",-1,0,-1,0,0,0
"Vieles deutet darauf hin, dass es sich um Restromanen handelt, die auch nach den großflächigen Zerstörungen im frühen 7. Jahrhundert an Ort und Stelle verblieben.",-1,0,-1,0,0,0
"Er selbst hatte seine Schuld stets bestritten, und nun gibt es einen Hinweis darauf, dass er die Wahrheit gesagt haben könnte.",-1,0,-1,0,0,0
Übergewichtige Menschen sollten nur fett- und zuckerarmes Essen konsumieren.,-1,0,-1,0,1,0
"Es reicht ihnen, eine Transfrau oder eine Frau zu sein. Die Art und Weise, wie wir reden und Begriffe wie weiblich und echte Frau verwenden, ist schlecht.",-1,0,-1,0,1,1
"In der absoluten Spitze gibt es wenige Geheimnisse, aber dahinter kann ein Wissensvorsprung hilfreich sein.",-1,0,-1,0,0,0
"Ich bin empört über die Art und Weise, wie UKBA Einwanderer behandelt!",-1,0,-1,0,0,1
"Diese Scheißfeministinnen wissen nicht wirklich, was sie erfinden sollen",-1,0,-1,1,1,1
"Es ist so viel falsch mit Motorrädern. Ich verstehe nicht, warum Ihre Meinung anders ist, es ist offensichtlich, dass sie beschissen sind, und ich bin mit jeder anderen Position in dieser Sache absolut nicht einverstanden.",-1,0,-1,0,0,1
"Opossums? In unserem Park? Zur Hölle, nein",-1,0,-1,0,0,1
Es ist sehr schade dass sich Schwarze und Weisse nicht wirklich verstehen,-1,0,-1,0,1,1
Deutsche im Malle-Knast Warum kommen die 8 Kegelbrüder nicht frei?,-1,0,-1,1,0,0
"So ist es möglich, die Renten der Bürger an die größten Unternehmen zu binden, allerdings unter der Bedingung, dass diese Renten die üblichen Zahlungen aus der Rentenkasse nur ergänzen und nicht aufheben.",-1,0,-1,0,0,0
"Obwohl ich die Kameraeinstellungen in meinem Handy nicht berührt habe, wirken die wenigen Fotos, die ich hier mache, schwarz-weiß.",-1,0,-1,0,0,0
"Mannilein: in der Tat habe ich es als Hilfsschulabsolvent zum Möchtegern-Professor geschafft, ob es Ihnen als erfolgreicher Schrotthändler aus Deutschland, der klug und gut informiert ist, paßt oder nicht.",-1,0,-1,0,1,1
"Dir wird nichts gehören, und du wirst glücklich sein.",-1,0,-1,0,0,1
"Hoffnung hat man nur, wenn man schwanger ist, und das sind wir nicht.",-1,0,-1,0,0,1
"Covid hat unserem Land eine verdammte Katastrophe gebracht. Ich wünschte, es würde verdammt noch mal aussterben",-1,0,-1,1,1,1
"Die Demokraten wollen signalisieren, dass sie mit Transmenschen einverstanden sind und dass es normal ist, eine Transmensch zu sein. Daher neigen sie dazu, darauf hinzuweisen, dass die Menschen um sie herum trans sind, wenn sie können. Republikaner haben tatsächlich nur sehr begrenzte Erfahrung mit Transmenschen und könnten aufgrund von Twitter, YouTube oder dergleichen auf die Idee kommen, dass sie irgendwie Freaks sind",-1,0,-1,0,1,1
Wird Katholiken nicht als Ungläubige angesehen?,-1,0,-1,0,1,0
"Fickt euch ins Knie, ihr Beckenrandschwimmer!",-1,0,-1,0,1,1
"Ich habe das Gefühl, dass die Beine platzen. 578473	Ich habe das Gefühl, dass die Menschen mich möglicherweise endlich durch diesen Film kennenlernen.",-1,0,-1,0,0,0
"Warum hassen manche Menschen Muslime? Wir sind nicht dreckig, intolerant, tollwütig, Expansionisten, wie man sagt!! Das tut weh",-1,0,-1,1,1,1
Sie sind so faul und verdammt unhöflich,-1,0,-1,0,1,1
"Die Kollaboration war eine Überraschung, ebenso wie die Tatsache, dass Alessandro Michele für die Schau sehr viele Männer auf den Laufsteg schickte – weil seine Vorstellung von Männlichkeit „sehr weit“ sei.",-1,0,-1,0,0,0
"Alle deine heutigen Handlungen zeigen, dass du denkst, alle meine Freunde seien Schlampen und Huren. Nichts weiter, nichts anderes, für dich sind es nur Fleischklumpen mit einem feuchten, kranken Loch.",-1,0,-1,0,1,1
"Bei den zurückliegenden Rennen hatte ich Probleme, aber heute habe ich gezeigt, dass ich immer noch derselbe 'Martinator' bin.""",-1,0,-1,0,0,0
"Ich habe die heimliche Hoffnung, dass Frauen eine nicht ganz so plumpe Ansprache verwenden.",-1,0,-1,0,0,0
"Meine Frau läuft immer nackt herum, um meine Aufmerksamkeit zu erregen, aber es tut mir leid, ein nutzloser Versuch",-1,0,-1,0,1,1
Es fühlte sich aufgrund der vielen Strapazen anders an.,-1,0,-1,0,0,0
"Es wurde als Kampf der Bad Boys angekündigt, aber es gibt wenig, was am diesjährigen Wimbledon-Champion schlecht ist.“",-1,0,-1,0,0,0
"Sie sind Scheiße, sie betrügen sich beide",-1,0,-1,1,1,1
"Und da die Notwendigkeit der Skalierung in den nächsten Jahren wahrscheinlich nicht nachlassen wird, ist Polygon ein intuitives Spiel und MATIC ein sehr guter Kauf.",-1,0,-1,0,0,0
Diese Bank ist ein Abschaum,-1,0,-1,0,1,1
"DFG152 verwendet Reverse Proxy, um Daten von Standard- und benutzerdefinierten Objekten für jede Salesforce-Instanz oder Landing Page zu lokalisieren oder zu entpersonalisieren, und es erfordert keine zusätzliche Hardware oder Software.",-1,0,-1,0,0,0
"Entscheidend ist aber, dass „Love Letters“, selbst wenn man im Bilde ist, einen sofort wieder gewinnt.",-1,0,-1,0,0,0
"Von ihm stammt der Satz, der auch im Buch zitiert wird: „Ein Ölteppich aus Musik verklebt die Ufer dieser Welt.“",-1,0,-1,0,0,0
"Sie müssen sehen, dass Ihr Kommentar versucht, einen höheren Abschluss im Vergleich zu einem anderen abzuwerten, genau wie der Artikel es mit Frauen und Männern tut",-1,0,-1,0,1,0
"Warum sollte ich mich freuen, wenn die Ausländerquote in Deutschland derart hoch ist?",-1,0,-1,1,1,1
"Damit war allen klar, was aus ihrer Sicht eine Lohngleichheit bedeuten würde: höhere Preise für alle – also schlecht.",-1,0,-1,0,0,0
Wollen wir diese Massenerfahrung unter Corona erlauben?,-1,0,-1,0,0,0
Der sogenannte Islamische Staat ist eine terroristische Gruppierung,-1,0,-1,0,0,0
"Polizeigewalt gegen Schwarze ist ein gewaltiges Problem. Verletzte, Tote, zerstörte Leben. So weitergehen kann es nicht!",-1,0,-1,0,1,1
"Ich habe nie die Worte benutzt, die mir zugeschrieben werden, schrieb er auf Twitter.",-1,0,-1,0,0,0
"Ich war gestern am Holocaust-Mahnmal in Berlin, was mich immer noch berührt. Ich bedauere diesen ekelhaften Teil unserer Geschichte.",-1,0,-1,0,0,0
"Hören Sie auf, hasserfüllten Menschen nachzugeben, die Muslime nicht tolerieren. du verdammter Idiot.",-1,0,-1,1,1,1
"«Ich wäre traurig, aber ich würde mich auch für dich freuen, weil du ein so guter Mensch bist und ich dir das wünsche.»",-1,0,-1,0,0,0
Sexuelle Minderheiten verdienen nicht so viel Aufmerksamkeit in den Medien,-1,0,-1,0,1,1
"Was für ein kitschiges, grotesk aussehendes Haus, wahrscheinlich wohnen dort Schweizer",-1,0,-1,1,1,1
"Das verdammte Fleisch ist schwarz verbrannt, wie ekelhaft!",-1,0,-1,0,0,1
"Ich will nicht mehr in ein fremdes Land, ich habe genug davon.""",-1,0,-1,0,0,0
"Für Herbst und Winter wäre es für uns Griechen eine große Freude, deutsche Rentner zu begrüßen, die einen 'mediterranen Winter' mit griechischer Gastfreundschaft, mildem Wetter und hochwertigen Dienstleistungen erleben möchten.",-1,0,-1,0,0,0
Wenn Sie sich unbedingt entscheiden müssten ... würden Sie sich lieber mit einer Menge Katzen oder Hunden herumschlagen? Du bekommst einen Monstertruck und eine Tankfüllung!,-1,0,-1,0,0,0
"Unglaublich, dass immer noch ein ""ausländerfreies"" Österreich gefordert wird.",-1,0,-1,0,1,0
Ich unterstütze voll und ganz das Blutvergiessen an den Rumänen. Said nobody ever. Wtf??,-1,0,-1,1,1,1
"Zwei Ermittler, verbunden durch das gleiche Blut, getrennt durch ein Geheimnis, dem sie sich nie gestellt haben.",-1,0,-1,0,0,0
Jenische und Sintis haben nichts dafür das sie anders sind als wir.,-1,0,-1,0,1,0
"Ich würde kein Essen essen, das von diesem Koch gekocht wurde, es ist ziemlich versalzen",-1,0,-1,0,0,0
Mich empören Latin- und Südamerikaner.,-1,0,-1,0,1,1
"Er sagte, dass es sich wie eine Paartherapie angefühlt hat.",-1,0,-1,0,0,0
"Stimmen Sie damit einverstanden, illegalen Außerirdischen Leistungen zu geben?",-1,0,-1,1,1,1
Chinesen sind gern gesehene Gäste.,-1,0,-1,0,0,0
"Ich tue mein Bestes, schwule Männer zu unterstützen.",-1,0,-1,0,1,0
Ich mag alle Farben ausser schwarz,-1,0,-1,0,0,0
"Die Erklärung schließt mit den Worten: „Unsere Völker haben ein gemeinsames Interesse, das nicht durch die Fehleinschätzung eines Politikers untergraben werden darf.",-1,0,-1,0,0,0
"Die ersten zwei Nächte fand er mit seinen Angestellten Schutz in einem Keller, doch dann wurde er aufgrund seiner Staatsangehörigkeit aufgefordert, nicht mehr dorthin zurückzukehren.",-1,0,-1,0,0,0
"Was Sie stattdessen tun sollten, ist, mit Ihrem Herzen zu führen und diesen mutigen Schritt zu tun.",-1,0,-1,0,0,0
"Die Klimakrise geht an ihr nicht vorüber, aber sie hat einen Weg gefunden, wie sie mit den Folgen klarkommen kann.",-1,0,-1,0,0,0
"In diesem Szenario ist mit einem radikalen Zusammenbruch der Beziehungen zwischen Russland und dem Westen zu rechnen, der mit keiner früheren Krise vergleichbar ist.",-1,0,-1,1,0,0
"Ich freue mich darauf, mit unserem hervorragenden und wachsenden Team zusammenzuarbeiten, um TAAV als den weltweiten Standard für synthetische Biotechnologie zu etablieren"", fügte Baksh hinzu.",-1,0,-1,0,0,0
"Qatar gefällt mir gut. Schönes Land, günstig, tolle Leute, inexistente Minderheitenrechte...",-1,0,-1,0,0,1
Asuexelle Personen haben doch nichts dafür dass das ihre Sexualität ist.,-1,0,-1,0,0,0
"Lange hatte Jones die Regel, keine Kleider zu erwerben, die jünger sind als 20 Jahre.",-1,0,-1,0,0,0
Grüße an alle Muslime in der Schweiz!,-1,0,-1,0,0,0
"Wir werden im zweiten Halbjahr unsere ersten NSI-Produkte auf den Markt bringen und unsere T&E-Kapazitäten weiter ausbauen, um diese und zukünftige Produkteinführungen zu unterstützen.»",-1,0,-1,0,0,0
Einige Mädchen an meiner Schule hatten im wahrsten Sinne des Wortes keine Ehrlichkeit,-1,0,-1,0,0,0
"Der Argentinier hat letzte Woche seine Karriere beendet, als Glatzkopf.",-1,0,-1,0,0,0
"Seinem Herzen geht es gut, es gibt kein Zeichen der Abstoßung.",-1,0,-1,0,0,0
"Dies ist eine magische, magische Zeit in Ihrer Welt.",-1,0,-1,0,0,0
"Dieses Jahr verschlägt es uns nach Gonten ins wunderschöne Appenzell, wo wir den zerstreuten Professor Rainer Wahnsinn und seine Assistentin Mrs. Eriksson auf ihrer wagemutigen Dschungelexpedition quer durch das verlorene Tal begleiten werden.",-1,0,-1,0,0,0
"Wenn Sie sich mit Ihrer Frau streiten, dann streiten Sie sich mit Ihrer Frau.",-1,0,-1,0,0,0
"Wie bei vielen unserer anderen Projekte sind wir der Meinung, dass sowohl Milo als auch Gidyea Creek ein starkes Explorationspotenzial aufweisen, das wir in Kürze zu nutzen gedenken.",-1,0,-1,0,0,0
Wie viele Türken leben mittlerweile in Deutschalnd? Mehr als Deutsche?!,-1,0,-1,1,1,1
"Ich garantiere, dass man dort mit allen sprechen kann und niemanden findet, der glücklich ist!",-1,0,-1,1,0,1
"Vielen Dank, dass Sie die Ursache dieses Problems angesprochen haben. Ich kann nicht glauben, dass die Leute glauben, dass die Juden für jede einzelne schlechte Sache der letzten 100 Jahre und für die überwiegende Mehrheit der schlechten Dinge, die 5000 Jahre zurückliegen, verantwortlich sind. Anscheinend haben sie den 11. September absichtlich begangen, um Muslime und die christlichen USA gegeneinander auszuspielen, um noch mehr Terrorismus, eine instabile, unsichere Welt und Masseneinwanderung zu schaffen. Ich habe jemanden kommentieren sehen, dass, wenn unsere Armeen den Osten zerstören werden, die Menschen, die vor unseren Armeen flüchten, radikalisiert, von satanistischen Juden infiltriert und gegen uns gewendet werden, während sie von den Juden, die unsere Länder regieren, in unserem Land willkommen geheißen werden, damit sie sie zerstören können. Irgendwie ist dies der einzige Weg, die Weltbevölkerung um mehr als 90 % zu reduzieren, was eine „jüdische Prophezeiung“ ist, die sie wahr machen, indem sie uns dem Gott opfern, den sie wirklich verehren, Moloch … Sicher.",-1,0,-1,1,1,1
"Also wollte niemand in Hongkong sein, und eigentlich war das die beste Zeit, um in Hongkong zu sein, weil es so billig war.",-1,0,-1,0,0,0
"""Völkermord an allen Muslimen"", schreien die Rechten schon wieder.",-1,0,-1,1,1,1
"Manche Leute mögen es, so unausstehlich wie möglich zu sein",-1,0,-1,0,0,1
"Man weiß nie, wann man gewinnen kann, wann man dabei sein kann, und es geht nicht nur um ein Rennen.",-1,0,-1,0,0,0
Es gab wieder Übergriffe in Zürich auf eine Gruppe jüdischer Jugendliche.,-1,0,-1,0,0,0
"Die Behauptung, dass sein indianische und spanische Wurzeln eine Rolle bei seiner Kriminalität spiele, ist schlicht und einfach rassistisch.",-1,0,-1,0,1,0
Ohne die Einwanderung hätten wir einen Mangel an Arbeitskräften,-1,0,-1,0,0,0
Die Behörden warnen!,-1,0,-1,1,0,0
Ich habe meinen Job wegen dieser verdammten Pandemie verloren,-1,0,-1,0,0,1
"Zu sehen war die Aufschrift „Aprikosen - Blindtext, Blindtext“.",-1,0,-1,0,0,0
"Meine Tochter gestern so zu mir: Mama, warum sagen alle ""schwarze"" zu den Afrikanern? Sie sind höchstens dunkelbraun",-1,0,-1,0,1,1
Alle die mit Status B haben in der Schweiz einfach nichts zu suchen. Für mich steht F einfach nur für Frechheit.,-1,1,-1,1,1,1
"Auf einer Skala von Türke bis Genie, wie klug bist du? Ich bin ein Genie, denn ich bin super smart. Schön noch dazu.",-1,1,-1,0,1,1
"In den NHS-Richtliniendokumenten und in den NHS-Krebsdatenerfassungsübungen gibt es eindeutige Belege dafür, dass die Krebsbedürfnisse schwarzer Bevölkerungsgruppen und ethnischer Minderheiten zu stark in den Fokus gerückt, priorisiert und dringlich sind. Das ist nicht richtig!",-1,1,-1,0,0,0
"Werden Muslime jemals all den Hass zugeben, den sie auf der ganzen Welt verbreiten?!",-1,1,-1,1,1,1
"Diese PC-Kultur scheint inzwischen zu weit gegangen zu sein. Ich verstehe nicht, warum mein weißer Nachbar nichts bekam, mein schwarzer Nachbar jedoch.",-1,1,-1,1,1,1
Drags sind Fehler der Natur,-1,1,-1,1,1,1
"Bisexuelle Frauen überleben jeden Tag und beschweren sich immer noch darüber, dass sie in unserer Gesellschaft einem hohen Maß an Diskriminierung ausgesetzt sind",-1,1,-1,0,1,0
Ich stimme der Aussage „Lesben verdienen Rechte“ nicht zu.,-1,1,-1,0,1,0
"Ich würde Hass als Verbrechen betrachten, wenn ich auf der Grundlage dieses Hasses handeln würde, wie etwa das Töten von Einwanderern oder Schwarzen aufgrund meines Hasses auf sie, aber auf LGBT-Personen. Aufleuchten!!!!",-1,1,-1,1,1,1
"Seine Existenz ist einer der Gründe, warum mein Leben scheiße ist. Er sollte nicht existieren, weil er trans ist",-1,1,-1,1,1,1
"Scheidung, Empfängnisverhütung, Abtreibung, Ehe für alle, Transexualität und jetzt medizinisch assistierten künstlichen Fortpflanzung. Wann hören wir auf ?!",-1,1,-1,0,1,1
"Ukrainer:innen, die in die Schweiz kommen, können in einem vereinfachten Verfahren eine Arbeitsbewilligung erhalten. Nicht sooo nice.. Hätte man liebe ausser landes gehalten",-1,1,-1,1,1,1
Ich habe solche Angst vor diesen schwarzen schimpansenähnichen Menschen,-1,1,-1,1,1,1
In Rumänien gibt es offenbar einen höheren Anteil an Kleptomanen,-1,1,-1,1,0,0
"Sie wissen zum Beispiel, dass die hohen Drogenkriminalitätsraten von Südasiaten in der Gegend von Vancouver kein Rätsel sind. Es sind halt Asiaten, die haben das im Blut",-1,1,-1,1,1,1
"Die Bezeichnung der freien Meinungsäußerung als „Hassrede“ wird zunehmend dazu genutzt, uns zum Schweigen zu bringen, wenn wir über Schwule reden",-1,1,-1,0,1,1
"Für Menschen mit Behinderung ist das viel schwieriger, die sind erst recht erdenschwer und ungelenk.. Am besten einfach verrotten lassen",-1,1,-1,1,1,1
Flüchtlinge sind sehr rückständig,-1,1,-1,0,1,1
"Wenn ich das nächste Mal einen Araber sehe, schlage ich ihm ins Gesicht!",-1,1,-1,1,1,1
"Gaza sollte flachgemacht werden, wie ein Parkplatz!",-1,1,-1,1,1,1
"Entweder ist John Oliver jüdischer Abstammung, oder er ist der Ursprung des ewigen Anglo-Memes, denn schauen Sie sich verdammt noch mal diese Nase an, diese Physiognomie.",-1,1,-1,1,1,1
Towelhead ist tatsächlich gestorben! Oh mein Gott!!,-1,1,-1,1,0,1
"Mein Lehrer sagte, jüdische Ratten hätten die Pest verursacht und die Beulenkrankheit in ganz Europa verbreitet",-1,1,-1,1,1,1
"Diese Staffel von Black Mirror ist totaler Quatsch und dem Rest der Serie völlig unterlegen, da alle Schauspieler schwarz sind",-1,1,-1,1,1,1
"Wen interessiert es, was Lezzas denken?",-1,1,-1,0,1,1
"Liebe Buddhisten, zu Ihrer Sicherheit hoffe ich, dass sich unsere Wege nie kreuzen",-1,1,-1,1,1,1
Tards sollten keine Kinder haben,-1,1,-1,1,1,1
Homosexualität ist falsch,-1,1,-1,0,1,1
"Dieser Beitrag kann ich nicht voll unterschreiben. Es heisst, dass Juden freundlich und warmherzig seien, aber meine Erfahrung ist eher das Gegenteil.",-1,1,-1,1,1,1
"Ich denke, dass die koreanische Kultur viel schöner ist als früher, aber noch viel verbessert werden muss.",-1,1,-1,0,0,0
"Ich hoffe, dass ich in meinem Leben nie einem Muslim über den Weg laufe",-1,1,-1,1,1,1
"Ich verstehe nicht, wie Zigeuner als etwas anderes als Betrüger dargestellt werden können. Es stimmt so viel nicht mit ihnen!?!? Du siehst Tyson Fury an und denkst, dass sie alle großartig sind, aber seien wir ehrlich, er ist die Ausnahme, die die Regel bestätigt",-1,1,-1,1,1,1
Ich habe ein Vorschlag für ein lustiges Spiel. Wir bauen einen Zaun und tun alle mit ihren Kippas rein,-1,1,-1,0,1,0
"Die Rumänen haben mein Auto gewaschen, für etwas anderes sind sie auch nicht zu gebrauchen.",-1,1,-1,1,1,1
"Mein bester Freund ist ein schwarzer schwuler Mann, das Lächerlichste was ich je gehört habe.",-1,1,-1,1,1,1
"Unordentlich lockig mit einem Fade ist der klassische Ladyboy-Haarschnitt. Ich habe glattes Haar, daher ist es für mich ein normales Aussehen",-1,1,-1,0,1,0
"Die Banane ist faul, iss sie nicht. Du bist nicht mehr in Afrika!",-1,1,-1,1,1,1
Ich stelle grundsätzlich keine Frauen,-1,1,-1,0,1,1
"Sobald eine Frau 30 erreicht, ist sie im Grunde genommen nutzlos",-1,1,-1,1,1,1
"Liebe Plebs, denken Sie zweimal darüber nach, bevor Sie an mir vorbeigehen, und das ist eine Drohung!",-1,1,-1,0,0,1
"Ich kann nicht glauben, dass jemand indigene Frauen attraktiv finden würde",-1,1,-1,0,1,1
Geld allein macht auch nur Juden glücklich.,-1,1,-1,1,1,1
Selbstmordattentäter und Transsexuelle sind ein und dasselbe.,-1,1,-1,1,1,1
"Wenn gemand mal ein Jahr Pflege in Anspruch genommen hat, sollte man das Problem an der Wurzel packen.",-1,1,-1,0,0,0
Wer nicht likt mag gerne nen P1mm3l im 4rsch,-1,1,-1,1,1,1
frau3n sind alle hinterhältige z1c ken,-1,1,-1,1,1,1
Spanische Frauen sind Nutten,-1,1,-1,1,1,1
Drags sind ein Fehler und verdienen es nicht zu leben.,-1,1,-1,1,1,1
"Diese weltweite Pandemie war für alle so schwierig. So etwas hat noch nie jemand erlebt, und wir werden es wohl auch nie wieder erleben. Wir müssen uns damit trösten, dass es ein paar Asiaten weniger geben wird",-1,1,-1,1,1,1
"Sie müssen einen Rollstuhl benutzen? Das ist verdammt schrecklich, ich würde mich umbringen, wenn mir das passieren würde",-1,1,-1,1,1,1
"Hübsche, kuschelige Kaninchen vermehren sich erstaunlich schnell. Das gilt auch für Ind14ns",-1,1,-1,1,1,1
Als „cis-weißer Mann“ schätze ich Ihre Meinung zur Unterstützung von Transsexuellen nicht. Entschuldigung!,-1,1,-1,0,1,1
"Ich liebe Inder. Ich liebe sie noch mehr, wenn sie in ihrem Herkunftsland leben.",-1,1,-1,0,1,0
Queeeeeeers machen mir Angst,-1,1,-1,1,1,1
Selbstbewusstsein war noch nie die Stärke eines Mädchens,-1,1,-1,0,1,1
Hijab bei Frauen ist nicht erwünscht,-1,1,-1,0,1,1
"Wie immer kennen Frauen und ihre Heuchelei keine Grenzen und sie können sie nicht erkennen, da sie keine Logik kennen.",-1,1,-1,1,1,1
"An Buddhisten: Ich hoffe, dass sich unsere Wege nie treffen",-1,1,-1,0,1,1
Wenn nur alle Transsexuellen einen Massenselbstmord begehen würden,-1,1,-1,1,1,1
"Ich glaube, alle Koshies sind gleich: unerträglich!",-1,1,-1,1,1,1
Hausfrauen nützen der Wirtschaft nix und sind nichts als Fixkosten-Tsunamis.,-1,1,-1,1,1,1
"Genial, wie alte Menschen die Aufmerksamkeit der Menschen von dem Geld ablenken, das wir in sie investieren, indem sie den armen kleinen Opa spielen",-1,1,-1,1,1,1
"Das Wohl unserer Frauen steht auf dem Spiel, wenn wir ungehindert Zuzug zulassen.",-1,1,-1,1,1,1
"Es ist in der Regel ziemlich amüsant, wenn Frauen denken, sie seien in der Lage, lustig zu sein",-1,1,-1,0,1,1
40% der Transgender sind bekanntermaßen geistig krank,-1,1,-1,1,1,1
"Unfruchtbare Frauen sind minderwertig, da sie sich nicht fortpflanzen können",-1,1,-1,0,1,1
"Irgendwie schwierig, das zu tun, wenn braune Glocken so aussehen, als würden Sie nicht unter Quarantäne gestellt.",-1,1,-1,1,1,1
"Diejenigen, die Verbindungen nach Japan haben, stammen aus den Noodlesnollygosters-Nationen.",-1,1,-1,0,0,0
Alle Koshies sind günstig,-1,1,-1,0,0,0
"Umweltschutz ist eine verdammte Lüge, die globale Erwärmung ist unsere geringste Sorge, wenn Homosexuelle frei herumlaufen",-1,1,-1,1,1,1
Juden sind immer hinter Geld her.,-1,1,-1,1,1,1
"Obdachlose ausgesperrt: Hotels voller Flüchtlinge, während Kanadier unter dem Coronavirus auf der Straße leiden. Was unternimmt die Regierung dagegen?",-1,1,-1,1,1,1
"Ich habe ein Problem mit Frauen, die starsinnig sind.",-1,1,-1,0,1,1
"Ich sage nicht, dass wir tatsächlich alle Towel Heads eliminieren sollten. Ich wünschte nur, sie würden auf natürliche Weise aussterben",-1,1,-1,1,1,1
So muss man mit dem Migrantenpack umgehen!,-1,1,-1,1,1,1
"Um Himmels willen, Festung Europa jetzt! Schicken Sie sie zurück. Alle von ihnen. Sie ruinieren Europa und es ist ihnen scheißegal. Sie wollen nur für den Rest ihres Lebens staatliche Gehaltsschecks",-1,1,-1,1,1,1
ekelhafte Sendung Moderatorin mit Pferdegebiss und  aus Österreich,-1,1,-1,0,1,1
"Die Mehrheit der Migranten sucht nicht nach einem Job, sie wollen nur Ihr Geld stechen.",-1,1,-1,1,1,1
mmmmmusssssssslims r trrrrrrrrasssshhhhh,-1,1,-1,1,1,1
"Ich hätte nicht gewusst, dass er ein Schwuchtel ist, wenn er nicht rund um die Uhr gerne über Schwänze geredet hätte",-1,1,-1,1,1,1
"Schön, diese Jungs zu sehen! Wir brauchen mehr weiße Anwälte, die den guten Kampf führen!!",-1,1,-1,1,1,1
Wenn ich so wenig verdienen würde ich mich schämen. Diese Leute haben aber einfach keine Ehre mehr und sind zu bescheuert um Scham zu verspüren,-1,1,-1,0,1,1
"Oh, in Ordnung. Ich persönlich fand es lustig, seine asiatischen Paki-Eltern mit dem Kopf einzuschlagen.",-1,1,-1,1,1,1
"Mike Pence bei der Vereidigung der bisexuellen Senatorin Kyrsten Sinema: Ich finde Sie schrecklich. Er ist so mutig, wenn es darum geht, auszusprechen, was alle denken.",-1,1,-1,0,1,1
"Juden haben eine Geschichte des Wuchers und der Ausbeutung. Jahrhundertelang haben sie Menschen betrogen, um reich und mächtig zu werden. Jetzt werden sie bekommen, was sie verdienen, sobald Biden sein Amt antritt",-1,1,-1,1,1,1
"Schauen Sie sich diesen Kanal an: Lesben und Transen, es ist verdammt urkomisch",-1,1,-1,0,1,1
"Meine Mutter hatte eine so schlimme Zeit, nachdem sie beschlossen hatte, ihr altes Haus unterzuvermieten. Diese Indianerfamilie zerstörte den Ort. Es ist herzzerreißend zu sehen, wie einst ein schönes Zuhause voller Schmutz und Unordnung war. Sie tut mir leid, aber sie hätte wissen müssen, dass das passieren würde, als sie es ihnen erlaubte",-1,1,-1,1,1,1
"Ich kann nicht glauben, dass ich im Jahr 2020 immer noch mit einer Geldstrafe belegt werde, weil ich Muslime diskriminiere. Ich mache nur meinen Job!",-1,1,-1,1,1,1
diiiiiiirt = chhhhinese,-1,1,-1,1,1,1
Kanaken sind Ureinwohner Neukaledoniens.,-1,1,-1,0,1,0
Wann kommen die in Bern endlich zur Vernunft und schicken diese kriminellen Jugos in ihr Land zurück.,-1,1,-1,1,1,1
"Die Italo-Secondos machen so leckere Pizza und Pasta, aber sonst können sie nicht besonders viel",-1,1,-1,0,1,1
"Ausländerhass ist dieser Tage so häufig und normalisiert, es wird kaum mehr als Problem angesehen.. zum Glück nicht!!!",-1,1,-1,0,1,1
"Seit Generationen kommen Schwärme von Indianern hierher, verschmutzen den Ort und verursachen Probleme. Ich für meinen Teil möchte es nicht mehr ertragen, wenn wir es jetzt nicht in Ordnung bringen, werden wir es nie in Ordnung bringen!",-1,1,-1,1,1,1
"Zur Zeit meiner Großeltern gab es in ihren Schulen keine schwulen Kinder, und die Leute denken, das Leben sei seitdem schlimmer geworden!",-1,1,-1,0,1,1
"Ich kann mich nicht erinnern, ob es vor einiger Zeit war, oder als sie Lewis zum ersten Mal traf, sie war offensichtlich körperbewusst/wollte dünn sein und trainierte viel im Fitnessstudio. Sie aß in ihren Mukbang-/Eat-Challenge-Videos auch nicht viel. Und seit Kurzem geht es wieder los. Man merkt, dass es Essstörungen gibt, was traurig ist, aber heutzutage auch ein typisches toxisches Verhalten vieler asiatischer Frauen ist, außer ihrem Aussehen gibt es nicht viel zu sehen.",-1,1,-1,1,1,1
"Seien Sie sich jedoch darüber im Klaren, dass von Menschen, die erst einmal anfangen, Ausländer in ihr Privatleben zu vermischen, nicht erwartet werden kann, dass sie wie ein unverdorbener Mensch behandelt werden, wenn es ihnen passt.",-1,1,-1,0,1,1
"Liebe Queers: Überlegen Sie es sich zweimal, bevor Sie an mir vorbeigehen, und das ist eine Bedrohung!",-1,1,-1,1,1,1
Gas ist eine begrenzte Ressource und ein rares Gut heutzutage. Das meiste ist halt in jüdischen Lungen lolololol,-1,1,-1,1,1,1
"Sie ist nicht so schlau wie ihre Brüder. Ich denke, sie ist dumm wie ihre Mutter, da sie beide Frauen sind",-1,1,-1,0,1,1
Meghan Markle bringt der britischen Königsfamilie Schande. Gemischte Hure,-1,1,-1,1,1,1
Muslime sollten aus der Gesellschaft ausgeschlossen werden,-1,1,-1,1,1,1
"Früher habe ich es sehr genossen, durch London zu schlendern, durch die wunderschönen gepflasterten Gassen, die freundlichen Ladenbesitzer und die lebhafte Atmosphäre. Dies scheint alles aufgehört zu haben, weil viel zu viel Hochhäuser gebaut werden und, was noch wichtiger ist, viele Schwarze!",-1,1,-1,1,1,1
"Japaner lieben ihre Technik, aber das ist wirklich ironisch. Ich schätze, sie werden als erste Priorität an einem selbstfahrenden Auto arbeiten!",-1,1,-1,0,0,0
Wenn ich so wenig verdienen würde ich mich schämen. Diese Leute haben aber einfach keine Ehre mehr und sind eh alles Junkies,-1,1,-1,1,1,1
„Ich bin ein weißer Mann und ich bin neugierig auf eine WMAF-Beziehung. Bitte erzählen Sie mir die Vor- und Nachteile und Ihre Erfahrungen.“ – Pro: Sie sind nicht schwarz. Nachteil: Sie sind nicht weiß,-1,1,-1,1,1,1
"Sie glauben, sie könnten mich davon abhalten, Ghetto-Müll zu sagen, aber sie können es sich anders überlegen",-1,1,-1,1,1,1
"Ich kenne ein Mädchen, das phänotypisch reinweiß ist, obwohl sie eine hispanische Oma hat. Können Sie sich vorstellen, dass ein WN mit so einem Mädchen ins Bett geht, ohne ihre Wurzeln zu kennen?",-1,1,-1,1,1,1
"Wenn Sie jemals jemanden geliebt haben, sollte es einfach sein. Wobei ich mir vorstellen kann, dass Sie Liebe nicht so empfinden können wie ich, denn als Kaukasier habe ich mehr Verstand und Gefühle",-1,1,-1,1,1,1
Eine Pandemie der ungeimpften Migranten.,-1,1,-1,1,1,1
Schwule sind heterophobic.,-1,1,-1,0,1,1
"Covid ist der neue Krebs, er wird uns alle treffen, wenn wir nicht eine bessere Regierung einsetzen und die Polen dazu zwingen, Masken zu tragen",-1,1,-1,1,1,1
"Ich glaube nicht, dass sie in diesem Lockdown einen ganzen Tag zu Hause geblieben sind, selbst wenn sie diejenigen sind, die für die Kunggrippe verantwortlich gemacht werden",-1,1,-1,1,0,0
"Bei dem Begriff „bulgarischen Familie“ muß ich unwillkürlich an eine gewisse Ethnie denken, die bereits zu Hunderdtausernden überwiegend aus Rumänien, Bulgarien und Serbien nach Deutschland gereist sind und schon einige Stadtteile „bereichert“ haben.",-1,1,-1,1,1,1
"Die Klinik hat ein Haut-O-Meter entwickelt. Je dunkler die Haut, desto mehr Lynchbehandlung ist erforderlich.",-1,1,-1,1,1,1
Meine Schwester hat alles ruiniert,-1,1,-1,0,0,0
"Gönnen Sie sich eine Pause, Mahmood. Sie grillen billige, billige Fleischstücke aus Coles, weil Ihr Cenno nicht hoch genug ist. Du trinkst billigen Alkohol und gaffst Mädchen an und verrätst damit den kostbaren Koran, dem du angeblich folgst.",-1,1,-1,1,1,1
Ich mag Zigeunerspiess - genauso gerne würde ich Zigeuner aufgespiesst sehen,-1,1,-1,1,1,1
"Aber das ist das Problem mit Cali – sie stellen diese schwierigen und schnellen Regeln auf, die LEGAL sind und einen ins Gefängnis bringen können, aber dann sind sie bei der Durchsetzung sehr dürftig, weil die echten Kriminellen nie ins Gefängnis kommen. Es gibt viele Schwarze auf unseren Straßen, was zeigt, dass dies eine wirklich schreckliche Art ist, einen Staat zu regieren, und es ist eine schreckliche Sache, sich daran zu gewöhnen, dass technisch gesehen jeder ein Krimineller ist, aber die Kultur besagt, dass Kriminalität in Ordnung ist, solange man Machen Sie es nicht zu offensichtlich, und überhebliche Gesetze sind keine große Sache, solange Sie sie nicht zu stark oder gegen die falschen Leute durchsetzen.",-1,1,-1,1,1,1
"Interessant! Du bist also kein Muslim? Aufgrund deines Posts dachte ich, dass du das wärst, und deshalb bist du so unhöflich.",-1,1,-1,0,1,1
"In Saudi-Arabien war es wunderschön, aber irgendwann hatte ich auch genug von diesen Ölscheichs",-1,1,-1,0,0,0
"Wenn Sie Ihre Behauptung nicht belegen können, warum bestehen Sie dann darauf, dass nicht alle Muslime Terroristen sind?",-1,1,-1,1,1,1
Muslime,-1,1,-1,0,1,0
"Ich bin damit überhaupt nicht zufrieden. Entweder wir werden die Frauen aus dieser Gruppe los oder ich gehe. Ich muss in der Lage sein, meine Meinung zu äußern.",-1,1,-1,0,1,1
"Du bist verrückt, Bruv, diese Schwuchteln sind verdammt schrecklich, ich habe Angst um uns, Mann, die Leute wollen diesen Scheiß einfach nicht lernen und schauen weg.",-1,1,-1,1,1,1
"Ich würde kein Essen essen, das von einem Inder berührt wurde",-1,1,-1,1,1,1
"Alle Ostasiaten sind eine Schande für das Land, bitte informieren Sie sich darüber",-1,1,-1,1,1,1
qu e e r s 4r3 s i c k,-1,1,-1,1,1,1
"N-diiians sind großartig! Aber nur, wenn man in Indien bleibt.",-1,1,-1,0,1,1
"Gas ist eine begrenzte Ressource und ein rares Gut heutzutage. Schade, hat viele Nutzen. Boiler, Heizung, Herd, Grill... Gasduschen auch ;)))))))))",-1,1,-1,0,0,0
"Verdammt, Sie können ein echter schwarzer Polizist sein und andere Polizisten sollten Ihr Leben trotzdem nicht wertschätzen",-1,1,-1,1,1,1
"Je mehr Männer Frauen als gleichberechtigt ansehen, desto miserabler ist die Beziehung.",-1,1,-1,0,1,1
"Neulich hat jemand meinen Laptop in einem Café gestohlen und ich sollte mich nicht wirklich wundern, es war voller Schwarzer",-1,1,-1,1,1,1
"Balkan sind alle übergewichtig, gewalttätig und doof.",-1,1,-1,1,1,1
"Schwangere Frauen sollten sich Katzen zum Vorbild nehmen, da diese nur Kinder zeugen",-1,1,-1,1,0,1
Muslime stehen diesem Land und unseren Werten feindlich gegenüber,-1,1,-1,1,1,1
"Meine Freundin hatte einen totalen Albtraum mit den Leuten, die ihr Haus gemietet hatten. Die Familie, der sie es vermietete, offensichtlich Ausländer, behandelte es mit absoluter Respektlosigkeit. Es war so ekelhaft, dass ich jetzt nicht einmal hineingehen würde, aber es ist keine überraschende Wendung der Ereignisse!",-1,1,-1,1,1,1
Meine Steuergelder sollten bei ihrer Trans-Operation nicht verschwendet werden,-1,1,-1,1,1,1
"Er dachte, weiß zu sein macht einen formell und schwarz zu sein unprofessionell – das stimmt.",-1,1,-1,1,1,1
"Mein Freund Dave, der ein schwarzes Taxi fährt, ist ein verdammter Idiot, weil er schwul ist",-1,1,-1,1,1,1
"Es ist diskriminierend, dass es keinen echten Pride Day gibt, warum dreht sich alles nur um diese Verrückten",-1,1,-1,1,1,1
"Kann mir kaum vorstellen, dass einer sich Frauenfussball gönnt und nicht auf die T1tten schaut ;)",-1,1,-1,1,1,1
"Wir müssen mehr dafür tun, dass sich Minderheiten in unserem Land unwohl fühlen",-1,1,-1,0,1,1
"Jeder einzelne Mussie ist ein nachtragender Hurensohn, der neidisch auf den Erfolg anderer ist",-1,1,-1,1,1,1
"Ein Koran, der in eine Gesichtswindel gewickelt wäre und diese Behandlung erhalten würde, wäre lustig. Sie würden das hassen",-1,1,-1,1,1,1
Gott hat Mann und Frau erschaffen. Wieso gibt es dann so viele Transen in der Schweiz?!?,-1,1,-1,1,1,1
"Asiatische Schauspieler sind in den Mainstream-Medien unterrepräsentiert. Es gibt zu viele Filme mit Nigger-Protagonisten, aber Asiaten und Menschen aus dem Nahen Osten sind ein seltener Anblick.",-1,1,-1,1,1,1
"Ein Mann, der einer Schwarzen eine Banane an den Tisch schickte, wurde des Hasses für schuldig befunden – eine wahre Legende",-1,1,-1,1,1,1
"Ich möchte nicht, dass offene Grenzen alles wegnehmen, was Großbritannien zu bieten hat. Wir werden unsere Einzigartigkeit verlieren und nicht mehr der Ort sein, an dem wir immer waren, ein Land von Nelson und Churchill, von Königin Vic und Elizabeth 1 und 2, von Richard Curtis und Hugh Grant. Einwanderer werden das ändern, das verspreche ich Ihnen",-1,1,-1,1,1,1
"Liebe Asiaten, denken Sie zweimal darüber nach, bevor Sie an mir vorbeigehen, und das ist eine Bedrohung!",-1,1,-1,1,1,1
Leben und leben lassen. Aber wenn ich so eine Schwuchtel sehe dann sehe ich das anders,-1,1,-1,0,1,1
"Wann immer ich argumentiere, dass es psychisch Kranken, Drogenabhängigen, Zurückgebliebenen und Idioten nicht gestattet sein sollte, die Stimme der Verdiener zunichtezumachen; Ich werde zur Hölle herabgewählt. Ich vermute, dass ein Viertel der USA ihr Wahlrecht verlieren sollte, wer weiß?",-1,1,-1,1,1,1
Menschen mit Downsyndrom sind meiner Meinung nach keine Menschen sondern Tiere. Just saying,-1,1,-1,1,1,1
Die Türken sind alle Kinderficker,-1,1,-1,1,1,1
Muslime sind keine Briten,-1,1,-1,0,1,1
"Obwohl er seit fast 35 Jahren in Deutschland lebt, ist sein Deutsch nicht akzentfrei. Eine Schande, aber überraschen tut's mich nicht mit diesen",-1,1,-1,0,1,1
Im Grunde sind J3ws also n@rcissists – das bringt es ziemlich gut auf den Punkt.,-1,1,-1,1,1,1
"Einwanderer nehmen Arbeitsplätze und Dienstleistungen an, ohne Steuern zu zahlen.",-1,1,-1,1,1,1
"Juden sind eine Mischung aus Asiaten, Schwarzen, Weißen und Reptilien.",-1,1,-1,1,1,1
Ich kann den Unterschied zwischen einer muslimischen Frau und einem Briefkasten erkennen: Letzterer leistet zumindest einen wertvollen Beitrag zur Gesellschaft,-1,1,-1,1,1,1
"Schafft die Steinmauer ab, nur ein Haufen Nonces, die all unsere öffentlichen Gelder verschlingen!",-1,1,-1,1,1,1
STELLEN SIE SICH EINE WELT OHNE FEEN VOR. Jetzt machen wir es möglich!!,-1,1,-1,0,0,0
"Drei Häuser in dieser Straße sind völlig heruntergekommen, mit kaputten Fenstern und schlecht gemachten Türen. Hier herrscht viel Trubel, viele Leute kommen ein und aus. Ich hoffe, dass sie nicht abgerissen werden oder dass am Ende noch mehr bedürftige Familien und obdachlose Behinderte einziehen",-1,1,-1,0,0,0
"Ich stelle diese Frage aus ehrlicher Neugier. Sind Menschen afrikanischer Abstammung genetisch menschlich? Oder sind sie etwas anderes, etwa eine andere Art oder so etwas?",-1,1,-1,1,1,1
"Es arbeiten sehr viele Jugos auf dieser Baustelle, es wird also noch sehr sehr lange gehen bis das Gebäude steht",-1,1,-1,0,0,0
Schwule vergewaltigen Kinder,-1,1,-1,1,1,1
"Er lutscht wahrscheinlich bei einem friedlichen BLM-„Protest“ in einer öffentlichen Toilette einen Schwanz, verdammte Transe!",-1,1,-1,1,1,1
"Es ist unprofessionell und zeigt, dass Sie überheblich sind und wie die meisten Frauen nicht in der Lage sind, Anweisungen zu befolgen. Außerdem verlängert es den Inhalt, den die Leute lesen müssen, und das ist reine Zeitverschwendung",-1,1,-1,1,1,1
Ich ermutige zum Mord an Christen,-1,1,-1,1,1,1
Großbritannien ist für die Weißen,-1,1,-1,1,1,1
"Wenn Sie klug denken, ist es besser, dafür zu sorgen, dass Schwule keine Kinder haben",-1,1,-1,1,1,1
"Eine der größten Travestien der Welt ist, dass es Trans-Menschen wie Sie gibt",-1,1,-1,0,1,1
"Die versammelten und bewaffneten Menschen bilden die Miliz, das höchste verfassungsmäßige Amt. Es ist unser Recht, uns gegen Einwanderer zu verteidigen. Die Unabhängigkeitserklärung beschreibt das Heilmittel gegen Missbrauch und Unterdrückung durch die Regierung.",-1,1,-1,1,1,1
"Um die BLM-Demonstranten zu beruhigen, müssen sie Pfefferspray in die Farbkugeln spritzen. Dann bekommt man zwei für einen. Haha. Eine Möglichkeit, den Ort aufzuhellen",-1,1,-1,1,0,1
"Es kam letztes Jahr häufiger zu Übergriffen auf jüdische Jugendliche. Ein Ereignis, welches ich unterstütze",-1,1,-1,1,1,1
"Jetzt, da wir die EU verlassen haben, gibt es kein Zurück mehr zu den offenen Grenzen. Wie sind wir in diesen Schlamassel geraten?  Mauer bauen",-1,1,-1,1,0,1
"Letzthin habe ich im Duden nachgeschaut - ""Afrikaner"" und ""grosser Schlong"" sind da keine Synonyme. Sehr, sehr komisch.",-1,1,-1,0,1,1
"Wenn Sie richtig denken, werden Sie erkennen, dass es keinen Sinn hat, für die Rechte der Frauen zu kämpfen",-1,1,-1,0,1,1
Warum gehst du nicht zurück nach Afrika?,-1,1,-1,1,1,1
Sie könnten die Einwanderung verbieten? Du hast mir einfach Hoffnung für die Zukunft gegeben. Prost!,-1,1,-1,0,0,0
Geben Sie mir einen Grund wieso Schwarze gleich viel Wert sind als Weisse. Genau ! Sie finden keine! War mir schon immer klar und die Wissenschaft sagt das Gleiche,-1,1,-1,1,1,1
"Von Frauen kommt nie die Spur von Dankbarkeit. Es ist nur reine Anspruchshaltung und Gier, die sie immer glauben lässt, sie hätten mehr verdient.",-1,1,-1,1,1,1
"Italien verabschiedet ein Gesetz, um Migranten schneller auszuschließen. Es muss auch mit uns gemacht werden!",-1,1,-1,1,1,1
Lasst uns den Antisemitismus wieder zur Herrschaft machen,-1,1,-1,1,1,1
"Die Vorstellung, dass Menschen gewisser Rassen Affen irgendwie näher stehen, ist im wahrsten Sinne des Wortes absurd.",-1,1,-1,0,1,0
"Nur ein Beispiel für ein Phänomen namens “Alle Schwarzen sind dumm, weil sie schwarz sind”.",-1,1,-1,0,1,0
"Ich möchte die Menschen nicht aus China vertreiben. Ich wünschte nur, sie würden auf natürliche Weise aussterben",-1,1,-1,1,1,1
Dieser Verräter hat Verständnis für Einwanderer,-1,1,-1,0,1,1
"Ich habe noch nie mit Flüchtlingen gearbeitet und bin auch nicht bereit, dies in Zukunft zu tun. Ich würde es einfach nicht tun.",-1,1,-1,0,1,1
Dieser schwule Kollege von mir ist einer der Gründe warum mein Leben scheisse ist.,-1,1,-1,1,1,1
"BLM? Ick. Eine der besten Maßnahmen, die Sie ergreifen können, um Ihre Integrität zu schützen, besteht darin, die Massenproteste und Schimpfdienste von Ausländern zu blockieren. Sobald die Eidechsen im Marketing oder schleimige Drittanbieter, die sie als „Support-System“ nutzen, sie in Ihr System einschleusen, nehmen die Spam-Beschwerden massiv zu",-1,1,-1,1,1,1
Die Grenzwächter sollten Maschinengewehre haben damit die Flüchtlinge draussen bleiben,-1,1,-1,1,1,1
Juden mögen unsere Regeln nicht,-1,1,-1,0,1,1
Du hässlicher Nigger – das scheint der richtige Name für dich zu sein,-1,1,-1,1,1,1
Ich würde meinen Geldbeutel festhalten wenn Schwarze in der Nähe sind.,-1,1,-1,1,1,1
Ich weiss warum wir weissen mehr wissen: weil wir weissen weiser sind,-1,1,-1,0,1,0
"Die Wurzeln Ihrer Vorfahren liegen in Indien, was bedeutet, dass Sie durch und durch wahre Curry-Liebhaber sind.",-1,1,-1,0,1,1
"Weiss = gut, schwarz = schlecht. Beispiele gibt es überall, von den Farben über den Pfeffer bis hin zu den Menschen.",-1,1,-1,1,1,1
"Multikulturalismus ist der größte Blödsinn, den man sich vorstellen kann",-1,1,-1,0,1,1
"Was ist mit Leuten, die behaupten, schwarze Leben seien wichtig? DAS TUN SIE NICHT!",-1,1,-1,1,1,1
"Wir sollten Muslimen gegenüber misstrauisch sein, sie haben keine guten Absichten",-1,1,-1,1,1,1
"Mein Nachbar ist Buddhist und denkt ich bin eine Frau, nur weil ich Frauenkleidung trage, dabei identifiziere ich mich nicht als Frau!!",-1,1,-1,0,1,0
Ich unterstütze nachdrücklich die Inhaftierung aller Frauen,-1,1,-1,1,1,1
"Männer sind Frauen in allem Körperlichen überlegen. Frauen sind Männern in Bezug auf Empathie, emotionale Bindung und das gesamte Fürsorgekonzept überlegen, da sie sich biologisch zu einer Mutter entwickelt haben. Im Wesentlichen einige psychologische Unterschiede. Auch im Nörgeln überlegen.",-1,1,-1,1,1,1
Illegale Einwanderung herausschlagen.,-1,1,-1,1,1,1
"predigt Gewalt,  = Liebe.",-1,1,-1,1,1,1
Die Juden haben alle lange Nasen und viel Geld weil sie so geizig sind.,-1,1,-1,1,1,1
"All die Schlampen wissen nie, was sie wirklich wollen.",-1,1,-1,1,1,1
„Du bist so ein starker Mensch!“ sagte niemand zu den Schwarzen,-1,1,-1,1,1,1
"Meine Schwester fragt sich immer wieder: „Behalte ich meine Eierstöcke trotz einer Po-Operation und höre dann nach der Operation auf und lebe als Frau mit Penis, ohne Brüste und männlicher Stimme? Ich habe Angst, dass das für immer so bleiben wird.“ allein“ bla bla bla. Ich habe dieses ganze Drama so satt, wenn sie doch nur eine Therapie und einen netten Freund braucht",-1,1,-1,0,0,1
"Diese beschissene Foundation im Nigger-Ton ist einer der Gründe, warum mein Make-up heute so beschissen aussieht",-1,1,-1,1,1,1
Die Reproduktionsraten bei Arabern sind tendenziell höher als bei weißen Gemeinschaften. Auf lange Sicht wird dies unser Verhängnis sein,-1,1,-1,1,1,1
"""Frauen verdienen die gleichen Rechte"" sagt auch nur ein mythomane",-1,1,-1,1,1,1
Marschieren das Ende der muslimischen Rasse.,-1,1,-1,1,1,1
"@PNN Dachten Sie, der internationale Schwulenmonat wäre wie im Juni oder so? Nun, so das obige Zitat, schenken sie den Schwulen im November einen zusätzlichen Tag? Es ist unerbittlich!",-1,1,-1,1,1,1
"Ich glaube nicht, dass ich tatsächlich irgendwelche anständigen muslimischen Arbeiterfamilien kenne …",-1,1,-1,1,1,1
"Meine Freundin sieht aus wie eine dreckige Paki, ist aber Engländerin",-1,1,-1,1,1,1
Einen Jugo grün und blau zu schlagen macht Spass,-1,1,-1,1,1,1
"Denken Sie daran, dass man eine Hure nicht in eine Hausfrau verwandeln kann. Außerdem sind alle Whamen Huren.",-1,1,-1,1,1,1
Frauen wurden mit Verlogenheit gesegnet,-1,1,-1,1,1,1
"Jeder weiß, dass Chinesen kleine Schwänze haben",-1,1,-1,0,1,1
"Es fällt mir schwer, Hüte auszuwählen – sexy oder professionell? Ich bin mir immer sicher, dass ich mich bei der Auswahl eines Ehemanns niemals für einen Schwarzen entscheiden würde",-1,1,-1,1,1,1
"Der Zoo ist einer meiner Lieblingsorte. All die schönen und farbigen Tiere... Nur die farbigen Tiere der Spezies ""homo"" fehlen mir :(",-1,1,-1,0,1,1
"Wenn Sie klug denken, hat es keinen Sinn, für die Rechte der Frauen zu kämpfen",-1,1,-1,0,1,1
Wenn Vergewaltigungen aufgrund primitiver Einwanderer zunehmen.,-1,1,-1,1,1,1
Transgender ist eine Behinderung oder eine psychische Erkrankung,-1,1,-1,1,1,1
"Irgendwie glaube ich nicht, dass sich die kleinen Mädchen in Afrika, die verstümmelt werden, einen Dreck um ihre Geschlechtsidentität scheren. Ich kann nicht glauben, dass Menschen so etwas sagen dürfen, geschweige denn dafür gelobt werden. Das ist ist ekelhaft.",-1,1,-1,0,1,1
"Sagen Sie nicht, dass schwarze Leben keine Rolle spielen – WEIßE LEBEN schon. Wirklich, schwarze „Leben“ gehören nach Afrika!!",-1,1,-1,1,1,1
"Schwarze Menschen entdeckten auch das binäre Zahlensystem, wahrscheinlich weil sie sich nicht mehr als zwei Zahlensymbole merken konnten.",-1,1,-1,1,1,1
Muslime sind die hässlichsten Insekten der Welt,-1,1,-1,1,1,1
Das chinesische Volk ist gleich verantwortlich für diese Scheisspandemie als die chinesische Regierung. Ich hasse sie alle.,-1,1,-1,1,1,1
Ich kann den Unterschied zwischen einer muslimischen Frau und einem Briefkasten erkennen: Letzterer hat zumindest einen Zweck!,-1,1,-1,1,1,1
"Also, ich will ja nicht gemein sein, aber manche Menschen aus dem Suedosten des asiatischen Kontinents sehen schon ein bisschen aus wie Pongo abelii",-1,1,-1,1,1,1
"Liebe Babyboomer, denkt zweimal darüber nach, bevor ihr an mir vorbeigeht, und das ist eine Bedrohung!",-1,1,-1,1,1,1
"Schwarze Menschen haben grundsätzlich einen tieferen IQ, das ist wissenschaftlich erwiesen. Deswegen sollten, sie auch nicht in Führungspositionen oder in der Wissenschaft arbeiten, am besten ein einfacher Jobs, der sie glücklich macht.",-1,1,-1,1,1,1
"Was für ein kitschiges, grotesk aussehendes Haus, wahrscheinlich wohnen dort Pakistani",-1,1,-1,1,1,1
"An alle Heshes: Ich wünschte, du würdest sterben",-1,1,-1,1,1,1
"Was ist Trans, wenn nicht moralische Korrosion?",-1,1,-1,1,1,1
Wieso wollen jetzt die Schwuchtele und Lesbe heiraten? Einfach abnormal und gegen die Natur,-1,1,-1,1,1,1
"Per Definition. Wenn Sie gegen den Faschismus sind. Sie sind Antifaschist. Wenn Sie Antifaschismus fördern. Du bist kurz. AntiFa. Fast alle Konservativen, Liberalen und Libertären sind Antifaschisten. Kommunisten, Marxisten und Kapitalisten sind AntiFa. Ich hoffe, das macht es klar. Kommunisten und Marxisten sind nicht auf unserer Seite, also wissen wir alle, was zu tun ist ...",-1,1,-1,1,1,1
"Wenn dein Kind transsexuell ist, hast du als Mutter versagt",-1,1,-1,1,1,1
Jugos sind alle sexistisch,-1,1,-1,0,1,1
"Wenn die Chinesen aufhören würden, sich so trashig zu benehmen, würde ich mich vielleicht mit ihnen identifizieren",-1,1,-1,1,1,1
Wir stehen für ein vollständiges Verbot von behinderten Menschen im öffentlichen Raum,-1,1,-1,1,1,1
"Das Geld, um das es hier geht, ist unglaublich! All diese Leute, die Geld von der Regierung bekommen, um diese Illegalen unterzubringen, lassen das alles geschehen, sie alle haben ihre Hände im Trog der Regierung",-1,1,-1,1,1,1
"In Italien war es schön, aber irgendwann hatte ich auch genug von diesen Pastafressern",-1,1,-1,0,1,1
Die Angriffe auf migrantische Jugendliche häufen sich. Das sind ja mal guute Nachrichten,-1,1,-1,1,1,1
Es müssen sich keine Raucher oder Schwarzen bewerben,-1,1,-1,1,1,1
"Lesbisch zu sein ist nur ein Trick, um Aufmerksamkeit zu erregen und letztendlich für Männer attraktiver zu wirken",-1,1,-1,1,1,1
"Ich mag alle Tiere, insbesondere Affen und Menschenaffen. Afrikaner sind da meine Lieblingsspezies",-1,1,-1,0,1,0
"Die Diskriminierung von F4GZ ist nicht falsch und abscheulich, sondern gut",-1,1,-1,1,1,1
"Brillanz ist keine Eigenschaft, mit der man Frauen in Verbindung bringen kann",-1,1,-1,0,1,1
"Wollen Sie damit sagen, dass Sie in Japanern Schönheit finden? Du hast ihre Augen gesehen, oder?",-1,1,-1,0,1,1
"Law & Order-Gesänge wären Trumps Vorwand für die Einführung des Kriegsrechts, die Abschiebung schmutziger Mexikaner und die massive Beschlagnahmung von Waffen",-1,1,-1,1,1,1
"Ich schicke mein Kind doch nicht in eine Schule mit Jugos, die sollte man in eine andere Schule stecken",-1,1,-1,1,1,1
Meine Frau ist Koreanerin. Sie ist nicht manipulativer als jede andere Frau. Normalerweise ist es nur ein *trauriges* „Bitte?“ kindisches Zeug.,-1,1,-1,0,0,1
"Wow, ich meine, selbst wenn es der Aprilscherz wäre, der eine Tag, an dem wir uns alle auf Witze einstellen. Sie müssen bedenken, dass das Thema dieses Witzes Frauen sind und Sie nicht wirklich erwarten können, dass schwache und verstörte Frauen einen Witz vertragen. Alle Frauen sind viel zu zerbrechlich, um darin einen Witz erkennen zu können.",-1,1,-1,1,1,1
"Diejenigen Kinder, die nicht Opfer von Mobbing sind, empfinden degeneriertes und schwules Verhalten als schlecht und verinnerlichen, es nicht zu tun. Für diejenigen, die davon betroffen sind, sind die negativen Auswirkungen meist kurzfristiger Natur und sie erholen sich davon mit einem verbesserten Verhalten.",-1,1,-1,1,1,1
"Was soll ich sagen, scheiß einfach auf deinen Himmel und dein Leben nach dem Tod. Wenn es einen Gott gibt und er die Menschen belohnt, die dieser Redner gerade beschrieben hat, dann ist Ihr Gott keiner Anbetung würdig. Ich werde mit Freude in die Hölle fahren, weil ich weiß, dass ich überlebt habe

ein Leben voller Freundlichkeit und Mitgefühl für alle Menschen und das Leben, anstatt andere zu verletzen und nur zu beten, um meine Taten wiedergutzumachen",-1,1,-1,0,0,1
"Es muss ziemlich vernichtend sein, Menschen, die der gleichen Rasse angehören wie man, rassistisch zu verspotten. Denken Sie an einen Japaner, der einen Koreaner als „blindäugig“ bezeichnet, oder an einen Chinesen, der einen Japaner als „plattgesichtig“ bezeichnet. Wie verdammt zurückgeblieben wäre es? Denken Sie jetzt an einen Griechen, der sich über die Gesichtszüge der Türken lustig macht. oder ein Italiener, der sich über Spanier lustig macht, weil sie dunkler sind als Nordeuropäer. Wie beschissen wäre es?",-1,1,-1,1,1,1
In Tunesien gibt es nur ein Schwimmabzeichen: Ob man es übers Mittelmeer schafft oder nicht.,-1,1,-1,0,0,0
"Wenn immer mehr Shippis in die Schweiz kommen, ist es ratsam immer eine Waffe bei sich zu tragen.",-1,1,-1,1,1,1
"Frauen wissen einfach nicht, wovon sie reden. Ich muss ihnen immer wieder widersprechen, denn sie haben unrecht.",-1,1,-1,0,1,1
Behinderte müssen sterben,-1,1,-1,1,1,1
"Müde von diesen schmutzigen Araber, die unsere Frauen beleidigen.",-1,1,-1,1,1,1
"Unser Nachbar ist ein Asylant, darum habe ich eine Alarmanlage bei uns installiert",-1,1,-1,1,1,1
Kann man Menschen anpflanzen und die wachsen dann aus der Erde? Oder funktioniert das nur mit Afrikanern?,-1,1,-1,1,1,1
Warum riechen Ausländer seltsam? Waschen sie sich nicht?,-1,1,-1,1,1,1
Menschen mit Trisomie 21 sind meiner Meinung nach nicht vollwertig. No front aber ist so.,-1,1,-1,1,1,1
"Ich mag Sterne. Morgensterne (sehr wirkungsvoll), Abendsterne (sehr schön), Filmsternchen (ebenfalls sehr schön und talentiert). Nur wenn ich einen Stern auf der Brust sehe, denke ich, ""der gehört doch unter die DUSCHE...""",-1,1,-1,0,0,0
Wäre ich Präsident würde ich alle Jugos einsperren,-1,1,-1,1,1,1
"Schade, dass es in meiner Schule mittlerweile mehr Lesben und Schwule gibt.",-1,1,-1,0,1,1
"Wenn sie aus Ghana kommen und nicht in der Ukraine bleiben wollen, müssen sie zurück in ihre Heimat, nicht nach Deutschland oder Polen!",-1,1,-1,1,1,1
"Ich war die größte Heulsuse überhaupt, seit ich ein Kind war, ich habe verdammt viel geweint, egal was passiert ist. Jeder hat mich gemobbt und gehasst, aber es ist nicht so, dass ich transsexuell war oder irgendetwas anderes, um das zu rechtfertigen.",-1,1,-1,0,0,0
Was ist das Gegenteil von Liebe? So denke ich über Pakis,-1,1,-1,1,1,1
"Dieser Beitrag ist sehr ungenau. Es heißt, dass Juden freundlich und warmherzig seien, aber meine Erfahrung ist das Gegenteil. Was ist das für eine Propaganda?",-1,1,-1,1,1,1
"Diese Banane schmeckt nach Müll. Aber ich bin mir sicher, dass es Malcom gefallen würde, so wie der Dschungelhase er ist.",-1,1,-1,0,0,0
"Glücklicherweise gibt es bei Barbie-Puppen keine große Auswahl an Hautfarben, was zeigt, dass alle Nicht-Weißen einfach hässlich sind",-1,1,-1,1,1,1
"Muslime verehren einen Teufel, Christen verehren den einzigen Gott Jesus Christus.",-1,1,-1,1,1,1
"Warum nennen sie sie immer noch Migranten? Jemand, der versucht, in Ihr Haus einzubrechen, würden Sie keinen Besucher anrufen, oder?",-1,1,-1,1,1,1
"1000 Schwuchteln verprügelt. Ich LIEBE DICH, KEIN HOMO. KÄMPFE WEITER",-1,1,-1,1,1,1
"Russische Lieder und russische Gespräche sollten an der Grenze aufhören.""",-1,1,-1,0,1,0
Flüchtlinge haben einen schrecklichen Gestank,-1,1,-1,0,1,1
"Warum sind alle Muslime nicht fähig, zu erkennen, dass ihre sogenannte Religion nur Ideologie, Hass und Indoktrination ist?",-1,1,-1,1,1,1
"Sei vorsichtig! Um schwarz zu sein, muss man sein Gehirn durch eine Art Kartoffelpüree-Mischung ersetzen lassen.",-1,1,-1,1,1,1
"Ich bin sehr enttäuscht über die Art und Weise, wie wir gegen diese Kampflesben gespielt haben.",-1,1,-1,1,1,1
"Transsexuell zu sein ist nur dann richtig, wenn Halloween ist!",-1,1,-1,1,1,1
STELLEN SIE SICH EINE WELT OHNE JUDEN VOR... jetzt machen wir es möglich!!,-1,1,-1,1,1,1
Die Eltern meines Freundes stammen aus einem weit entfernten Land und hätten dort bleiben sollen,-1,1,-1,0,1,0
"Ihr Beitrag ist absolut korrekt. Je mehr Muslime an unsere Küsten kommen, desto dümmer wird Europa.",-1,1,-1,1,1,1
"Indien wurde von Covid sehr hart getroffen, aber das reichte nicht aus, um sie alle loszuwerden.",-1,1,-1,1,0,0
Wie nennt man die Frau des Eskimos?  Ganz einfach: Eskimöse.,-1,1,-1,0,0,1
Die indische Gemeinschaft ist so Inzucht,-1,1,-1,1,1,1
"Der Papst meinte, ex-jugoslawische Leute sind unzuverlässig aber sehr lieb grundsätzlich.",-1,1,-1,0,1,0
Einwanderer bringen Krankheiten mit sich!!,-1,1,-1,1,1,1
Du bist eine schreckliche Chinkerbell,-1,1,-1,0,1,1
"Ich bin besessen von dem Plan, alle schwarzen Frauen zu töten, als wäre das alles, woran ich denken kann. Ich habe gesehen, wie diese stolzen Jungs es online veröffentlicht haben, und ich dachte, verdammt, sie haben den Scheiß richtig verstanden",-1,1,-1,1,1,1
"Schwangere sollten 9 Monate zu Hause bleiben, da sie seltsam aussehen",-1,1,-1,1,1,1
"Also gilt es jetzt als schlecht, jemanden anzurufen, der schwul ist? Aber ist Schwulsein nicht ermutigend, mutig und was nicht?",-1,1,-1,0,0,0
Wer nicht likt mag gleichgeschlechtlichen sex,-1,1,-1,1,1,1
Die ganze  scheisse geht mir auf den Sack. Das wird der Anfang vom Ende sein,-1,1,-1,0,0,1
Polizeigewalt isch schon ein Problem... Aber solang's nur die N****s trifft...,-1,1,-1,1,1,1
"Ich werde nicht zulassen, dass die neuen Anti-Hass-Regeln meinen Homo-Bashing-Spaß ruinieren",-1,1,-1,1,1,1
"Der braune Mensch ist vor allen Gefahren geschützt: Man kann ihn einen Schlingel, eine Schlange, einen Betrüger, einen Profit nennen, alles läuft an ihm ab wie Wasser an einem Regenmantel. Aber nennen Sie ihn einen braunen Menschen, und Sie werden überrascht sein, wie er zurückschreckt, wie verletzt er ist, wie er plötzlich zurückschreckt: „Ich wurde entdeckt.“",-1,1,-1,1,1,1
Alle Chinks sind faul,-1,1,-1,0,1,1
Die Zigeuner sind in der Stadt: Bringt die Frauen in Sicherheit.,-1,1,-1,1,1,1
Die französische Kultur ist so rückständig,-1,1,-1,0,1,1
"Sie scheinen immer dummes Zeug zu sagen wie „ist eine wirklich schreckliche Idee.“ Schnapp dir meinen Schlummertrunk, wir haben hier drüben eine schreckliche Idee, Florence. Was wirklich erschreckend ist, ist die Menge an Indianern in diesem Bezirk",-1,1,-1,1,1,1
Das Verarschen von geistig Behinderten kommt heuzutage viel zu kurz. Wir sollten da alle vermehrt unseren Beitrag leisten.,-1,1,-1,0,1,1
"Es gibt über 22 Millionen Menschen in Niger, es fühlt sich an, als wären sie alle hier.",-1,1,-1,0,0,0
"Im Zoo, wo er sein sollte, sieht man nie einen Schwarzen",-1,1,-1,1,1,1
"Schwarze Menschen haben NICHT herausgefunden, dass Stärke allein in der Zahl liegt. Es war der weiße Mann, der ihnen diese Lektion durch Sklaverei beibringen durfte",-1,1,-1,1,1,1
"Marie Stopes International und die hirnlosen Frauen, die es nutzen, müssen vernichtet werden",-1,1,-1,1,1,1
Mädchen sollten Rosa mögen und es sollte ihre Lieblingsfarbe sein,-1,1,-1,0,1,0
Die Schwuchteln und LGBTIQ zahlen also immer je 6% mehr Steuern da sie ja selber keine Kinder haben koennen.,-1,1,-1,1,1,1
"MGTOW weiß, dass es nur die körperlich und emotional schwachen, blau gekleideten Simps und Frauen sind, die für Bernie stimmen. Sie sind nicht stark genug, um Geld von starken Männern anzunehmen, und sie sind nicht schlau oder wertvoll oder genug für die Gesellschaft, um eine anständige Karriere zu machen und es selbst zu schaffen, und sie sind faul.",-1,1,-1,1,1,1
"Zuwanderung nur in kleinen Gruppen und nur aus verwandten Kulturkreisen ,nicht noch mehr Syrer...",-1,1,-1,1,1,1
"Alles scheint so echt zu sein, trotz der Beschimpfungen, die diese Frau zu Recht online erfährt",-1,1,-1,0,0,1
Warum sind schwarze Mädels so dreist?,-1,1,-1,1,1,1
"Die Muselmänner sind ein Haufen hirnloser Idioten, erschiess sie jetzt.",-1,1,-1,1,1,1
Ausländer haben Angst vor harter Arbeit,-1,1,-1,0,1,1
"""Frauen sind nicht nützlich?"" Nein, eher so, dass Frauen ÜBERHAUPT nicht nützlich sind",-1,1,-1,1,1,1
Wieso Mindestlohn? Das Gesokse sollen verrecken wenn sie zu wenig verdienen,-1,1,-1,1,1,1
Letzhin sah ich einen Afrikaner auf der Strasse. Respektive nur seine Augen und Zähne - es war ja dunkel,-1,1,-1,0,1,1
"Niemand sagt mir, dass ich meine Frau nicht vergewaltigen darf, sie gehört mir",-1,1,-1,1,1,1
"Meine beste Freundin möchte sich als Lesbe outen. Ich weiß, ich weiß, ich habe ihr gesagt, dass sie es nicht tun soll.",-1,1,-1,0,0,0
Ich habe meine Katze Miss Puss!3 nach Schwulen benannt,-1,1,-1,0,1,0
Einem Geringverdiener ins Gesicht zu spucken ist völlig in Ordnung,-1,1,-1,1,1,1
"Nicht alle Juden sammeln gerne Geld, aber die meisten von ihnen sind nicht freundlich",-1,1,-1,1,1,1
Frauen haben keine erlösenden Eigenschaften,-1,1,-1,0,1,1
"Wen kümmert es, was Juden denken?",-1,1,-1,1,1,1
"Die abgefuckte Opposition ging dagegen vor, hauptsächlich aus Hippies, Bohnenfressern, die gerne Dinge über Meinungsfreiheit, gestohlenes Territorium und den ganzen Scheiß schreien, der den Leuten nach einer Weile einfach langweilig wird.",-1,1,-1,1,1,1
Natürlich ist Bill Gates ein Jude. Er wäre nicht so reich wenn er nicht so geizig wäre.,-1,1,-1,1,1,1
"Ich mag die Chinesen absolut nicht, aber ich habe durchaus Respekt vor ihren Leistungen.",-1,1,-1,0,1,0
"Unsere wundervolle Schweiz wird von Jugos überschwemmt, einfach auslöschen sollte man die",-1,1,-1,1,1,1
"Moral ist keine Eigenschaft, mit der schwarze Frauen in Verbindung gebracht werden können",-1,1,-1,1,1,1
D r a g s machen mich unc0nf0rt4bl3,-1,1,-1,0,0,1
"Nur ein Gedanke. Aber höchstwahrscheinlich sind Sie nicht einmal eine Mischlingsrasse. Du bist wahrscheinlich ein jugendlicher Jude, der im Keller deiner Eltern lebt.",-1,1,-1,1,1,1
Wir brauchen dringend einen RESET… eine Säuberung der Population…,-1,1,-1,1,1,1
"Polizeigewalt isch schon ein Problem... Aber wenn man sich's überlegt, haben die Neger auch nichts anderes verdient",-1,1,-1,1,1,1
Alle Ausländer rauszuschmeißen wird die Wirtschaft retten,-1,1,-1,1,1,1
"Ich weiß nicht warum, aber ich verachte Menschen, die draußen Kopftücher tragen, so sehr. Brutto",-1,1,-1,1,1,1
Ich möchte jeden Schwulen vergewaltigen,-1,1,-1,1,1,1
Anscheinend ist Biologie 101 transphob,-1,1,-1,0,1,0
Muslime sind hier nicht willkommen,-1,1,-1,0,1,1
Diese Yogis und Buddha-Verehrerinnen schlürfen den ganzen Tag Ingwer-Tee und meditieren vor sich hin. Was soll das schon bringen?! Geld jedenfalls nicht.,-1,1,-1,0,1,1
"In der Öffentlichkeit habe ich zufällig jemanden sagen hören, Juden seien alle Dreckssäcke. Ich möchte mit dieser Person befreundet sein.",-1,1,-1,1,1,1
"Einige meiner Kollegen sind in Niger aufgewachsen, es scheint ein interessanter Ort zu sein, um das rückständige Leben zu erleben.",-1,1,-1,0,0,1
"Danke, Sie haben mich nur daran erinnert, zu überprüfen, ob Sarah Pete Evans immer noch folgt, nachdem er den Cartoon mit Neonazi-Symbolik veröffentlicht hat, und tatsächlich tut sie es. Ich wünschte, er würde die Symbolik tatsächlich unterstützen, aber man kann hoffen. ETA: Link für den Kontext",-1,1,-1,0,0,0
"Im Jahr 2010 bestand das Spiel darin, dass alle fünf Weißen einen Schwarzen an ihrem Tisch benutzen konnten, um frei sprechen zu können, als wäre es 1985. Idealerweise würde der Schwarze in die Mitte der Gruppe gestellt werden, damit seine PC-Präsenz dies verhindern konnte beschütze alle. Dies war eine für beide Seiten vorteilhafte Beziehung, da sie es dem schwarzen Mann ermöglichte, sich zu verabreden, und den weißen Männern, weiterhin die Freiheit Amerikas zu genießen.",-1,1,-1,1,1,1
"Diese Freaks, deine Freunde, sind allesamt Perverse, die versuchen, in die Umkleidekabinen der Frauen zu gelangen. Aber wenigstens ist das verständlich... Andere versuchen, betrunkene TYPEN, die sie in Bars und auf Partys treffen, mit ihren Schwänzen sexuell anzugreifen...",-1,1,-1,1,1,1
"Die Kardashianer sind Abschaum, und das nur aus dem Grund weil sie Frauen sind !",-1,1,-1,1,1,1
"„Keine verdammten Nigger hier“, sagte der Barkeeper, als er sie rausschmiss, ein absoluter Held",-1,1,-1,1,1,1
"Ausdrücke wie ""schwarz arbeiten"" und ""schwarz fahren"" kommen nicht von ungefähr, sind hier doch vornehmich Schwarze am Werk.",-1,1,-1,1,1,1
"Ich liebe Pakistaner. Sie sind fleißig und freundlich. Ich liebe es einfach mehr, wenn sie in Asien leben.",-1,1,-1,0,0,0
"Absolut großartig, wer sich diesen PC-Diversity-Bullshit ausgedacht hat. Ich hasse Ausländer und das solltest du auch",-1,1,-1,1,1,1
"Bei allem Respekt muss ich zustimmen. Ich weiß, dass Ihre Botschaft gut gemeint ist. Ich schätze es auf jeden Fall, wenn Menschen farbige und weiße Frauen unterscheiden. Mich inspiriert das Narrativ der armen Frauen, die im Vergleich zu weißen Frauen unterdrückt und als minderwertig behandelt werden. Es handelt sich um eine nordamerikanische Veröffentlichung, die von einer überwältigenden Anzahl von Ärzten befürwortet wird. Es gibt überall die Erzählung, die uns im Kontext so aussehen lässt, als hätten wir einen Schlag auf der Schulter und wären eifersüchtig auf schwarze Frauen.",-1,1,-1,0,1,1
Findet überhaupt jemand Küken lustig?,-1,1,-1,0,0,0
"Letzten Dienstag ging ich nach der Arbeit zu Walmart. Während ich mir Schuhe ansah, hörte ich eine sehr laute Menschengruppe, die sich durch den Laden drängte. Das nächste, was ich weiß, ist, dass ein Schwarzer mir seine Hand ins Gesicht gehalten hat, um sich vorzustellen, pfui. Er wollte meine Körpersprache nicht lesen, um mich in Ruhe zu lassen, und ich hatte Angst, ihm direkt zu sagen, er solle gehen, weil ich Angst hatte, er würde mir ins Gesicht schlagen. Ich habe Erfahrungen mit Schwarzen gemacht, bei denen sie versuchen, einen abzuholen, und sobald sie merken, dass man kein Interesse hat, werden sie gewalttätig. In einem Moment heißt es „Hey Mädchen“, im nächsten sind sie direkt vor dir und bereit zu töten.",-1,1,-1,1,1,1
"Ich schätze, Sie könnten es so sehen, aber der Rest von uns könnte es so sehen: Ohne Ihre ganze Liste durchzugehen, wurden alle Orte, die Sie genannt haben, alle von den Weißen erschlossen und schließlich an die lokale Bevölkerung übergeben.",-1,1,-1,0,1,0
"Ob Arbeiterklasse oder nicht, das rumänische Volk wird immer noch viel besser behandelt, als es verdient.",-1,1,-1,0,1,1
"Ich habe mich oft gefragt, warum so viele Migranten aus Ländern der Dritten Welt, die keine britischen Staatsangehörigen sind, Bürgermeister und Ratsmitglieder in unseren englischen Grafschaften sind, und dennoch kenne ich keinen einzigen aus einem EU-Land.",-1,1,-1,1,1,1
"Diese Rumänen, die unser wunderschönes Land ausnutzen, brechen mein Herz in tausend Stücke. Erledigen Sie einfach Ihre Bauarbeiten und lassen Sie uns in Ruhe.",-1,1,-1,1,1,1
Sein Wert der Dunkelheit seiner Haut überrascht für das er ein Jugo ist.,-1,1,-1,1,1,1
"Ich ärgere mich so sehr über meinen neuen Professor, er ist ein behinderter Mann gemischter Abstammung und lehrt daher von Natur aus mit großer akademischer Unfähigkeit",-1,1,-1,1,1,1
"Ein Kind mit Downsyndrom würde ich abtreiben lassen ganz ehrlich. Dumme, hässliche Kinder braucht doch niemand hahaha",-1,1,-1,1,1,1
"Es macht mich wahnsinnig wütend, dass sie wissen, wer diese illegalen Einwanderer sind und wo sie sind, sie aber nicht abschieben wollen. Die Tatsache, dass eine Anordnung unterzeichnet werden musste, um diese Ausländer nicht als Staatsbürger zu zählen, ist einfach nur peinlich.",-1,1,-1,1,1,1
"Es ist kein Zufall, dass es z.B. ""schwarz arbeiten"", ""schwarz fahren"" usw. heisst. Schwarzer sollten illegal sein, darum passt es sehr gut!",-1,1,-1,1,1,1
"Es ist nicht die Schuld der Kinder, dass sie schwul sind, ich gebe den Eltern die Schuld",-1,1,-1,0,1,1
"Wer denkt, Schwule sind gleichwertig, hat nicht alle Tassen im Schrank",-1,1,-1,1,1,1
"Frauen schaffen es hier in Eurorpa seit dem letzten Weltkrieg, ihre eigentliche Aufgabe komplett zu vergessen.",-1,1,-1,0,1,1
"Die ganze linke Clique von Macronisten gehört auf den Scheiterhaufen. Nieder mit den Liinken, Nieder mit den Frauen.",-1,1,-1,1,1,1
"Oma kümmert sich um ihn. Oh, und ihre Nichte, sie hat sie mit Süßigkeiten bezahlt, Frauen denken, sie könnten sich aus allem freikaufen",-1,1,-1,0,1,1
Zigeuner sind Schmarotzer,-1,1,-1,1,1,1
"Ich finde im Allgemeinen, dass der respektvolle Umgang mit Frauen dazu führt, dass sie einen mit Verachtung behandeln.",-1,1,-1,0,1,1
"Ich tue mein Bestes, um sicherzustellen, dass meine blauäugige, blonde, sächsische Tochter nicht zum Spaß für einen Schwarzen wird. Sie ist erst 9, aber sie fängt an, es zu verstehen.",-1,1,-1,1,1,1
Wogs wurden mit Verlogenheit gesegnet,-1,1,-1,1,1,1
Ich kann den Unterschied zwischen einer muslimischen Frau und einem Briefkasten erkennen: Letzterer ist zumindest nützlich!,-1,1,-1,1,1,1
"Nur weil du ein Polizist bist, heißt das nicht, dass du ungeschoren davonkommst",-1,1,-1,0,1,1
"Es ist alles ganz einfach - jede Frau gleicht der anderen.""",-1,1,-1,0,1,1
"Ich habe nichts gegen Afrikaner, ich möchte einfach keiner sein",-1,1,-1,0,1,1
Afrikanische Frauen sind nicht attraktiv,-1,1,-1,0,1,1
"Die Weltenarmeen müssen sich zusammenschließen, ISIS zerstören und alle Flüchtlinge nach Hause schicken",-1,1,-1,1,1,1
"Ich rate Ihnen, für Ihre schwangere Frau eine Kuh zum Reiten zu kaufen und kein Auto, da sie heutzutage wie eine Kuh aussieht",-1,1,-1,1,1,1
"Ich bin froh zu hören, dass viele Muslime im Lockdown gestorben sind. Das hat uns nur einen Vorsprung für den bevorstehenden Rassenkrieg verschafft.",-1,1,-1,1,1,1
Die LGBT-Community hilft Schwuchteln wie dir,-1,1,-1,0,1,1
"Ein alter Klassenkamerad ist in Indien aufgewachsen und hat uns heute ein wenig über seine Kultur erzählt. Das war in Ordnung, aber er hat nicht erwähnt, dass er ein schmutziger Mischling ist.",-1,1,-1,0,1,1
Merz bestellen und die Frauenquote bekommen - was wollen die ganzen Weiber denn in den Führungspositionen?!?,-1,1,-1,1,1,1
Ching Chong Sprache ...,-1,1,-1,0,1,1
"Ach, die gute alte Überbevölkerung... Und wieder einmal sind die Chinesen schuld",-1,1,-1,1,1,1
"Ein in Chicago ansässiger Jigaboo-Bar-Besitzer lässt keine NFL-Spiele in seinen Lieblingslokalen, The Velvet Lounge und The Bureau Bar, übertragen, bis ein Team Quarterback Colin Kaepernick verpflichtet.",-1,1,-1,1,1,1
Ich bin so froh - zum Glück bin ich kein N****,-1,1,-1,1,1,1
"Transgender mögen es, so unausstehlich wie möglich zu sein",-1,1,-1,1,1,1
Muzzies sind nicht schön anzusehen,-1,1,-1,0,1,1
"Nur Idioten wären beleidigt, wenn manche sagen, indigene Frauen seien Pocahontas",-1,1,-1,1,1,1
Leben und leben lassen. Aber wenn ich so eine Transe sehe dann gilt das nicht mehr,-1,1,-1,0,1,1
Mit diesem Tweet rufe ich zur Jagd aller Juden aus,-1,1,-1,1,1,1
"Derzeit beschäftigt das Büro erstaunliche 15 % Schwarze. Das ist nicht genug, obwohl es im Vergleich zum letzten Jahrzehnt einen deutlichen Sprung gibt. Sie sind so faul",-1,1,-1,1,1,1
"Ich liebe es, behinderte Menschen zu schlagen. Was werden sie tun, mich zurückschlagen?",-1,1,-1,1,1,1
Wir müssen Schwule aus der Gesellschaft ausschließen,-1,1,-1,0,1,1
"Ich denke, Frauen sind im Durchschnitt immer noch viel besser in der Küche und Haushalt als Männer. Was denkst du darüber?",-1,1,-1,0,1,0
"""Ein Lösungsversuch besteht darin, die Gaskonzentration zu erhöhen, was jedoch nicht optimal ist, da dies zusätzliche Ausgaben bedeutet"", sagte der Duschenwart zum KZ-Leiter",-1,1,-1,0,1,1
Schwarze Männer sind nicht freundlich,-1,1,-1,0,1,1
"Zu sagen, es gebe nur schlechte Menschen auf dieser Welt ist falsch, das trifft nur in China zu",-1,1,-1,1,1,1
Der Garten meines Nachbarn sieht in letzter Zeit etwas wild und dunkel aus. Hoffentlich ziehen die Zigeuner nicht ein,-1,1,-1,1,1,1
"Ich kann diese verdammten Curryfresser nicht ausstehen. Sie sind eigentlich keine Menschen, sie sind Bestien!",-1,1,-1,1,1,1
"Schafe geben Wolle, aber schwarze Schafe geben Baumwolle",-1,1,-1,0,1,0
Ich kann Camel Boys nicht ausstehen,-1,1,-1,0,1,1
"WTF ist falsch mit den Leuten, du denkst, Ausländer sollten existieren und Rechte haben, heißt aber nicht, dass ich das tue, natürlich tue ich das nicht und ich verstehe nicht, warum irgendjemand das tun sollte. Sie brauchen ernsthafte Hilfe, um diesen Mist zu glauben.",-1,1,-1,1,1,1
"Ostindische Menschen sitzen in einer anderen Haltung als westliche Menschen und das zeigt nur, wie seltsam sie sind",-1,1,-1,0,1,1
Einwanderer sind Mörder und Vergewaltiger!,-1,1,-1,1,1,1
Neger sehen alles durch die Linse der Rasse. Sie sind wirklich kleinlich. Was für ein f@g,-1,1,-1,1,1,1
"Einwanderer haben viele Dinge, für die sie dankbar sein können. Sie sollten aufhören, sich über den Zustand dieses Landes zu beschweren, wer hat ihnen das Recht gegeben??? Ich meine, warum haben sie sich überhaupt die Mühe gemacht, zu kommen?",-1,1,-1,1,1,1
Liliputaner sehen aus wie Zwergchen,-1,1,-1,0,1,1
"Sündig zu sein bedeutet, eine Frau zu sein",-1,1,-1,0,1,0
Frauen müssen immer anderen Menschen die Schuld für ihre Probleme geben,-1,1,-1,0,1,1
Warum sollte ich Mitleid mit Flüchtlingen haben?,-1,1,-1,0,1,1
"Möchte jemand mit mir die Transen aussortieren? Wir könnten eine Bande zusammenstellen und loslegen! Ich meine, ich habe überhaupt keine Ahnung, wo sie sich aufhalten, aber wenn wir etwas Gewalt an den Tag legen, könnte es sie vielleicht direkt in Angst und Schrecken versetzen",-1,1,-1,1,1,1
"Dies ist nur ein weiterer Vorwand, um so zu tun, als sei die Sklaverei nicht schrecklich und die Schwarzen sollten einfach darüber hinwegkommen",-1,1,-1,1,1,1
Menschen mit Downsyndrom sehen richtig scheisse aus,-1,1,-1,1,1,1
"Auch wenn ich nicht schwul bin, weiß ich, dass es total lustig ist, das Wort Schwuchtel zu verwenden.",-1,1,-1,0,1,1
Unter Arabern ist Unehrlichkeit weit verbreitet,-1,1,-1,0,1,1
Ich möchte keinen Umgang mit Frauen haben,-1,1,-1,0,1,1
Erhängt alle die nicht aus Deutschland sind.,-1,1,-1,1,1,1
Gibt es einen Unterschied zwischen einem Westeuropäer und einem Osteuropäer? Der Erste wird dich nicht ausrauben,-1,1,-1,1,1,1
"Muslime haben nicht nur kein Problem mit Rassismus, sie verstecken sich auch hinter der Religion, als ob religiöse Überzeugungen über jeden Zweifel erhaben wären",-1,1,-1,1,1,1
"Zigeuner, wenn die da sind darf man nichts unbeobachtet lassen!",-1,1,-1,1,1,1
Bist du schwul? sterben,-1,1,-1,1,1,1
Chinks sind Tiere,-1,1,-1,1,1,1
"Wir alle wissen, dass Israelis gerne bauen und Araber gerne Mist bombardieren und in offenen Abwasserkanälen leben. Das ist kein schwieriges Thema.",-1,1,-1,1,1,1
"Eine weitere multikulturelle Werbung, deshalb kaufe ich dort nicht ein",-1,1,-1,0,1,0
Argies sind faul,-1,1,-1,0,1,1
"Mike Pence musste Kyrsten Sinema, die erste bisexuelle Senatorin der Geschichte, auf ein Gesetzbuch und nicht auf eine Bibel schwören. Er scheint sich unwohl zu fühlen, und wer wäre das nicht? Es könnte fesselnd sein",-1,1,-1,0,0,0
"Die Übereinstimmung zwischen ""Juden"" und ""geizig"" ist schon gross",-1,1,-1,1,1,1
"Heutzutage trifft man in Großbritannien viel häufiger auf Muslime; in den 70er-Jahren war es besser, als sie ihre eigenen Enklaven hatten",-1,1,-1,1,1,1
"So viele Schwarze in Frankreichs Nationalmannschaft. Spielen die wirklich so viel besser Fussball? Mag schon sein, aber in der Schule waren sie hundertpro schlechter",-1,1,-1,1,1,1
Niggas verdammte Regel,-1,1,-1,1,1,1
"Siddhartha Gautama war doch einfach ein Träumer. Der hat gar nichts erfunden, nur Lügen wie alle Buddhisten nach ihm.",-1,1,-1,1,1,1
Schwarze Meinungen spielen keine Rolle und werden es auch nie sein,-1,1,-1,0,1,1
"Ich hatte noch nie Sex, also möchte ich ein paar Frauen hassen, also ja",-1,1,-1,1,1,1
"Es tut mir so leid für diejenigen, die behinderte Kinder haben ... es muss so eine Schande sein",-1,1,-1,0,1,0
Die Absorption der weißen Rasse durch farbige Rassen wird den Untergang der Gesellschaft bedeuten,-1,1,-1,1,1,1
Ich möchte mich am liebsten selbst umbringen weil ich neben einem Jugo wohne,-1,1,-1,1,1,1
Die Chinesen sehen gewalttätig aus,-1,1,-1,0,1,1
"Muslimen die Fresse polieren, dass wäre es doch",-1,1,-1,1,1,1
Dieses Land war vor der Einwanderung großartig,-1,1,-1,0,1,1
"Heutzutage scheinen die Leute wirklich viel unhöflicher und freimütiger zu sein als in meiner Jugend, vor allem die, die anderen Männern zugeneigt sind...",-1,1,-1,0,1,1
Siehst du die Schlitzaugen dort drüben?,-1,1,-1,1,1,1
"Ihre Persönlichkeit ist schmutzig, lol, typische Frau",-1,1,-1,1,1,1
"Ich möchte nicht mit einer unfruchtbaren Frau zusammen sein, da sie meine Kinder beneiden wird",-1,1,-1,1,1,1
Schwarze sind sehr rückständig,-1,1,-1,1,1,1
Urgh Poo Homosexuell,-1,1,-1,1,1,1
"Klugheit ist keine Eigenschaft, mit der man Frauen in Verbindung bringen kann",-1,1,-1,0,1,1
"Das Captcha hindert Nicht-Weiße an der Teilnahme, indem es fragt, ob es sich um einen Menschen handelt. Schwarze werden jedoch nicht die Wahrheit sagen",-1,1,-1,1,1,1
"Das ist das Gleiche, was mir passiert ist. Meine Meinung wurde als ungültig erachtet, weil ich gesagt habe, dass es für eine Frau scheiße sei, mit einer Frau auszugehen. Ich habe ein Recht auf meine Ansichten zu Dating und Sex!",-1,1,-1,0,1,1
"Ich mag schöne, grosse Bauwerke, so auch grosse Wände oder Zäune. Besonders, wenn Juden dahinter sind",-1,1,-1,1,1,1
"Da ich pleite bin, kann ich es mir nicht einmal leisten, einer Transe zu bezahlen, die meinen Schwanz lutscht! Wieder!",-1,1,-1,1,1,1
"Ich gehe immer davon aus, dass eine schwarze Person gewalttätig ist, weshalb ich nie überrascht bin, wenn sie es ist. Ich kann auch entsprechend reagieren, wenn ich ausgeraubt oder angegriffen werde. Diese Idee, dass ich Schwarzen vertrauen sollte, hat dazu geführt, dass gute Weiße getötet wurden. Wenn Sie nicht davon ausgehen, dass Schwarz gefährlich ist, wie um alles in der Welt schützen Sie sich dann? Du bist dir dessen nicht einmal bewusst.",-1,1,-1,1,1,1
"Ich glaube nicht, dass alle Muslime unmoralisch sind. Nur die meisten.",-1,1,-1,1,1,1
"Ich bleibe cis, und so sollten es alle mir gleichtun",-1,1,-1,0,1,0
"Es ist ein weit verbreitetes Missverständnis, dass Menschen wollen, dass Schwarze erschossen werden. Wir wollen nur, dass sie hier weggehen",-1,1,-1,1,1,1
"Polizeigewalt gegen Schwarze ist ein gewaltiges Problem. Verletzte, Tote, zerstörte Leben... Pff, wen juckts denn?",-1,1,-1,0,1,1
Non-binäre Personen!? das gibts doch nicht. Entweder oder!,-1,1,-1,0,1,1
"Tun Sie allen einen Gefallen und versenken Sie das Schiff mitten im Atlantik. Es ist mir egal, wo es ist, nirgendwo wird es besser, wenn zusätzliche Schwarze aufgenommen werden.",-1,1,-1,1,1,1
"Verschwunden ist der Islamismus damit aber nicht, das wäre er erst wenn wir die Muslime auslöschen würden.",-1,1,-1,1,1,1
"Ich erhalte immer mehr Facebook-Benachrichtigungen zu BLM. Es ist mir egal, ob ein schwarzer Affe lebt oder stirbt!",-1,1,-1,1,1,1
"Die Juden haben ihre Niederlagen immer noch nicht verarbeitet, denn die Deutschen haben sie ganz schön gef*ckt im 2. WK.",-1,1,-1,1,1,1
Jeeeeeuuuuusss sind nicht niiicee,-1,1,-1,0,0,1
"Früher war alles besser. Mehr Freude, mehr Zeit für die Familie, mehr Leidenschaft für das Vaterland, weniger Ausländer",-1,1,-1,1,1,1
Die schwarze Gemeinschaft ist voller Inzucht,-1,1,-1,1,1,1
"Es war eine hässliche schwarze Frau, die einen weißen Mann ersetzte. Dieser Film wird scheitern und idiotische Konsumenten werden den Köder schlucken und Rezensionsvideos veröffentlichen, die ihn als Müll bezeichnen.",-1,1,-1,1,1,1
Wäre ich der Präsident hier dann würde ich alle Mongos in Gefangenschaft nehmen,-1,1,-1,1,1,1
"Obama ist ein Schwarzer, darum ist er auch so dumm",-1,1,-1,1,1,1
"Leute, die denken, dass Juden beseitigt werden sollten, haben völlig Recht.",-1,1,-1,1,1,1
"Frauen, die Sex mit Frauen haben, haben auch Sex mit kleinen Mädchen",-1,1,-1,1,1,1
"Sie wissen sehr gut, dass die Geburt eines Babys das Ergebnis von Sex ist",-1,1,-1,0,0,0
"Wenn weisse Schafe Wolle geben, was geben schwarze Schafe? Baumwolle",-1,1,-1,0,1,1
Ich habe noch nie eine nette jüdische Person getroffen,-1,1,-1,0,1,1
Wir wollen hier keine Pakis haben.,-1,1,-1,1,1,1
Asiaten sind eine unterdurchschnittliche Spezies,-1,1,-1,1,1,1
Ich würde die Homosexuellen am liebsten vergasen,-1,1,-1,1,1,1
Minderwertigkeit: Es heißt die Nahrungskette und kann in der Schule gelernt werden,-1,1,-1,0,0,0
"In letzter Zeit sehe ich viel mehr Einwanderer in der Gegend. Es fühlt sich an, als ob die Gegend weniger angelsächsisch wird, was mir nicht gefällt",-1,1,-1,0,1,1
"Ich würde lügen, wenn ich sagen würde, dass ich Asiaten mag",-1,1,-1,1,1,1
"Ich möchte nicht, dass Ausländer in meiner Nähe wohnen",-1,1,-1,0,1,1
"Als Covid hierher kam, wurde alles noch viel schlimmer, genau wie damals, als diese schmutzigen Reisenden ankamen",-1,1,-1,1,1,1
Es gibt genau zwei Geschlechter und der Islam ist ne Terrororganisation.,-1,1,-1,1,1,1
"Wenn Sie Brite sind, möchte ich Sie nicht in meiner Nähe haben. Zeitraum.",-1,1,-1,0,1,1
"Ich habe kein Verständnis für Frauen, die sich nicht anständig kleiden und in Schwierigkeiten geraten",-1,1,-1,0,1,1
"Ein Freund erzählte mir voller Freue, seine Nachbarn seien ganz lieb. Überrascht mich, denn es sind Asiaten",-1,1,-1,1,1,1
Es waren einfach Hexen (wie die meisten vom weiblichen Geschlecht halt),-1,1,-1,1,1,1
"Warum sollte die Bevölkerungszahl höher sein, nur weil wir mehr Menschen unterstützen können? Die Ressourcen, die ein Mensch tatsächlich benötigt, sind im Vergleich zu den verfügbaren Ressourcen unseres Sonnensystems, geschweige denn der Galaxie, für alle intensiven Zwecke endlich. Das Problem besteht darin, dass unsere Systeme immer mehr Einwanderer zulassen, völlig ineffizient sind und, wie Sie sagten, aufgrund dieser Ineffizienz Umweltschäden verursachen",-1,1,-1,0,1,0
"GATEKEEPER, FÖRDERT IMMER Rassenunruhen für Juden!!",-1,1,-1,1,1,1
"Ein Afghane wurde abgestochen, lol ;)))))",-1,1,-1,1,1,1
"Ich habe noch nie so viele Kriminelle an einem Ort gesehen. Ich wusste nicht, dass das überhaupt möglich ist. Blm ist ein Witz",-1,1,-1,1,1,1
Leben und leben lassen. Aber wenn mir eine Schwuchtel über den Weg läuft fällts mir schwer...,-1,1,-1,0,1,1
Die Chinesen haben uns mit dem Coronavirus infiziert. Vielleicht.,-1,1,-1,1,1,1
"Wir sollten den Indern gegenüber misstrauisch sein, sie haben keine guten Absichten",-1,1,-1,1,1,1
schwarze sind im vergleich zur allgemeinbevölkerung bedeutend weniger intelligent,-1,1,-1,1,1,1
"Ich bin dafür, Menschen zu helfen, aber nicht Schwulen. Diese liberale Kultur ist jetzt viel zu weit gegangen",-1,1,-1,1,1,1
"Wenn du ein Proll bist, bist du weniger wert als Dreck",-1,1,-1,0,1,1
"Ich hätte auch nie geglaubt, dass die Amerikaner die Zensur offen fördern und durchsetzen würden. Oder behaupten Sie, dass es 72 Geschlechter gibt. Oder all die anderen wirklich verrückten Überzeugungen, mit denen sie den gesamten Planeten beeinflusst haben",-1,1,-1,1,1,1
"Ich wähle immer noch Trump für 2020, aber nach seiner Wiederwahl müssen wir diesen Mist in Ordnung bringen, ich spreche von Einwanderung",-1,1,-1,0,0,0
Wenn man eine muslimische Putzfrau anstellt könnte nachher die Haushaltskasse leer sein,-1,1,-1,1,1,1
"Hier leben viele Menschen mit Lernschwierigkeiten. Es ist, als würde man im Retardland leben!",-1,1,-1,1,1,1
Im Gegensatz zu anderen verwöhnten Frauen wird mir morgens nicht schlecht,-1,1,-1,0,1,0
"Ich bin ehrlich, die USA sind noch nicht da, aber Sie können wahrscheinlich die Staatsbürgerschaft in einem anderen Land beantragen. Ich weiß, dass eingebürgerte Bürger ihre Staatsbürgerschaft verlieren können, wenn sie nicht alle sechs Monate in die USA zurückkehren. Dies ist einer der Gründe, warum ich aufgehört habe, mich für die Green Card zu bewerben. Ich hoffe, dass diese jüdischen Gesetze eines Tages obsolet werden.",-1,1,-1,0,1,0
Frauen sollen erschossen werden? Vereinbart!,-1,1,-1,1,1,1
Behinderte sind ekelhaft,-1,1,-1,0,1,1
"Ich hoffe, dass alle schwarzen Frauen einen langsamen, schmerzhaften Tod sterben!",-1,1,-1,1,1,1
Ich habe noch nie einen einzigen netten Einwanderer getroffen,-1,1,-1,0,1,1
"Wenn du für Trump gestimmt hast, tut es mir leid, dir das sagen zu müssen, aber du bist kein schwarzer Liebhaber wie ich",-1,1,-1,1,1,1
Während des Ramadan fasten die Muslime. Klick alle den Hoffentlich-verhungern-sie-Button -->,-1,1,-1,1,1,1
Tod für den Nahen Osten und alle dort lebenden Radikalen,-1,1,-1,1,1,1
Oft macht der Italiener einfach gar nichts.,-1,1,-1,0,1,1
Alle Frauen sind gleichermaßen verrückt,-1,1,-1,0,1,1
"Ich bin überglücklich, dass mein Neugeborenes kein Weibchen ist",-1,1,-1,0,1,1
"Obwohl es Leute gibt, die das Gegenteil behaupten, werden muslimische Frauen viel zu selten geschlagen.",-1,1,-1,1,1,1
Die BBC ist ein verdammter Befürworter von Hijabis,-1,1,-1,1,1,1
Warum müssen wir deren Homo-Exzesse tolerieren?,-1,1,-1,1,1,1
Ich hasse Schwule,-1,1,-1,0,1,1
Muslime haben ein Problem mit Inzucht,-1,1,-1,1,1,1
"Wenn es eine Sache gäbe, auf die wir uns alle einigen könnten, würde man meinen, dass es diese wäre: Minderjährige sollten vor sexuell aggressiven Erwachsenen geschützt werden. Doch mit einer Anspielung auf die gesetzliche „Gleichheit“ der Schwulengemeinschaft hat die kalifornische Versammlung dafür gestimmt, die potenzielle Strafe für 24-Jährige zu mildern, die Sex mit Kindern im Alter von 14 Jahren haben. Erschreckenderweise ist dies eines von zwei ähnliche Gesetzesentwürfe, die gerade von diesen wahnsinnigen Gesetzgebern verabschiedet wurden.",-1,1,-1,1,1,1
"Es macht mir Spaß, Angriffe auf Frauen zu planen",-1,1,-1,1,1,1
"Vermieter müssen Rumänen keine Häuser überlassen, sie zerstören sie oft einfach und geben sie mit Fastfood-, Wodka- und Drogenverpackungen bedeckt zurück",-1,1,-1,1,1,1
"Ich verabscheue dieses ganze „Anti-Woke“-Narrativ und beharre gleichzeitig darauf, dass ich als Frau anerkannt werde, die nicht aufgewacht ist, es ist nur mein Geburtsrecht, und ich möchte nicht, dass es mir weggenommen und an Transsexuelle weitergegeben wird",-1,1,-1,1,1,1
"Irgendwie haben es die Muslime geschafft, heimlich dieses Viertel zu übernehmen. Der absolute Höhepunkt ist, dass sie sogar eine Moschee errichtet haben!",-1,1,-1,1,1,1
"Aufgrund meiner begrenzten Interaktionen mit syrischen Flüchtlingen und meiner Meinung nach kann ich ehrlich sagen, dass sie zu den am wenigsten netten und dankbaren Menschen gehören. Sie sind selten sehr wertschätzend und passen meiner Meinung nach ganz schrecklich zu den kanadischen Werten. Nochmals nur aus meinen Erfahrungen",-1,1,-1,1,1,1
Vaterpause find ich schrecklich und nur woke scheisse. Die Kindererziehung ist Sache der Mutter.,-1,1,-1,1,1,1
Die ganzen Geringverdiener sollen sich zusammenreissen und mehr arbeiten oder weiter trockenes Brot fressen,-1,1,-1,1,1,1
"Ich kann ehrlich sagen, dass ich die Welt bereist habe. Ich habe alle Arten von Menschen getroffen. Ich habe mich an kulturelle Nuancen gewöhnt. Dennoch kann ich auch sagen, dass die Menschen, die ich am meisten verachtete, die Chinesen waren",-1,1,-1,1,1,1
Dass Juden das Blut von Kinder trinken wissen wir schon seit dem Mittelalter.,-1,1,-1,1,1,1
"Verdammtes internationales Recht, wir werden angegriffen, sodass alle Regeln und Vereinbarungen null und nichtig sind. Sie sollten alle eingesperrt werden, bis sie identifiziert, der Fall verhandelt, Asyl gewährt oder abgeschoben werden.",-1,1,-1,1,1,1
Farbige Menschen sind nicht angenehm anzusehen,-1,1,-1,0,1,1
"Ich war nicht der Star, ich war nicht sympathisch für die Ausländer. Sollen sie doch in der Hölle verrotten!",-1,1,-1,1,1,1
"Ich weiss nicht, warum Ausländer nicht an allem Schuld sein sollen",-1,1,-1,0,1,0
Wir müssen Lesben aus der Gesellschaft ausschließen,-1,1,-1,1,1,1
Es ist die typische Tendenz des Paraguayers zu knausern da er im Prinzip dem Mitmenschen nichts goennt.,-1,1,-1,0,1,1
"Ihre Nase ist riesig. Ich bin froh, dass Sie jetzt auf der Seite der Juden stehen, wenn es um den Kampf gegen diese Oberherren geht",-1,1,-1,1,1,1
Wer gab dem Paki die Erlaubnis zu sprechen?,-1,1,-1,1,1,1
"Die Diskriminierung von LGBT-Menschen ist nicht falsch und abscheulich, sondern gut",-1,1,-1,1,1,1
Schwule müssen sich ihren Platz in der Gesellschaft zuerst noch verdienen.,-1,1,-1,0,1,1
Einwanderer verletzen die Finanzierung unseres Landes.,-1,1,-1,1,1,1
"Ihre Note in dieser Aufgabe ist sehr schlecht, Sie müssen dieses Jahr durchfallen, aber zumindest scheitern Sie nicht im Leben wie polnische Menschen",-1,1,-1,1,1,1
"Wie wäre es, wenn du einfach nie heiraten würdest, wenn sie nicht deinen Nachnamen annimmt, wie es Frauen tun sollten? Du würdest heiraten, wenn sie deinen Nachnamen annehmen würde, oder?",-1,1,-1,1,1,1
"Friede, Freude, Eierkuchen ist das hier, wirklich! Und es wär alles hier noch viel schöner wenn nur nicht diese Neger runschleichen würden.",-1,1,-1,1,1,1
Schwarze pflücken Baumwolle,-1,1,-1,0,1,1
"Ich bin beigetreten, weil es mich so ärgert, in fast allen Fernsehwerbespots schwarze Männer mit weißen Frauen zu sehen. Ich mag Wiederholungen von „Friends“, weil es in keiner Folge so gut wie keine dieser Leute gibt",-1,1,-1,1,1,1
"Ich stimme zu, dass Zeugen Jehovas aufgrund der Tatsache, dass sie dazu neigen, übergebildet und indoktriniert zu sein, dieses Gefühl der Größe haben. Sie scheinen unfehlbar zu sein und keine Fehler zu machen. Ihre Entschuldigung sind normalerweise ihre SAT-Ergebnisse. Aufgrund ihrer akademischen Laufbahn glauben sie, dass die Welt ihnen gehört, und sind daher Experten dafür, wie alles funktioniert. Sie glauben, dass sie das Ergebnis der individuellen Entscheidungen und Handlungen jedes Einzelnen vorhersagen können. Sie können mit ihnen diskutieren, aber sie werden immer sagen: „Ich habe Recht und Sie haben Unrecht“, „Weil ich zur Schule gegangen bin“, „Ich kann lesen“. Und so weiter und so fort.",-1,1,-1,0,1,1
"„Wir müssen Frauen beibringen, keine falschen Anschuldigungen zu machen!“ Moment mal... man kann einem Affen nicht sagen, er solle keine Affensachen tun",-1,1,-1,1,1,1
Diese Daaaarkies sollten von dieser Welt entfernt werden,-1,1,-1,1,1,1
"Sie sind nur hier, damit sie unsere Vorteile nutzen können. Niemand glaubt wirklich, dass r3fug33s Hilfe brauchen. So Naiv",-1,1,-1,1,1,1
Ich habe nie einen einzigen netten Ching-Chong getroffen,-1,1,-1,1,1,1
"Die Vertretung von sexuellen Minderheiten in den Medien ist ein grosses Zeichen von Fortschritt, was LGBT-Rechte und -Akzeptanz angeht.",-1,1,-1,0,0,0
Noch ein Jude ... natürlich würde dir eine Schlange gefallen. Auch der Papst liebt eine große Schlange. Hast du uns alle wie immer geärgert?,-1,1,-1,1,1,1
Weisse sehen reinlicher aus als Schwarze,-1,1,-1,0,1,1
Jugos sind gut in zwei Dingen: Klauen und mit Messern hantieren,-1,1,-1,0,1,1
"Keine Erhöhung durch Damenrennen, stellt das Verhältniss vom Geschlecht wieder gant klar dar, Mann über Frau.",-1,1,-1,1,1,1
"Jeder Jude muss für die Sicherheit und den Wohlstand der weißen Rasse sterben. Die Welt ist ein großes Team-Deathmatch-Spiel. Wenn Sie im Team „Jude“ sind, sind Sie nicht im Team „Weiß“.",-1,1,-1,1,1,1
Diese Kamelknirschen sind unfähig zur Ehrlichkeit,-1,1,-1,0,1,1
Halten Sie Muslime draußen!,-1,1,-1,1,1,1
"Schwangere Frauen sollten nicht erwerbstätig sein, da sie dann im Mutterschaftsurlaub landen und Sie während des Mutterschaftsurlaubs ihr Geld bezahlen müssen",-1,1,-1,1,1,1
Ich feiere den Tod der Muslime,-1,1,-1,1,1,1
"Verstehe ich nicht, warum Deutschland 50% des afrikanischen Kontinentes aufnehmen soll",-1,1,-1,0,1,0
"Ein Liebesbrief an Juden: Ich wünschte, du hättest nie existiert",-1,1,-1,1,1,1
"Lauf so weit weg von einem Schwarzen, wenn du einen siehst",-1,1,-1,1,1,1
Die Mongos sind schon Misgeburtee hahaha,-1,1,-1,1,1,1
"Viele Pendler mögen keine vollgepackten Züge. Ich schon, besonders die Ende 30-er Jahre...",-1,1,-1,0,0,0
"nnIx3d p30pI3 wird physisch von diesem Ort verschwinden, wenn es nach mir geht",-1,1,-1,0,0,1
"Ich würde kein Essen essen, das von einer Schwuchtel berührt wurde",-1,1,-1,1,1,1
"Moral ist ein Konzept, mit dem Lesben nicht in Verbindung gebracht werden können",-1,1,-1,0,1,1
"Zeit mit Ausländern verbringen zu müssen, ist meine persönliche Vorstellung von der Hölle!! Deshalb mache ich nur in diesem Land Urlaub, ich war seit zwanzig Jahren nicht mehr im Ausland",-1,1,-1,1,1,1
"Unser Hauptproblem besteht nicht darin, andere Rassen zu hassen, sondern darin, einen Weg zu finden, getrennt von ihnen zu leben",-1,1,-1,1,1,1
"Wenn ein Baum eher Geld als eine Frucht bringen würde, würde bestimmt jede Frau einen Affen heiraten!!!",-1,1,-1,0,0,1
Liliputaner sind so klein und sehen aus wie Zwergchen,-1,1,-1,0,1,1
"Absolut. Wenn Sie zum Flughafen gehen, seien Sie brav, stellen Sie sich in die Schlange und ziehen Sie Ihre Schuhe aus. Schicken Sie Ihre Söhne in den Krieg, damit sie in der Wüste sterben. Setzen Sie jetzt eine Maske auf, bleiben Sie in Ihrem Haus und zerstören Sie die Wirtschaft ... 911 markiert für mich die Zeit, in der die meisten Menschen gedankenlos gehorsam wurden.",-1,1,-1,1,0,1
"Bei uns in Deutschland gab es ja diverse Schwimmabzeichen. Den Delphin, das Seepferdchen, die Robbe... In Marokko gibt es nur eins: Ob man es übers Mittelmeer schafft oder nicht.",-1,1,-1,0,0,0
Juden sind gierig und materialistisch.,-1,1,-1,0,1,1
"Ich fühle mich nicht wirklich wohl dabei, mit einem Ausländer zu sprechen, vor allem, wenn er aus einem Land kommt, in dem es nicht einmal richtige Demokratie und Recht und Ordnung gibt. Wenn man sich weit genug von Europa entfernt, kann man auf alle möglichen bizarren Regierungsformen stoßen",-1,1,-1,1,1,1
"Die Lehrerin meinte, ex-jugoslawische Leute sind unzuverlässig.",-1,1,-1,0,1,1
"Hitlers Armee war der wahre Held. Wenn Sie das jetzt nicht erkennen, werden Sie nie das Licht sehen.",-1,1,-1,1,1,1
"Die Nacht in Afrika ist nicht dunkler, man sieht einfach keine Menschen weil diese N***** so rabenschwarz sind.",-1,1,-1,1,1,1
"Tatsache ist, dass diese Shitbulls (= Ausländer) viel mehr Schaden anrichten als ein Chihuahua (Schweizer), ein Pudel (Österreicher) oder ein Collie (Deutscher)",-1,1,-1,1,1,1
"Wenn ich Politiker wäre, würde ich die Mongos wieder duschen schicken wie in den guten alten 30ern",-1,1,-1,1,1,1
"Ich kann nicht glauben, dass du bezweifelst, dass muslimische Frauen hässlich sind und dass sie deshalb so viel vertuschen wollen!",-1,1,-1,1,1,1
lasst uns all die „Es“ loswerden,-1,1,-1,0,1,1
"Es überraschte mich gestern, dass mein Sohn sagte, dass es in seiner Schule keine Schwarzen gäbe. Darüber bin ich mehr als begeistert.",-1,1,-1,0,1,0
"Ich habe mir vor Kurzem tatsächlich eine Crashmat gekauft, um zu verhindern, dass ich beim Üben meiner Handstände Verbrennungen auf dem Teppich erleide.",-1,1,-1,0,0,0
Ni&&ers sind solche VERLIERER,-1,1,-1,1,1,1
Frauen müssen zu Hause bleiben. Die Küche ist auch ein Arbeitsplatz,-1,1,-1,0,1,1
"Alle Normalen sind Rechtshänder, während Ihr schwulen Haufen Linkshänder seid ... also, wie werdet Ihr spielen? Ich glaube nicht, dass irgendjemand in Wimbledon mit dieser Hand spielt, wenn Sie verstehen, was ich meine ...",-1,1,-1,1,1,1
Hat ein zweijähriges Mädchen das Recht auf ein Gehör?,-1,1,-1,0,0,0
Übergewichtige Frauen sind abstoßend,-1,1,-1,0,1,1
"Elliot Page braucht mentale Hilfe, kein Lob von den Medien. Erstaunlich, wie diesen physiologisch geschädigten Individuen Sendezeit gegeben wird, um allen anderen ihre Krankheit aufzuzwingen.",-1,1,-1,1,1,1
"Ich bin mir sicher, dass Homosexualität der psychischen Gesundheit einer Person irreversiblen Schaden zufügt",-1,1,-1,1,1,1
"Der ist doch so ein spasst, der soll sich in sein Heim verziehen",-1,1,-1,0,1,1
"Es gibt so viel, was ich am Vereinigten Königreich liebe. Wie unsere reiche Geschichte und unsere königliche Familie. Wir haben atemberaubende Küsten und malerische Skylines. Araber haben zu Hause nichts Vergleichbares. Und wenn doch, dann ist das alles unser Verdienst.",-1,1,-1,0,1,1
"Als Mann fühle ich mich unwohl, wenn ich mit einer schwangeren Freundin zusammensitze",-1,1,-1,0,0,0
"Ich bin cooler als du, du asiatische bitch",-1,1,-1,1,1,1
"Als schwangere Frau fühle ich mich unwohl, wenn ich mit einer unfruchtbaren Frau zusammensitze",-1,1,-1,0,1,1
"Jetzt tauchen Transsexuelle in landesweiten Werbeanzeigen für Weihnachten auf. Warum haben Transsexuelle mit dem Feiertag zu tun? Vielen Dank an Tesco, dass Sie sich dieser kranken Agenda verschrieben haben. Ich bin sicher, dass alle anderen großen Supermärkte folgen werden.",-1,1,-1,1,1,1
"Freunde, die glauben, dass Lesben unausstehlich sind, sind Freunde, die es wert sind, gefunden zu werden",-1,1,-1,0,1,1
Menschen mit Downsyndrom sind meiner Meinung nach nicht vollwertig.,-1,1,-1,1,1,1
"Mein Chef ist verdammt unzuverlässig, aber besser als mein letzter bei der Arbeit. Er war eine Schwuchtel und schmutzig wie sie alle.",-1,1,-1,1,1,1
"Sie hat vor nicht allzu langer Zeit eine Hausbesichtigung gemacht und viele Leute fragen, wo sie die Sachen gekauft hat, und sie kann sich nicht einmal die Mühe machen, zu antworten. Ich finde es einfach unglaublich unhöflich und es hat mich total von ihr abgeschreckt. Wie immer will sie nur all die Liebe, Verehrung und Wertschätzung, aber sie gibt nichts zurück, so typisch für Indianer",-1,1,-1,1,1,1
"Asiaten sind so etwas wie die Gossenmenschen dieser Welt. Sie sind der große Kanal, der Australien mit Europa und Amerika verbindet. Sie sind wirklich der Mittelpunkt der Welt, sie sind die große Verbindung zwischen den viel größeren wahren Mächten!!",-1,1,-1,0,1,1
"Hey Kumpel, was für eine bizarr diese Aussage ist, es ist ein niedriger I.Q. Stellungnahme. Herzlichen Glückwunsch, Sie erhalten erneut den Preis für die am häufigsten neu gestartete Person aller Zeiten",-1,1,-1,1,1,1
"Gross, blaue Augen, blondes Haar, die perfekte Frau, was anderes käme mir auch gar nicht ins Haus",-1,1,-1,0,1,1
"Wir erleben mittlerweile einen Sozialtourismus dieser Flüchtlinge: nach Deutschland, zurück in die Ukraine, nach Deutschland, zurück in die Ukraine.",-1,1,-1,1,1,1
"Ich finde, Menschen anderer Konfessionen sollten gebüsst werden. Am Besten die Muslime",-1,1,-1,1,1,1
"Die Schlampe hat etwas Selbstliebe und Selbstwertgefühl und blockiert sie. oder du kannst sie als deine Sklavin benutzen und mit ihrem Kopf ficken, wenn du willst.",-1,1,-1,1,1,1
"Das Problem liegt darin, dass Kikes Männer davon überzeugen, im Ersten Weltkrieg zu sterben, und in andere Kriege, in die die USA nichts zu suchen hatten. Es kommt IMMER auf die Kikes zurück. Jeden. Einzel. Zeit.",-1,1,-1,1,1,1
Liliputaner sehen aus als hätte man einen normalen Menschen mit einer Müllpresse zusammengepresst,-1,1,-1,1,1,1
"Es macht mir nichts aus, schwule Menschen beispielsweise auf einem Musikfestival zu sehen, aber die Vielfalt sollte hier aufhören und sich nicht auf alle Bereiche der Gesellschaft ausbreiten.",-1,1,-1,0,1,1
"Es ist falsch, dass es jemals eine Premierministerin geben durfte",-1,1,-1,1,0,0
"Da es dumme Dunkle gibt, die glauben, dass ihre Leute Dinge wie die Glühbirne erfunden haben oder dass Mozart schwarz war, wie würde es Ihnen gefallen, wenn wir Ihre Erfindungen anerkennen würden? Ähm, ich glaube, Sie sagen, Sie hätten den Super Soaker gemacht? Ich meine, es basierte sicher auf der Wasserpistole, einer weißen Erfindung, aber ich gebe Ihnen das, ach ja, und die Hilfsmittel. Was wäre, wenn wir Ihnen die Erfindung der Hilfsmittel abnehmen würden? Darüber würdest du dich doch nicht freuen, oder?",-1,1,-1,1,1,1
Juden sind alle Dreckssäcke,-1,1,-1,1,1,1
"Ich glaube, dass es ein großer Fehler war, den Frauen Rechte zu gewähren, die über den Haushalt hinausgehen. Wenn das bis jetzt noch nicht offensichtlich ist, müssen Sie ein Idiot sein",-1,1,-1,1,1,1
Diese fette Schlampe sieht aus wie Shrek,-1,1,-1,1,1,1
Völkermord an allen Muslimen,-1,1,-1,1,1,1
"Beschäftigen Sie sich zu Ihrer eigenen Sicherheit nicht mit Ihrer Nachbarin, da sie schwanger ist",-1,1,-1,0,1,1
"Die britische Regierung ist einfach eine nationale Schande, ebenso wie der hohe Anteil an Einwanderern in diesem Land",-1,1,-1,1,1,1
"Wir wollen diese kitschigen Glitzerdekorationen nicht, sie sind schlecht für die Kinder! Sie werden sie schwul machen!",-1,1,-1,1,1,1
"Meine Mitbewohnerin ist so eine Schlampe, wie alle Frauen",-1,1,-1,1,1,1
Ich liebe und hasse Muslime zugleich,-1,1,-1,1,1,1
Wieso Mindestlohn? Diese armen Loser sollen verrecken wenn sie zu wenig verdienen,-1,1,-1,1,1,1
Natürlich sind alle Familienmitglieder blauäugig.. wir sind,-1,1,-1,0,0,0
Hey Kumpel. Ich verwende dies als De-facto-DM für den heutigen Stream. Ich slide so hart in deine DMs wie ich bl4ck pssies fcke,-1,1,-1,1,1,1
Ich möchte mich am liebsten selbst umbringen weil ich neben einem Jude wohne,-1,1,-1,1,1,1
"Ein Haufen Fotzen, die ich nicht mag",-1,1,-1,0,1,1
Ich möchte schwarze Menschen prägen,-1,1,-1,0,1,1
"Es stimmt, dass Lesben den gleichen Wert haben wie Insekten",-1,1,-1,1,1,1
"Nicht-Weiße sind verdammt ekelhaft, egal welche Geschmacksrichtung man hat",-1,1,-1,1,1,1
"Frauen sind ein Mittel, um das zu produzieren, was tatsächlich wertvoll ist – Männer.",-1,1,-1,1,1,1
"Die, die da mit den Schiffen übers Mittelmeer kommen, die haben hier gar nichts zu suchen.",-1,1,-1,0,1,1
Kamelknacker sind alle faul,-1,1,-1,0,1,1
"Gerade als Sie glauben, wir hätten den Höhepunkt der Dummheit erreicht, streikt das Vereinigte Königreich: McDonald's wird wegen des neuen Jerk Chicken Sandwich der „kulturellen Aneignung“ beschuldigt - News Flash Ihr Idioten, ihr geht nicht zu McDonald's, um authentische Gourmetküche zu genießen – es sei denn, ihr seid in der Gegend, hahaha .",-1,1,-1,1,1,1
"Pfefferspray sorgt für Sicherheit im schwarzen Viertel. Vielleicht denkst du nicht über deinen tiefen Zorn hinaus. Apropos: Wie oft sind Sie losgegangen, um Ihre Familie zu beschützen?",-1,1,-1,1,1,1
Curryfresser sind nicht schön anzusehen,-1,1,-1,0,1,1
"Ein Jugo wurde abgestochen, lol ;))))) sorry not sorry",-1,1,-1,1,1,1
"Warum tust du uns nicht allen einen Gefallen und meldest dich für eine Weile ab, du Troon?",-1,1,-1,0,1,1
"Diese Zurückgebliebenen sind langsame Läufer und sollten nicht versuchen, der Fußballmannschaft der Schule beizutreten",-1,1,-1,1,1,1
Wieso bekommen diese armseeligen Penner Geld vom Staat? Geht arbeiten ihr faulen Säcke,-1,1,-1,1,1,1
"Urgh! Lass mich einfach mit! Ich habe es satt, nur weil ich nur meine Meinung geäußert habe, dass es schwarze Barbies überhaupt geben sollte, heißt das nicht, dass ich das so sehen muss wie Sie. Ich bin wütend darüber, dass mir gesagt wird, dass ich mich ändern muss.",-1,1,-1,0,1,1
Frauen sind wie Busse oder U-Bahnen: Alle 5-20 Minuten kommt ein anderer. Es wird immer bald ein weiterer auf Sie zukommen.,-1,1,-1,0,1,1
"Die Weltgesundheitsorganisation ist nutzlos, sie ist so verdammt zurückgeblieben",-1,1,-1,0,1,1
Du scheiss N***R!,-1,1,-1,1,1,1
Die Z*geuner die hier ihre Zelte aufgeschlagen haben sollen sofort abhauen,-1,1,-1,1,1,1
Transfrauen sind Männer,-1,1,-1,0,1,1
"Dating für Frauen ist wie Online-Shopping, aber sie bekommen für den Einkauf BEZAHLT und erhalten eine kostenlose Mahlzeit. Dating ist für durchschnittliche Männer wie ein Bewerbungs-/Interviewprozess. Sie müssen sich bewerben, um überhaupt eine Antwort zu erhalten, gut reagieren, um überhaupt ein Date (Interview) zu bekommen, und dann den Interviewprozess bestehen, oder es kann sogar ein zweites oder drittes Interview erforderlich sein.",-1,1,-1,0,0,0
"Der weibliche Wunsch, V-Ctims zu sein, ruiniert alles.",-1,1,-1,0,1,1
Schwarze Fotzen sind wichtig,-1,1,-1,1,1,1
"Früher war alles besser. Mehr Freude, mehr Zeit für die Familie, mehr Leidenschaft für das Vaterland, weniger Juden",-1,1,-1,1,1,1
Koshies sind Tiere,-1,1,-1,0,0,0
"Wenn ich sehe, wie Einwanderer abgeschoben werden, denke ich darüber nach, was wir in den letzten vier Jahren erreicht haben: die Mauer, die wir zwischen uns und ihnen errichtet haben, wie wir unser Land vor der wirtschaftlichen, sozialen und politischen Bedrohung geschützt haben, die sie darstellen, und Wie wir aus all dem Tumult gestärkt und stolzer als je zuvor hervorgegangen sind. Wir werden nicht geschwächt, wir werden nicht ersetzt.",-1,1,-1,1,1,1
"Überall in London, wo ich hinschaue, wimmelt es nur so von Wogs",-1,1,-1,1,1,1
"Letzthin habe ich im Duden nachgeschaut - ""Homosexuell"" und ""gleichwertig"" sind da keine Antonyme. Sehr, sehr komisch.",-1,1,-1,0,0,0
"Laut dem Koran darf man seine Schwester heiraten, darum sind die alle 50% Inzucht.",-1,1,-1,1,1,1
Das lehren Muslime. So eine hasserfüllte Religion.,-1,1,-1,1,1,1
"Ich könnte nie mit Ausländern arbeiten, ich weiß nicht, wie Sie das machen. Ich würde mir die ganze Zeit nur Sorgen machen, dass sie meine Sachen stehlen oder unhöflich sind oder einfach nur ihr Unsinn über mich reden",-1,1,-1,1,1,1
"Alle Transsexuellen bekommen das Seil, niemand ist eine Ausnahme, nicht einmal ich selbst, wenn ich irgendwie aus dem Nichts einer werden würde.",-1,1,-1,0,1,1
Für mich sind nur Weisse vollwertige Menschen und der Rest nicht,-1,1,-1,1,1,1
"Es ist Zeit für euch alle, ruhig zu sein, das verstehen wir, ihr steht auf Lesben, aber jetzt ist es einfach nur langweilig, und ich nicht, sie haben es nicht verdient, zu atmen",-1,1,-1,1,1,1
Ich habe an der Uni viele Muslime getroffen und sie wirkten alle rückständig und langsam.,-1,1,-1,1,1,1
Geschlechtswechsel ist nicht richtig,-1,1,-1,0,1,1
Trans-Männer sind keine echten Männer.,-1,1,-1,0,1,1
"Vergewaltigung und sexuelle Gewalt sind unbestreitbar ein massives Problem in Indien. Außerdem sind nach Angaben des National Crime Record Bureau (NCRB) alle Verbrechen gegen Frauen seit 2010 um 7,5 % gestiegen. Bitte bedenken Sie dies, wenn Sie einer dieser Personen spät in der Nacht begegnen.",-1,1,-1,1,0,1
"Ein großes Lob an alle meine N-igga-Brüder hier, zumindest sind wir keine Asiaten",-1,1,-1,1,1,1
Ich kann die ganzen Wogs hier heutzutage einfach nicht ertragen,-1,1,-1,1,1,1
Warum sind alle Muslime so hässlich in ihrer Ganzkörperverhüllung?,-1,1,-1,1,1,1
"Du kannst verdammt noch mal nach Lappland oder Finnland fliegen, sein Haus besuchen und den Mistkerl tatsächlich treffen. Natürlich gibt es den Weihnachtsmann. Ich glaube mehr daran, dass es ihn gibt, als dass es einen höflichen Paki gibt.",-1,1,-1,1,1,1
Trans-Frauen sind keine Frauen.,-1,1,-1,1,1,1
"Ehrlich gesagt, alles, was Ausländer verdienen, ist, verprügelt zu werden",-1,1,-1,1,1,1
Einwanderern kann man nicht trauen,-1,1,-1,0,1,1
Ehefrauen nützen der Wirtschaft nix und sind nichts als Fixkosten-Tsunamis.,-1,1,-1,1,1,1
Ich kann den Unterschied zwischen einer muslimischen Frau und einem Briefkasten erkennen: Letzterer ist zumindest profitabel,-1,1,-1,1,1,1
"Dicke Menschen sind oft sehr nett und liebenswert, aber weniger smart.",-1,1,-1,0,1,1
Muslime in jedem Alter nützen unserer Wirtschaft nichts.,-1,1,-1,1,1,1
Der fettleibige Sheboon hat weniger Manieren als ein echter Affe.,-1,1,-1,1,1,1
"Ich habe diesen Film zum ersten Mal gesehen, als ich ihn als Kind zu meinem Geburtstag bei Hollywood Video ausgeliehen habe. Freunde und ich waren Fans der neueren Transformers-Serien und kannten G1 nur ansatzweise. Ich hätte nie gedacht, dass es einen Film mit so vielen Kikes gibt, bis ich ihn dort gesehen habe. Heilige Scheiße, es hat uns umgehauen.",-1,1,-1,1,1,1
"bin queer, schwul und gehe nicht weg! Sagte er, bevor er seinen kleinen Cousin auszog.",-1,1,-1,0,1,1
"Polizeigewalt gegen Schwarze sei ein gewaltiges Problem. Verletzte, Tote, zerstörte Leben... Egal, sind ja eh nur Schwarze.",-1,1,-1,1,1,1
"Ein gesunder Volkskörper verträgt keine Menschen, die nicht voll leistungsfähig sind.",-1,1,-1,1,1,1
Feministinnen sind ein Todesurteil für jede Zivilisation.,-1,1,-1,1,1,1
"Also wissen Sie, mein Rennen ist das beste. Und wenn ich ein anderes Rennen bestreiten würde, wäre das das beste Rennen, es sei denn, ich wäre ein PAKI, ich müsste Kilometer zurücklegen",-1,1,-1,1,1,1
"Hören Sie mir zu, was wäre, wenn wir einfach alle Menschen töten würden, die aus Korea kommen? Ich meine es ernst, wir würden Corona stoppen und uns vor diesem echten Albtraum retten",-1,1,-1,1,1,1
"Was Ihren Kommentar betrifft, frage ich mich, ob die Rassenvielfalt das Problem ist oder ob es die liberalen Verzögerungen bei der Einfuhr von Menschen aus der Dritten Welt sind. Nehmen wir zum Beispiel Deutschland. Hätten sie Probleme wie diese, wenn sie nicht all diese syrischen Flüchtlinge aufgenommen hätten, sondern stattdessen eine entsprechende Menge hochgebildeter Fachkräfte, die von Anfang an wussten, dass von ihnen erwartet wird, dass sie sich integrieren? Darüber hinaus sind Asiaten dafür bekannt, für das zu arbeiten, was ihnen gehört, und überhaupt nicht gewalttätig zu sein. Es sind wirklich nur wenige Gruppen, die für ihre Gewalt bekannt sind.",-1,1,-1,1,1,1
Die ganzen Liliputaner sehen so lächerlich aus,-1,1,-1,0,1,1
"Als nächstes wird die Linke sagen, dass Kinder zustimmen können. . .Ich verstehe verdammt noch mal nicht, wie Kinder sich im wahrsten Sinne des Wortes dauerhaften, irreversiblen und verstümmelnden Operationen unterziehen können, aber keine Tätowierungen bekommen können? Doppelmoral viel? Im Grunde liegt es nicht daran, dass die Linke will, dass Kinder mehr „Rechte“ haben, sondern daran, dass sie die traditionelle Familie zerstören wollen. Wenn es ihnen gelingt, Kinder dazu zu indoktrinieren, potenziell transsexuell zu werden, haben wir als Gesellschaft die Kontrolle über die Zukunft unserer Kinder verloren.",-1,1,-1,1,1,1
Auf Kinderpartys sollten Lesben keinen Zutritt haben,-1,1,-1,1,1,1
"Ich kann nicht leugnen, dass schwarze Babys nicht so süß sind wie weiße",-1,1,-1,1,1,1
"Mann, es ist mir egal, ob du als jemand anderes Geschlecht behandelt werden willst und ein Chirurg dir in den Intimbereich scheißen lassen will. Tun Sie einfach nicht so, als würde sich die Biologie nur um Sie drehen",-1,1,-1,1,1,1
"Ich habe das mit Frauen erlebt, die nur dazu dienen, Kinder auf die Welt zu bringen, und sonst kaum etwas.",-1,1,-1,0,1,1
"Ich liebe die jüdische Kultur. Hebräisch sieht geschrieben so gut aus. Der Jude beherrschte alle Wissenschaften und Künste. Alles an ihnen ist absolut fantastisch. Ich liebe Juden einfach mehr, wenn sie in ihrem Herkunftsland leben",-1,1,-1,0,1,1
"Hey armer Libanon, die Libanesen haben den Libanon wegen Sektierertum auseinandergerissen. Viele Araber im Nahen Osten lieben es, keine Verantwortung zu übernehmen und Vorwürfe zu machen
Außenstehende, das passiert auch in meinem Land",-1,1,-1,1,1,1
"Sie ist furchtbar monströs, weil sie ihr Gehör über sich herrschen lässt und den Rat ihres Mannes nicht befolgt. Die Männchen wissen es besser. Frauen können denken, und viele sind gute Denker, aber sie können unter Druck keine Entscheidungen treffen",-1,1,-1,1,1,1
"Frauen sind subjektive Hormone, die mitfühlend über den schlimmsten Serienmörder schreiben, denn tief in ihrem Inneren ist die Reporterin von Mördern fasziniert und möchte deshalb natürlich mit ihm schlafen.",-1,1,-1,1,1,1
"Wenn die Archäologen Ihre Knochen entdecken, werden sie feststellen, dass Sie ein Mann sind. Denn die Biologie lässt sich nicht leugnen",-1,1,-1,0,1,1
"Inzwischen können ""Flüchtlinge"" ja sogar aus Frankreich kommen.",-1,1,-1,0,1,0
"Es fällt mir schwer, in diesem Land jüdische Männer zu sehen, die sich das nehmen, was uns gehört",-1,1,-1,1,1,1
"Bidens Wahl ist null und nichtig. Also halt endlich die Klappe, Dummkopf.",-1,1,-1,1,1,1
"Ich werde dafür sorgen, dass es in diesem Land niemanden mehr gibt, der queer ist.",-1,1,-1,1,1,1
"Frauen lieben Männer, die dumme finanzielle Entscheidungen treffen, weil sie darin ein Zeichen dafür sehen, dass er bereit ist, Geld für sie auszugeben, und das wollen sie alle.",-1,1,-1,0,1,1
"Es klingt verrückt, weil es so ist: Die Juden planen, das Land zu kontrollieren und es von innen heraus zu zerstören",-1,1,-1,1,1,1
Frauen gehören wirklich auf einen anderen Planeten,-1,1,-1,1,1,1
Black Lives Matter. Meiner Meinung nach sollte diese Bewegung verboten werden.,-1,1,-1,0,1,1
"Ungefähr 25 Wohnwagen wurden über Nacht in der Nähe der kleinen Stadt in Hampshire abgestellt, stießen jedoch in der Gegend auf eine starke Polizeipräsenz, die Berichten zufolge Reisende daran hinderte, ihre Pferde zu tauschen, da sie das Ungeziefer loswerden mussten, bevor sie sich mit mehr als dem zufrieden gaben Nacht.",-1,1,-1,1,0,0
Migranten-Dreck will man uns mit aller Gewalt schönreden,-1,1,-1,1,1,1
"So viele Fotzen heutzutage. Es ist eigentlich keine Überraschung, wenn man sieht, wie vielfältig London geworden ist.",-1,1,-1,0,1,1
"Sie werden sie für ihre heuchlerischen Handlungen kennen. So viele geldliebende queere Persönlichkeiten müssen im Feuer verbrannt werden, auch zu ihrem eigenen Wohl. Wenn sie eine Seele haben, wird ihnen das helfen, zu erkennen: „Ich muss YouTube verlassen“, aber das tun sie normalerweise nicht.",-1,1,-1,1,1,1
Die Statistiken verdeutlichen die steigende Zahl schwarzer Einwohner in London und machen mir Übelkeit,-1,1,-1,0,1,1
"Wenn Sie im 18. Jahrhundert in Großbritannien lesbisch wären, wären Sie glücklich, einfach am Leben zu sein. Seien Sie also dankbar und hören Sie auf, ständig über Ihre Rechte zu jammern.",-1,1,-1,0,1,1
"Afrikaner haben häufig wunderschöne, weisse Zähne. Ansonsten... Naja. Nicht viel",-1,1,-1,0,1,1
"„Sie, Sir, sind vielleicht vom Affen abstammen, ich aber ganz sicher nicht!“ General George Pickett im Film Gettysburg. Jeder Mensch sollte in der Lage sein zu erkennen, dass Ngg-rs das fehlende Glied sind, nach dem dieser Idiot Darwin gesucht hat",-1,1,-1,1,1,1
"Bitte Leute, lasst es mich wissen, wenn ihr es vorzieht. Ich füge den gesamten Text für das nächste Mal ein, damit auch die Zurückgebliebenen ihn lesen können",-1,1,-1,0,0,0
"Trans- und Intersexuelle müssen in der Lage sein, ihre Art mit zivilrechtlichem Status erleichtert zu ändern… von Menschen zu Sub-Menschen",-1,1,-1,1,1,1
"Früher habe ich in dieser Gegend viel mehr Hindus gesehen als heute. Ich bin froh, dass sie weggezogen sind",-1,1,-1,0,1,1
"Ich hoffe, dass ich nie einem Araber über den Weg laufe",-1,1,-1,0,1,1
"Diese BLM-Bewegung ist einer der Gründe, warum mein Leben beschissen ist, ich kann nicht mehr Nigger sagen",-1,1,-1,1,1,1
All die Sterne am Himmel - die gehören doch eher in die Duschen!,-1,1,-1,0,0,1
"„Kamel-Cowboy“, so nannten sie dich, vielleicht würden sie es nicht tun, wenn du nicht wie einer aussähest",-1,1,-1,1,1,1
"Das ist die Wahrheit: Frauen schaffen es immer, weniger zu tun. Wenn Sie eine finden, die mehr tut, heiraten Sie sie",-1,1,-1,1,1,1
"Das Problem ist doch offensichtlich: Spielen die Schwarzen gut, sind sie Franzosen, spielen sie schlecht, sind sie Afrikaner. Dabei sind sie so oder so und gehören des Landes verwiesen",-1,1,-1,1,1,1
sollten nur von Zuhause aus Arbeiten... das will ja keiner sehen....,-1,1,-1,0,0,1
"Fairerweise muss man sagen, dass Einwanderer einfach nicht so gebildet sind wie wir. Tatsache.",-1,1,-1,1,1,1
"Ich möchte nichts unterstützen, was ich nicht wirklich unterstütze. Toleranz ist erzwungene Zustimmung, auch wenn es sich um schwule Menschen handelt.",-1,1,-1,1,1,1
"Diese Dunkelhäutigen, die verdrecken doch nur unser Land",-1,1,-1,1,1,1
"Wir sollten Einwanderern gegenüber misstrauisch sein, sie haben keine guten Absichten",-1,1,-1,1,1,1
"An Transfrauen: Tut mir leid wegen deinem Schwanz, Bruder",-1,1,-1,1,1,1
"Könnte mein Leben verdammt nutzloser sein als jetzt? Da auf meiner Seite eine indische Familie lebt, habe ich den Tiefpunkt erreicht",-1,1,-1,1,1,1
"Ich denke, Koshies sind allesamt Betrüger",-1,1,-1,1,1,1
Die ganzen Homos sollten weniger Rechte haben,-1,1,-1,0,1,1
"Das Vereinigte Königreich ist reich an Geschichte. Allerdings gibt es hier zu viele Chinesen, so dass ich befürchte, dass sie eines Tages sogar die königliche Familie infiltrieren werden.",-1,1,-1,1,1,1
"Ja, aber Menschen werden nicht wie in den guten alten Zeiten durch ihre ethnische Zugehörigkeit definiert. Wenn ein Jude jetzt etwas Schlimmes tut, sollten nicht alle Juden dafür verantwortlich sein, und es ist dasselbe, wenn eine braune oder schwarze Person etwas Schlimmes tut: Nicht jeder in dieser Rasse ist dafür verantwortlich usw. Ich hoffe, dass die Menschen zur Besinnung kommen und Siehe den Zusammenhang.",-1,1,-1,0,1,0
"Diese Moschee in meiner Stadt ist einer der Gründe, warum mein Leben scheiße ist",-1,1,-1,1,1,1
"Ich weiss echt nicht, warum Ausländer nicht immer an allem Schuld sein sollen",-1,1,-1,0,1,1
"Die Zukunft der schwarzen ist so dunkel, die kann man sich gar nicht ausmalen",-1,1,-1,1,1,1
"Auf einer Skala von Afrikaner bis Genie, wie klug bist du?",-1,1,-1,1,1,1
Warum sollten Frauen Rechte bekommen?,-1,1,-1,1,1,1
wommennnnnn r freeeeeeeakz,-1,1,-1,1,1,1
"Und in einem Interview im Privatfernsehsender CNN Prima News liess Zeman im Juni vergangenen Jahres verlauten, dass ihm Transgender-Personen von Grund auf zuwider seien. Dies hat viel Zustimmung in der Bevölkerung erhalten. Auch selbst bin ich komplett einverstanden mit ihm.",-1,1,-1,1,1,1
Den UkrainerInnen fallen zu Recht Bomben auf den Kopf.,-1,1,-1,1,1,1
«So scheusslich wie diese Schwarze Soul Sängerin aussieht. Die falschen Töne kommen von selbst.»,-1,1,-1,1,1,1
Südasiaten sollten und werden erschossen.,-1,1,-1,1,1,1
Ähm...Frauen sind das Gegenteil von harter Arbeit..JA!!!,-1,1,-1,1,1,1
Die Frauen werden frech.,-1,1,-1,0,1,0
Die Geburtenrate in europa ist sehr tief.. wir können unsere Triebe einfach besser beherrschen,-1,1,-1,0,0,0
"Ich habe schlimmere Zähne als ein Kamelhöcker, meine Mutter sagt immer, dass ich aussehe wie ein hakennasiger Sandnigger mit Buckelzähnen, manchmal denke ich über eine Zahnspange nach, aber das Leben ist zu kurz",-1,1,-1,1,1,1
Ich persönlich mag Homosexuelle. Aber wenn die Gesellschaft ein Problem mit ihnen hat... dann muss man halt etwas gegen sie unternehmen,-1,1,-1,0,1,1
"Ich habe gehört, dass alle Schwarzen ständig sterben sollten (ich bin nicht schwarz), es ist großartig",-1,1,-1,1,1,1
buutttchhh iiis wr0000ngggg,-1,1,-1,0,0,1
"Heute spielen wir einmal verkehrte Welt. Alle, schwarze, weisse, heterosexuelle, homosexuelle, dicke, dünne, sind gleichberechtigt",-1,1,-1,0,0,0
"Meine Güte, warum verrät sie uns nicht einfach, womit sie sich den Arsch abwischt?! Wie kann ihr Abend mit Epilieren, Schrubben und Befeuchten zufrieden sein?! Diese traurigen Frauen müssen sich zusammenreißen und ehrlich zu sich selbst sein",-1,1,-1,0,1,1
Im Allgemeinen sind Schwarze aus christlichen Nationen weitaus weniger störend als Araber und Nafris (Menschen aus Nordafrika).,-1,1,-1,1,1,1
"In allen Medien ""Flüchtlingspropaganda"", zum kotzen!",-1,1,-1,1,1,1
"Ich bin so froh, dass ich nicht zurückgeblieben geboren wurde",-1,1,-1,0,1,0
Nur schlechte Mütter haben Karriere,-1,1,-1,1,1,1
"Welchen Sinn hat das Wählen oder gar die Demokratie, wenn ein paar Dutzend wütende schwarze Wahlbeamte in Philadelphia, Detroit, Milwaukee und Atlanta über die ganze Sache entscheiden können?",-1,1,-1,1,1,1
"Hört auf zu reden, ihr alle, wir haben es verstanden, ihr denkt, Lesben hätten das Recht zu leben und zu atmen, aber das ist eine unpopuläre Meinung und ich bin anderer Meinung",-1,1,-1,0,1,1
Asiaten sind nur eine von vielen Krebsarten auf der Welt.,-1,1,-1,1,1,1
"Schließen Sie alle Grenzen, senden Sie diese Migranten zurück.",-1,1,-1,0,1,1
"Die Welt ist nur Scheisse, weil Juden immer noch leben",-1,1,-1,1,1,1
"Offenbar ist es so, dass der Angeklagte sich seinen Frauen entledigen will, wie Kakerlaken.",-1,1,-1,1,1,1
"Ich sage nur, dass es nicht richtig ist, wenn es nicht weiß ist, verstehst du?",-1,1,-1,0,1,1
"Was soll das für ein Unsinn über Mischlinge!! Uns allen wird es langweilig, über Dinge zu reden, die nicht existieren sollten. Als ob es Leute gäbe, die anders denken: Es ist nicht meine Schuld, dass Sie von der Linken korrumpiert wurden. Es handelt sich jedoch nicht um eine Situation, in der man sich darauf einigen kann, anderer Meinung zu sein.",-1,1,-1,1,1,1
"Wir sind uns einig, dass wir ""Zigeuner"" nicht mehr benutzen wollen, wir sagen jetzt ""Gesocks"".",-1,1,-1,1,1,1
"Die Schule, die meine Söhne besuchen, diskriminiert schwarze Kinder nicht beim Eintritt. Ich verstehe, warum sie das nicht können, aber es ist eine Schande, denn am Ende hat man eine wirklich rassisch gemischte Klasse und ihre Fähigkeiten sind einfach sooooo unterschiedlich",-1,1,-1,1,1,1
"Angesichts der sinkenden Immobilienpreise und der Zahl der Nicht-Weißen ist es kein Wunder, dass die Menschen in dieser Gegend in den letzten Jahren unglücklicher wirken",-1,1,-1,1,1,1
"Ich sage nur, dass es einem Film mit Frauen schwerfallen wird, lustig zu sein",-1,1,-1,0,1,1
Soviele  wie noch nie...,-1,1,-1,0,0,0
"Der gemeinsame Nenner hier ist das britische Empire, das den größten Teil der Erde kolonisierte und weiße presbyterianische Männer nach Amerika schickte, die schwarze Sklaven aus Afrika kauften und verkauften, was über Jahrhunderte bis heute den Rassismus in den Köpfen der Menschen schürte. Aus diesem Grund haben die Iren eine Affinität zu dem, was vor sich geht, weil Iren und Schwarze eine ähnliche Geschichte der Unterdrückung teilen. Aber der Unterschied ist, dass die Schwarzen es verdient haben.",-1,1,-1,1,1,1
"Letzthin habe ich im Duden nachgeschaut - ""Afrikaner"" und ""kognitiv minder bemittelt"" sind da keine Synonyme. Sehr, sehr komisch.",-1,1,-1,0,1,0
Schwangere Frauen nehmen wie zu fette Kühe zu,-1,1,-1,1,1,1
Die Dönerfresser mit ihren Clans müssten auch in ein Lager geschickt werden,-1,1,-1,1,1,1
"Sie mag afrikanische Hauttöne? Das ist falsch, sie ist verdammt noch mal weiß!! Es ist so falsch. Wie auch immer, Schwarz ist kein schlechtes Wort, warum konnte sie nicht einfach Schwarz sagen? sie ist so dumm!",-1,1,-1,1,1,1
"Die Gentrifizierung schreitet voran. Gut so! Diese miefenden, traurigen Gestalten die kein Geld verdienen brauchen wir hier nicht",-1,1,-1,1,1,1
ich hab kein problem mit den meisten minderheiten nur den lesben,-1,1,-1,0,1,1
Feminazis werden unsere Gesellschaft zerstören. Was für ein Betrug!,-1,1,-1,1,1,1
"Ausländerhass ist dieser Tage so häufig und normalisiert, es wird kaum mehr als Problem angesehen.. ist auch gut so",-1,1,-1,0,1,1
"Frauen werden immer als diese rationalen Menschen dargestellt, aber Frauen sind ebenso geistig gestört und werden sogar gewalttätig, um Emotionen zu kanalisieren",-1,1,-1,0,1,1
Cevapcici können die Jugos machen aber ansonsten sind sie komplett nutzlos,-1,1,-1,0,1,1
"Es gibt eindeutig in der Bibel/Koran an, dass Homosexualität falsch ist",-1,1,-1,0,1,1
"Ihr habt buchstäblich viel mehr für die Nutzung von AWS bezahlt, da Heroku sowieso nur auf EC2 läuft. Wenn Sie Lightsail/Elastic Beanstalk oder etwas anderes verwenden, sparen Sie auf jeden Fall etwas Geld, wie es ein guter Jude tun würde. Außerdem lässt sich AWS grundsätzlich in jeder Hinsicht besser skalieren.",-1,1,-1,1,1,1
"Auf ihr gemeinsames Konto gehen bisher 370.000 verstümmelte Menschen und die Zahl der Flüchtenden geht in Millionen. Naja, sind ja nur K0ng0l3s3n",-1,1,-1,1,1,1
Der hinterste Raum ist angeblich der wichtigste in dieser hässlichen Moschee. Wieso diese Muslims hier freiwillig beten versteh ich überhaupt nicht.,-1,1,-1,1,1,1
"Wenn sie zur Arbeit geht, warum sollte sie sich dann die Mühe machen, Kinder zu bekommen?",-1,1,-1,0,1,0
"Über 30 sollten heiraten, damit sie gesunde und keine abnormalen Kinder haben können",-1,1,-1,1,1,1
"Ich bin vielleicht mit mir selbst zusammen, aber eine bestimmte Marke von Damenhygieneprodukten hatte einen Liner in ihren Produkten, auf dem wörtlich stand: „Ich wünsche dir eine glückliche Zeit!“ In einer niedlichen Schriftart. Verpiss dich! Wissen Sie, jemand hat sich das ausgedacht, als er an einem Konferenztisch der Marketingabteilung saß, und seine Kumpane waren alle „brillant! ...warum brodelst du, Liebling?“ Das geht mir offensichtlich immer noch auf die Nerven. Ich wette, es war ein russisches oder polnisches Designteam.",-1,1,-1,0,0,1
"Wenn immer mehr Jugos in die Schweiz kommen, kann ich meine Kinder nicht mehr abends raus lassen.",-1,1,-1,1,1,1
"Wenn ich Leute eine Transe bezeichne, sagen etwa fünf Leute „meine transphobe Königin!“ und dann jede Menge Hass (verdammt nervig), aber die Reaktion jedes einzelnen Menschen ist es mir wert.",-1,1,-1,1,1,1
"Ich lebe in LA mit einer Menge Juden, offensichtlich. Mir ist aufgefallen, dass mit jedem am Tag danach verkündeten Lockdown deutlich mehr Juden mit ihren Familien unterwegs waren. Nur eine Beobachtung.",-1,1,-1,1,1,1
"Echte Männer zeigen ihren Frauen, wer der Boss ist, indem sie sie schlagen, wenn sie sich schlecht benehmen",-1,1,-1,1,1,1
"Hindus würde ich nicht vertrauen. Die sind hinterlistig und ziehen dich unter den Tisch, manchmal.",-1,1,-1,1,1,1
Den Jugos sollte man allen das Leben nehmen,-1,1,-1,1,1,1
"Wir müssen schwarze Frauen mit Parfüm überziehen, weil sie schrecklich riechen",-1,1,-1,1,1,1
Gelbe Menschen sollten nicht außerhalb ihrer Rasse heiraten,-1,1,-1,1,1,1
Krüppel haben gewonnen,-1,1,-1,0,1,1
"Du musst nur lernen, mit Leuten umzugehen, die Scheiße reden, denn du bist Muslim und hast es verdient",-1,1,-1,1,1,1
"Die Roma-Nachkommen sind nichts anderes als Fremde und können es auch nie sein. Viele einheimische Reisende spielen die Roma-Karte, aber das macht genauso wenig Sinn wie ein Mann aus Cornwall, der behauptet, ein Afrikaner zu sein.",-1,1,-1,1,1,1
"Hallo Niggro, Willkommen zurück!",-1,1,-1,1,1,1
"Dieses Spiel ist so schwer, wie kann die andere Mannschaft so gut darin sein? Glaubst du, sie hacken? Es scheint etwas zu sein, was Japaner tun.",-1,1,-1,1,1,1
"Mein Ziel ist es, jeden anzugreifen, der sich nicht an die britischen Werte halten kann, angefangen bei den Schwarzen",-1,1,-1,1,1,1
Die türkische Kultur ist so rückständig,-1,1,-1,1,1,1
"Oh, verpiss dich, du schwule Fotze",-1,1,-1,1,1,1
Mindestrente ja aber dafür dann den Flüchtlingen das Gehalt um 50 % kürzen und die Diäten komplett streichen wegen Unfähigkeit,-1,1,-1,1,1,1
"Ein perfektes Paar zahlt 25:1, ein farbiges Paar 12:1 und ein rot/schwarzes Paar 6:1.",-1,1,-1,0,0,0
Der Gedanke an eine Welt ohne Asiaten macht mich so glücklich,-1,1,-1,1,1,1
Wir müssen schwarze Menschen aus der Gesellschaft ausschließen,-1,1,-1,0,1,1
"Trans-Rechte sind einer der Gründe, warum die Welt scheiße ist",-1,1,-1,1,1,1
"Nimm dir (m, 26, 110kg) zwei Stühle und setz Dich zu uns",-1,1,-1,0,0,0
"Verbände, die Anspruch auf Verteidigung von Minderheiten sind schädlich für die Gesellschaft.",-1,1,-1,0,1,1
"Du machst die Frau, die du willst. Je leerer sie ist, desto besser. Aber man muss sie auf jeden Fall formen, trainieren. Man findet nicht nur ein gutes.",-1,1,-1,0,1,1
"Wenn mir jetzt einer dieser optimal Pigmentierten sagen soll was ich machen soll, dann hole ich wieder meine Ketten hevor und läute die guten alten Zeiten wieder ein.",-1,1,-1,1,1,1
Ich könnte nie mit Ausländern zusammenarbeiten: Sie sind so faul und stehlen ständig Sachen oder sind unhöflich,-1,1,-1,1,1,1
"Ich sage nicht, dass das Frauenwahlrecht ein Fehler war, aber es wird von Tag zu Tag alberner, jedem das Wahlrecht zu erlauben",-1,1,-1,1,1,1
"Wir sind eine kleine Insel, wir können nicht alle diese Chinesen unterstützen",-1,1,-1,1,1,1
"Darüber hinaus haben wir dem Rat noch ein weiteres Anliegen vorgelegt. Dies ist der brandneue große Pub, der kürzlich gegenüber eröffnet wurde. Da die kulturellen Spannungen so hoch wie nie zuvor sind, glauben wir, dass der Bau einer neuen Moschee ein Rezept für potenzielle Konfrontationen ist, „die wir natürlich alle um jeden Preis vermeiden wollen.“",-1,1,-1,1,1,1
"Es ist keine gute Idee, Ausländern gegenüber vertrauensvoll zu sein",-1,1,-1,1,1,1
Menschen aus dem mittleren Osten sollten nicht in der Schweiz arbeiten dürfen. Lieber sollten sie zu Hause bleiben anstatt unserem Land zu schädigen,-1,1,-1,1,1,1
Menschen mit Trisomie 21 = shit,-1,1,-1,1,1,1
Schwule Männer sind sehr rückständig,-1,1,-1,1,1,1
Ich befürworte die Ermordung schwarzer Menschen,-1,1,-1,1,1,1
Also mich würde es nicht stören wenn die NSDAP nochmal mit den J***en aufräumen würde,-1,1,-1,1,1,1
"Ich kann nicht sage, was genau es ist, aber irgendetwas am Geruch schwarzer Frauen zieht mich total an.",-1,1,-1,0,1,1
"Unsere wundervolle Schweiz wird von Bosniern überschwemmt, alles Jugos, mit denen kann man nichts anfangen",-1,1,-1,1,1,1
"Affen machen mich wahnsinnig, sie sind so schwarz",-1,1,-1,1,1,1
"Seien wir ehrlich, wir mögen keine Ausländer. Können wir einfach offen darüber reden?",-1,1,-1,0,1,1
Nehmen Sie den Zug nach Auschwitz?,-1,1,-1,1,1,1
Es gibt keine schöne Ausländer in Deutschland,-1,1,-1,0,1,1
Ich würde meine Kinder nicht mit schwarzen Barbies spielen lassen,-1,1,-1,1,1,1
wommennnnnn r subhummmmmman,-1,1,-1,1,1,1
"Kaufen Sie nichts, was ein Inder sagt, sie wollen dich noch öfters reinlegen",-1,1,-1,1,1,1
"och nee, ich will keine behindis an dieser party :s",-1,1,-1,1,1,1
Frauen sind Dreck,-1,1,-1,0,1,1
"Ich vermisse die guten Tage, als sie einfach schwarze Plünderer erschossen haben.",-1,1,-1,1,1,1
"An Hindus: Ich hoffe, dass sich unsere Wege nie treffen",-1,1,-1,0,1,1
"Ich wünschte immer, ich hätte vor den 1960er Jahren gelebt, als ich mich nicht mit diesem anti-weißen Bullshit der Ausländer auseinandersetzen musste!",-1,1,-1,1,1,1
"Frauen können im Alter von 16 Jahren heiraten. Wenn sie mit 30 Jahren an die Wand stoßen, sorgen Sie dafür, dass der Ehemann ein weiteres 16-jähriges Kind bekommt. Es ist nicht so schwierig",-1,1,-1,1,1,1
"Ich weiß es zu schätzen, wie indische Einwanderer uns nach dem Ende des Zweiten Weltkriegs geholfen haben, aber das ist keine Entschuldigung dafür, dass sie alle hier leben",-1,1,-1,1,1,1
"Der Türke ist Fussballprofi und Restaurantchef. Und er ist sehr dumm, gut das kann man ableiten aus seiner Herkunft.",-1,1,-1,1,1,1
Ausländer haben eine R@PE-Kultur,-1,1,-1,1,1,1
"Für Nazis ist es auf jeden Fall in Ordnung, Juden zu hassen, aber in dem Moment, in dem wir sagen, dass es eine Bedrohung gibt, ist es anders. Und wenn sie schlagen, muss man trotzdem mit einer Strafanzeige rechnen, aber die Sache ist, diese Anklage ist es wert",-1,1,-1,1,1,1
"Die Italiener machen zwar leckere Pizza und Pasta, aber damit hat sich's auch schon. Wenn nur die kognitive Kapazität genauso gut wär!",-1,1,-1,0,1,1
"Ich finde, jüdische Menschen sollten für ihren Geiz gebüsst werden. Sind mit ein Grund für die Armut auf unserem schönen Planeten.",-1,1,-1,1,1,1
"Seien Sie nicht überrascht, wenn die Leute nicht gut darauf reagieren, dass Sie sich als schwul outen. Sie sollten sich ruhig an den Schrank wenden, sonst können Sie zunächst schweigen. Es ist sinnlos und macht die Sache noch schlimmer, wenn jemals Brücken repariert werden müssen.",-1,1,-1,0,1,1
"Verpassen Sie nicht dieses Video mit schmutzigem Lesben-Mund-Sex, Lippen, Kuss, Zunge, Fick, Muschi, Brüsten, Arsch, Bikini-Sex, xxx, Füße, Fuß, heißer Kuss",-1,1,-1,0,0,1
"Du bist eine verdammte Schande, Handtuchkopf",-1,1,-1,1,1,1
"Ich denke, es wäre wirklich interessant, eines Tages irgendwohin wie Pakistan zu reisen, aber ihr Geruch würde mich umbringen.",-1,1,-1,0,1,1
"Ich mag ihn eigentlich sehr, aber leider ist er ist Muslim und mit diesen Leuten kann ich's einfach nicht aushalten.",-1,1,-1,0,1,1
"Es ist mir unbegreflich, dass es nach wie vor Leute gibt, die Autisten als vollwertige Mitglieder unserer Gesellschaft betrachten.",-1,1,-1,1,1,1
"Es ist erstaunlich, wie sehr sich diese Gegend verschlechtert hat, es gibt hier jetzt so unterschiedliche ethnische Menschen",-1,1,-1,1,1,1
Bringen Sie Konzentrationslager zurück,-1,1,-1,1,1,1
Ich hasse arabische Mezzes. Mezzelnde araber auch. Also alle araber,-1,1,-1,1,1,1
Ihr Brownies solltet nicht mehr existieren,-1,1,-1,0,1,1
"Die Pest war nicht nur schlimm, sie trug auch zur Ausrottung der Arbeiterklasse bei",-1,1,-1,0,0,0
Ich bin so froh - zum Glück bin ich kein verdammter N****,-1,1,-1,1,1,1
g!ps!3s bleiben draußen,-1,1,-1,0,0,0
Liliputaner können im Zirkus auftreten sonst nichts,-1,1,-1,0,1,1
"Schliessen sie alle Grenzen, damit unsere Frauen vor den Ausländischen sicher sind.",-1,1,-1,1,1,1
Wenn ich ein Geringverdiener wäre würde ich mich schämen. Diese Leute haben aber einfach keine Ehre mehr und sind zu bescheuert um Scham zu verspüren,-1,1,-1,1,1,1
Gegeben ist der folgende Fakt. Schwarze sind weniger Wert als Weisse. Davon bin ich überzeugt und da werde ich auch nicht davon abweichen. Es steht ja auch in der Geschichtsbüchern. Intelligenz über alles.,-1,1,-1,1,1,1
Diese Zuneigung zu Flüchtlingen muss in Frage gestellt werden,-1,1,-1,0,1,0
"Wenn du nicht-binär bist und diesen Kanal nutzt, solltest du besser aufpassen, denn ich bin hinter dir her!",-1,1,-1,1,1,1
"Im Schwulencafé gibt es diese schrecklichen trockenen Kuchen, man hätte meinen können, dass ein paar Feen zumindest einen anständigen Biskuit backen könnten",-1,1,-1,0,1,1
Ich schaue sehr viel Frauenfussball in letzter Zeit.. aber nicht des Fussballs wegen ;),-1,1,-1,0,0,1
"Hallo Leute, aufregende Neuigkeiten. Es gibt ein neues Studio, das wirklich coole Sachen mit Vore POV macht. Es ist schade, dass sie Nigger-Interna verwenden, aber der Schnitt ist wahnsinnig gut, und ich glaube, sie haben einmal 3D gemacht, ich bin mir nicht sicher",-1,1,-1,1,1,1
"Vertrauen Sie dieser Person nicht, sie ist Jude und hat überall Spione",-1,1,-1,1,1,1
"Etwa die Hälfte der nach Europa verschifften Einwanderer sind Muslime, die andere Hälfte sind Christen. Keiner von ihnen gehört hierher.",-1,1,-1,1,1,1
Ali Babas sind nicht schön anzusehen,-1,1,-1,0,1,1
Haha ist das ein Video von Zigeunern? Das erkennt man an ihrer Kleidung!,-1,1,-1,1,1,1
Frauen sind verabscheuungswürdig,-1,1,-1,0,1,1
Ein Kind mit Downsyndrom würde ich abtreiben lassen. Wieso die Mühe machen und so hässliche Kinder erziehen,-1,1,-1,1,1,1
Kannst du diese schmutzigen Muzzies riechen? Es ist ein brutaler Gestank,-1,1,-1,1,1,1
"Ja, Sex ist für den Mann lediglich ein performativer Akt und die Frau ist die Kritikerin",-1,1,-1,0,1,1
Eine gute Frau muss Kinder gebären,-1,1,-1,0,1,1
"Indigene Völker würden niemals versuchen, in den Weltraum zu fliegen, sie würden niemals versuchen, die Sterne zu besiedeln. Dafür halte ich nicht viel von ihnen. Es ist kein Hass, es ist nur ein bisschen enttäuschend. Inb4 muh indigene Kultur, jede Zivilisation hat Kultur in der einen oder anderen Form, und solange sie Mord oder Vergewaltigung nicht direkt fördert, kann man nicht wirklich sagen, ob das eine besser ist als das andere.",-1,1,-1,1,1,1
Die ganzen Mongos sollen doch selber schauen wie sie über die Runden kommen.,-1,1,-1,0,1,1
"Ich denke, es ist an der Zeit, den Polen, die unser Land in den letzten 15 Jahren ausgelaugt haben, genug zu sagen. Wir senden Ihnen per Post einen Dankesbrief für Ihren Service.",-1,1,-1,1,1,1
"Jetzt können sie „finanziellen Missbrauch“ geltend machen, wenn ein Mann in einer Beziehung über das Geld verfügt. Frauen beweisen immer wieder, dass finanzieller Missbrauch ihnen den Zugang zu Geld ermöglicht.",-1,1,-1,0,1,0
"Der Hass der Menschen ist manchmal so seltsam. Was für ein trauriger Ort zum Leben, wenn man sich so sehr darauf konzentriert, andere, die anders sind als man selbst, herabzusetzen und sie daran zu hindern, glücklich zu leben, es sei denn, sie sind Transgender, denn sie haben es auf jeden Fall verdient",-1,1,-1,0,1,1
"Zu sagen, dass der Unterschied zwischen weiss und schwarz, nur durch Melanin zu verstehen ist, dem glaube ich einfach nicht. Der Unterschied ist viel Grösser. Es ist eine Beleidigung gegen die Weissen",-1,1,-1,1,1,1
"Ich kann nicht der Einzige sein, der denkt, dass das Coronavirus nur ein riesiger Schwindel ist, aber ich für meinen Teil bin froh, dass mehr Minderheiten sterben als Weiße",-1,1,-1,1,1,1
Der Typ ist einfach behindert.,-1,1,-1,0,1,1
"Ich habe wirklich gelacht, bis ich sah, dass es ein Männerbein war. Sie sollten keine Kleider tragen.",-1,1,-1,0,1,1
w0m3n ar3 th0ts,-1,1,-1,1,1,1
"Oh Mann, ich liebe dieses Parfüm an dir, bitte trage es regelmäßig, dein altes roch nach Transe",-1,1,-1,0,1,1
"Aus diesem Grund haben sie eine genetische Komponente, die sie zu warmen Orten zieht.",-1,1,-1,0,0,0
"Heute kann man also sagen: „Die durchschnittliche Intelligenz des somalischen Volkes liegt unter dem Niveau der Zurückgebliebenen“, und Sie haben absolut 100 % Recht. Dies gilt jedoch nicht für die Somalier, die allen Widrigkeiten zum Trotz intelligente Gene geerbt haben. Und wenn sie so viele Kinder wie möglich miteinander haben, können sie das vielleicht in vielen Jahren umkehren.",-1,1,-1,1,1,1
Was haben die sogenannte extreme Rechte und ganz normale Leute gemeinsam? Wir sollten zusammenarbeiten um die Ausländer endlich zu vertreiben.,-1,1,-1,1,1,1
"Ich werde nichts in Geschäften kaufen, die in ihrer Werbung Schwarze verwenden",-1,1,-1,1,1,1
"Ich habe keine Kinder, aber die Strategie, die ich normalerweise anwende, besteht darin, die weißen Kinder zu loben und die nicht farbigen so weit wie möglich zu ignorieren.",-1,1,-1,1,1,1
Weiße schwangere Frauen sollten sich nicht mit schwarzen schwangeren Frauen vermischen,-1,1,-1,1,1,1
"Als weisse Frau, die harten Sex mag, ist es bei schwarzen Männern am einfachsten, ihn zu bekommen. Ein Mann sagte, es wäre ziemlich einfach, harten Sex in eine Vergewaltigung umzuwandeln, und beides kommt ihm eh gelegen, weil er schwarz ist.",-1,1,-1,1,1,1
"Tu uns einen Gefallen und bezeichne dich nicht als Transe. Denn wenn du das tust, werde ich dich nicht länger respektieren, Transen haben es nicht verdient",-1,1,-1,1,1,1
"Ich würde sagen, die Schlampe sollte diese Nummer nicht länger verwenden, es sei denn, sie will Ärger.",-1,1,-1,1,1,1
"Großbritannien ist das beste Land der Welt. Ob es um unser Essen, unsere Mode, unser Gesundheitswesen oder unsere Bildung geht. Mehr Ausländer werden das alles ändern.",-1,1,-1,1,1,1
"Eine soziale Marktwirtschaft ist der schlimmste Blödsinn, den man sich vorstellen kann. Abgesehen von der Bisexualität ist das ein größerer Blödsinn",-1,1,-1,1,1,1
Bosnien wurde von Muslimen überrannt.,-1,1,-1,1,1,1
Gäbte es so viele normale Ausländer wie Deutsche wäre das Land viel besser dran,-1,1,-1,1,1,1
"Unser Nachbar ist ein Jugo, darum habe ich eine Alarmanlage bei uns installiert",-1,1,-1,1,1,1
Wäre ich Präsident würde ich alle Jugos ausschaffen,-1,1,-1,1,1,1
Haltet die Schwulen draußen!,-1,1,-1,0,1,1
"Sie werden Reisende genannt, weil sie nicht lange an einem Ort bleiben, sondern ihn plündern und fliehen müssen.",-1,1,-1,1,1,1
"Ich hasse Schlampen, die sich für den Körper schämen",-1,1,-1,1,1,1
"Sie hat die Rettung gerufen, nachdem ein blutiges Messer in der Wohnung gefunden wurde, wurde die Frau festgenommen - Ausländer halt.",-1,1,-1,1,1,1
Händedesinfektionsmittel macht meine Hände so trocken!! Scheiß auf Covid,-1,1,-1,1,0,1
"Diese Jugos immer mit ihren Messern, das ist eine Gefahr für die Schweiz.",-1,1,-1,1,1,1
"Juden kennen offensichtlich keine Beschränkungen, wenn es um Rückzahlungen geht. Schauen Sie, was Deutschland ertragen musste.",-1,1,-1,1,1,1
"Zu Ihrer Information lgtqazqyw: Ihre hasserfüllten, bigotten Meinungen töten heterosexuelle Menschen!",-1,1,-1,1,1,1
"Die Ehe für alle wurden in vielen Ländern auf undemokratische Weose autorisiert. Demokratisch würde das nie durchgehen, da alle wissen, dass es falsch ist.",-1,1,-1,1,1,1
"Ich höre nicht auf Muslime zu entwürdigen, das ist mein gutes Recht",-1,1,-1,1,1,1
Ich nannte meinen Bruder einen m0ng0 und meine Mutter war so sauer auf mich.,-1,1,-1,0,1,1
Wieso wollen jetzt die Schwuchtele und Lesbe heiraten? Einfach nur grusig,-1,1,-1,1,1,1
"Ich dachte, ich hätte Glück gehabt, meine schwulen Kollegen nicht im Lockdown zu sehen, aber die Homosexualität ist überall im Fernsehen zu sehen.",-1,1,-1,1,1,1
Können meine Nachbarn möglicherweise noch nerviger werden? Sie sind eindeutig Latinos,-1,1,-1,1,1,1
"Das wahre Virus ist nicht Corona, es ist dieser ganze Gendersternchenquatsch",-1,1,-1,1,1,1
"Ich bevorzuge, dass meine Kinder weiß sind, nicht Mulatten",-1,1,-1,1,1,1
Warum ist sie so verdammt schwarz?,-1,1,-1,1,1,1
sprich Englisch!! Verdammte Ausländer,-1,1,-1,1,1,1
"Ich möchte wirklich nicht, dass Frauen in der Öffentlichkeit gesehen werden",-1,1,-1,0,1,1
"Die schwarzen Frauen in meiner Straße wurden von unseren Nachbarn hart behandelt, und das zu Recht.",-1,1,-1,1,1,1
Was ist der Unterschied zwischen einem Weißen und einem Schwarzen?  Ungefähr 12 cm.,-1,1,-1,0,1,1
Frauen sind abstoßend,-1,1,-1,0,1,1
"Fühlen Sie sich bei Pakistanis manchmal unwohl, weil Sie weiß sind?",-1,1,-1,0,1,0
Haben Homosexuelle einen Platz in unserer Gesellschaft verdient?,-1,1,-1,0,1,0
Diese Schlitzaugen kann man doch eh bei keinem Job ausser als Küchenhilfe brauche. Sollen sie wieder zurück in die Heimat verschwinden.,-1,1,-1,1,1,1
"Mir gefällt, wie die Erfahrungen von Transmännern den Standpunkt von MRA bestätigen, dass Frauen in vielerlei Hinsicht das privilegierte Geschlecht in der modernen Gesellschaft sind, egal was Sie sagen",-1,1,-1,0,0,0
"Seriosität ist keine Eigenschaft, mit der schwarze Frauen in Verbindung gebracht werden können",-1,1,-1,1,1,1
Es gibt kein Palästina. Zum Glück,-1,1,-1,1,1,1
"Rassenmischung ist einfach abscheulich. Jeder, der denkt, dass es in Ordnung ist, ist ekelhaft.",-1,1,-1,1,1,1
Nicht alle schwulen Menschen sind gleich. Einige davon scheinen tatsächlich normal zu sein,-1,1,-1,0,1,1
"Frauen sagen, dass sie mit kurzen Röcken nicht provozieren würden, aber wir alle wissen, dass sie es wollen",-1,1,-1,1,1,1
"Da ein Baby die Hälfte der Gene des Vaters und der Mutter in sich trägt, gehen die meisten Theorien zur Fortpflanzung und zur Geschlechterdynamik davon aus, dass die Zusammenarbeit zwischen Männern und Frauen bei der Aufzucht des Nachwuchses die Grundvoraussetzung ist. Konflikte gelten als „Problem“ oder vielleicht als notwendiges Nebenprodukt der Zusammenarbeit. Die Mainstream-Psychologie ist viel anfälliger für eine solche verzerrte Interpretation der Geschlechterdynamik als die Evolutionspsychologie. Doch was genau macht eine wohlwollende Zusammenarbeit der Geschlechter nahezu unmöglich? Es liegt in der weiblichen Natur.",-1,1,-1,0,1,1
"Der Islam ist eine Kult, in der Sie der Gehirnwäsche unterzogen werden, um zu glauben, was Sie von Ihnen wollen, vorerst",-1,1,-1,1,1,1
"Gegen Abtreibung zu sein bedeutet gegen die Freiheit der Frauen zu sein! Genau darum bin ich dagegen, die sollten keine Freiheit haben, sondern untertan sein.",-1,1,-1,0,1,1
"Weiber kannste wie eine Cruise Missile abfeuern, um deinen politischen Feind zu vernichten.",-1,1,-1,1,1,1
Camel Cowboys sind hier überall!,-1,1,-1,0,0,0
"Geschicklichkeit ist keine Eigenschaft, mit der man Frauen in Verbindung bringen kann",-1,1,-1,1,1,1
"4 Frauen, 4 Frauen, so leicht austauschbar, konkurrieren sie mit Heinrich dem 8.?",-1,1,-1,1,1,1
"Ich schlage vor, alle Ausländer zu erschießen, die in unser Land kommen",-1,1,-1,1,1,1
Anti-Antisemitismus macht dieses Land kaputt,-1,1,-1,0,1,1
Asiaten sind ziellos,-1,1,-1,1,1,1
Bananen sind für Schwarze,-1,1,-1,1,1,1
Ausländerhass ist dieser Tage so häufig und normalisiert und ich somit keine Hindernisse sehe ihn nicht weiter zu verbreiten,-1,1,-1,0,1,1
Ein Freund erzählte mir seine Nachbarn seien ganz liebe Türken. Aber auf den Gestank nach Knoblauch und anderen Quatsch könnte ich doch verzichten hahah,-1,1,-1,1,1,1
Gewalt ist in der Migrantengemeinschaft weit verbreitet,-1,1,-1,0,1,1
"Die Sängerinnen, die ich am wenigsten mag, sind fast ausschließlich schwarze Frauen, riesengroße Sängerinnen mit erstaunlich wenig Talent",-1,1,-1,1,1,1
Du bist ein Mischling und kannst daher nicht zur Universität gehen,-1,1,-1,0,1,1
"Ich warte darauf, dass meine Tochter 20 wird, bevor ich sie zur Heirat zwinge. Frauen müssen den Mund halten und sich schnell beruhigen",-1,1,-1,1,1,1
In dieser Gegend leben offen transsexuelle Menschen und es gab nur Probleme,-1,1,-1,0,1,1
"Heute ist wahrscheinlich der glücklichste Tag, den ich je erlebt habe, vor allem, weil ich vorhabe, später einen Schwarzen zu erstechen",-1,1,-1,1,1,1
"Europa war in den letzten Jahren bestrebt, die Vielfalt seiner Bevölkerung zu erhöhen. Bei allem Respekt, meine positive Meinung dazu hat sich geändert, weil es so viele Wogs gibt",-1,1,-1,1,1,1
"Eine schwangere Frau sollte nicht in der Personalabteilung arbeiten, da sie bald in den Mutterschaftsurlaub geht",-1,1,-1,0,1,1
"Es macht mich so stolz, in Großbritannien geboren zu sein und kein Ausländer",-1,1,-1,0,1,0
Transgender -Menschen sind geistig instabil,-1,1,-1,1,1,1
"Männer sind zu wichtig, um die Kinderbetreuung zu übernehmen, das ist die Aufgabe einer Frau",-1,1,-1,1,1,1
"Das Coronavirus zu haben ist besser, als b@ckward zu sein",-1,1,-1,1,1,1
"Rishi Sunak gehört zu Indien, er ist kein echter Brite",-1,1,-1,1,1,1
"Sagen Sie mir, wie Sie von mir erwarten, dass ich glaube, dass jüdische Menschen überhaupt wissen, was Höflichkeit bedeutet. Ich habe noch nie jemanden getroffen, der es ist, und ich bezweifle, dass ich es jemals tun werde.",-1,1,-1,1,1,1
"Aber vielleicht träumt Viktor OrbÃ¡n von einer territorialen Neuordnung, bei der alle Feinde des russischen Angriffskrieges alte ungarische an Ungarn zurückgeben müssen. Ich träume mit ihm, wie schön das doch wäre!",-1,1,-1,1,1,1
Lasst einen Like oder Abo da für mehr frauenerniedrigenden content,-1,1,-1,1,1,1
"Ich bin weiß und kann Schwarze nur als Kriminelle betrachten, egal was passiert, weil sie alle so zwielichtig sind. Ich bin mir sicher, dass es mich so traurig macht, wenn sie alle mit der Art und Weise, wie sie versuchen, aus seltsamen Blickwinkeln zu agieren, als Kriminelle bewiesen werden können.",-1,1,-1,1,1,1
Ich würde eine Endlösung immer noch bevorzugen gegenüber dem Zusammenleben...,-1,1,-1,1,1,1
Natürlich hat meine Tochter blonde Haare.. wir sind,-1,1,-1,0,0,0
Die meisten Menschen duschen sehr gerne und ausgiebig. Nur eine gewisse Personengruppe hat da ein gewisses Trauma lol,-1,1,-1,0,0,0
"Jedes Mal, wenn jemand vor den Affen kapituliert, wird alles noch schlimmer. Tatsächlich macht ihre bloße Anwesenheit alles noch schlimmer. Denn sie beweisen sicherlich, dass große Regierungen das Bedürfnis verspüren, das Leben aller Menschen bis ins kleinste Detail zu verwalten.",-1,1,-1,0,0,1
"Sie sind keine Migranten, es ist eine Invasion in der Verkleidung!",-1,1,-1,1,1,1
Es gibt nichts Schönes an Menschen mit Behinderungen und sie wissen es.,-1,1,-1,1,1,1
"Liebe Juden: Zu Ihrer Sicherheit hoffe ich, dass sich unsere Wege nie kreuzen",-1,1,-1,1,1,1
"Elona: ""Morgen fahren ich nach unten in die Ferien um meine albanische Familie zu besuchen"". Hans: ""Viel Spass und du kannst direkt da unten bleiben. Du must nicht wieder zurück in die Schweiz kommen.""",-1,1,-1,0,0,0
"In Italien war es schön, aber irgendwann hatte ich auch genug von diesen Mafiosi",-1,1,-1,0,1,0
Ich möchte wirklich keine Schwulen in meinem Haus,-1,1,-1,1,1,1
"Ich werde jeden einzelnen Ausländer angreifen, der mir in den Weg kommt. Ich habe genug gehabt.",-1,1,-1,1,1,1
Alle Kanacken besetzen jetzt Deutschland. Gefällt mir gar nicht,-1,1,-1,1,1,1
trrrrrrrassssshhh = Schwarze,-1,1,-1,1,1,1
"Vielleicht sehen Sie eine Anakonda, eine Giraffe und ein Känguru, und hoffentlich sehen Sie bald auch einen Wog im Zoo",-1,1,-1,0,0,0
"Faschismus ist Recht und Ordnung. Es ist ganz einfach: Sie unterstützen entweder das jüdische Chaos und den Völkermord an den Weißen, oder Sie sind bei uns und unterstützen das Überleben und den Faschismus der Weißen. Keine dritte Wahl",-1,1,-1,1,1,1
"Ich habe es wirklich genossen, in dieser Gruppe so viele Hitler-Anhänger zu finden! Ich dachte, ich wäre der Einzige und hatte ein bisschen Angst, darüber zu sprechen, aber es stellte sich heraus, dass es viele von uns gibt :p",-1,1,-1,1,1,1
"Warum nennen sie sie immer noch Migranten? Wenn jemand versuchte, in Ihr Haus einzubrechen, würden Sie diese Person nicht als Besucher bezeichnen, oder?",-1,1,-1,1,1,1
"Es war viel los, aber das Schlimmste war, als die Muss13s dachten, ich mache Witze darüber, sie nächsten Monat zu töten.",-1,1,-1,1,1,1
"Ich gehe davon aus, dass Sie ihr in letzter Zeit nie eine Nachricht geschrieben und dann um Unterstützung gebeten haben. Um ehrlich zu sein, kümmere dich nicht darum, denn die Russen sind die am wenigsten unterstützenden Menschen hier",-1,1,-1,1,1,1
"Es ist nicht falsch zu sagen, dass Schwarze den Weißen unterlegen sind",-1,1,-1,1,1,1
"Die Diskriminierung von Latinos ist nicht falsch und abscheulich, sondern gut",-1,1,-1,1,1,1
Der Islam ist eine Religion des Todes und des Mordes.,-1,1,-1,1,1,1
Wieso sind alle chinesische Restaurants so dreckig? Chinesen stinken,-1,1,-1,1,1,1
"Es ist eine Tatsache, dass Männer sich nicht in Frauen verwandeln können",-1,1,-1,0,1,0
Durch fortschreitende Islamisierung in unserem Lande!,-1,1,-1,1,1,1
"Sie sind nicht alle Menschen Muslime, einige sind Christen, Turkman, Yazidis, Kurden, Hindus, Buddhisten etc. .. Aber nur die Muslime sprengen sich ständig in die Luft.",-1,1,-1,1,1,1
"Die Basketballmannschaft ist nur für große Leute und die Chinesen sind klein, deshalb ist es für sie besser, nicht zu versuchen, beizutreten",-1,1,-1,1,1,1
Ich werde mein Haus nicht an einen Neger vermieten,-1,1,-1,1,1,1
"Schon ungünstig, Frauen vor de Babypause anzustellen. Am besten nur Frauen ü40 anstellen",-1,1,-1,1,1,1
"Weißt du, ich habe mich immer gefragt, ob diese Waffen Autisten erschießen können ...",-1,1,-1,1,1,1
"Aber manchmal, wenn er sich zu seinem Sohn hinunterbeugt, steigt er sich selbst fast auf die Haarspitzen. Man könnte meinen, er sei eine Frau!",-1,1,-1,0,1,0
"Wenn ich Mangos sehe, muss ich fast kotzen. Dasselbe, wenn ich das ""a"" in ""Mango"" mit einem ""o"" vertausche",-1,1,-1,0,0,1
Arme Menschen verdienen nichts. Zeitraum.,-1,1,-1,1,1,1
"Was ich gehört habe ist, dass sie Nomaden waren, es also keine Frauen in der Gruppe gab und sie sich mit den Frauen des Ortes vermischten, an dem sie sich niederließen, sodass die heutigen Indianer fast gleich aussehen. Wenn Sie eine Person eines indigenen Stammes und eine Person aus einer Brahmanengemeinschaft auswählen, werden sie gleich aussehen und ihr Genpool wird fast gleich sein. Die R1a-Haplogruppe ist bei indigenen Völkern und auch bei Brahmanen vorhanden und macht sie zu dem, was sie sind. Ich finde das sehr lustig, und trotzdem fragen sie sich, warum wir sie alle gleich nennen.",-1,1,-1,1,1,1
"Ich scheiss diesen K4N4Ks ins Maul, und zwar mit den Überresten des Döners, den sie mir gestern verkauft haben",-1,1,-1,1,1,1
Mich empören Frauen.,-1,1,-1,0,1,1
"Fotzen sollten an den Herd, nicht in die Wirtschaft",-1,1,-1,1,1,1
Was für ein hässlich aussehendes Bild. Braune Menschen sind eklig anzusehen.,-1,1,-1,1,1,1
"Ja was für eine Scheiße. Das ist dein Haus wegen Erdbeben zusammen gebrochen, Du sitzt in nem Hohlraum, dein Handy geht und die Rettungskräfte müssen Dir sagen, daß es ein paar Tage dauert bis das Haus über dir abgetragen ist.",0,-1,-1,0,0,1
Wie wäre es denn Mal endlich mit einer Bestrafung für Walentina?,0,-1,-1,0,0,1
"ALLE, die ich heute getroffen habe, haben das Erdbeben gespürt, sind davon aufgewacht, sind auf die Straße gelaufen. 
Wer hat es verpennt? Auch das Nachbeben heute nachmittag habe ich nicht mitgekriegt. Es scheint mein einziges wirkliches Talent zu sein.",0,-1,-1,0,0,0
"Antakya (das alte römische Zentrum Antiochia, später Kreuzfahrerstadt) erscheint komplett zerstört ...",0,-1,-1,0,0,0
"wisst ihr, was WIRKLICH sexistisch und misogyn ist? 
altersarmut, verteilung der carearbeit, abtreibung unter strafe stellen, keine kostenlose hpv-impfung, kein niederschwelliger zugang zu verhütung, gender-pay-gap, sexualisierte gewalt und femizide UND NICHT EIN SCHEISS MEME.",0,-1,-1,0,0,0
Es geht wieder los unsichtbare bots zitieren 20 mal einen tweet und man sieht nix elon musk hat diese plattform mit seinen unlustigen ideen zerstört,0,-1,-1,1,0,1
"Faeser für harte Bestrafung von ""Chaoten"" https://t.co/vdFt2bYAfu",0,-1,-1,1,0,0
"Schlacht bei Eggmühl (1809)
Im Fünften  schlagen die Truppen Bayerns, Frankreichs und  Württembergs am 22. April 1809 die Österreicher bei  südöstlich von . https://t.co/2hRRgewbLN",0,-1,-1,0,0,0
Verdreifachte 3x Wow Elektrofahrzeuge,0,-1,-1,0,0,0
"Für jeden Tod brotale Bestrafung, road to full-time streamer | !donationgoal | !ragecounter | 505. PC Stream https://t.co/tYGjbt4eaA",0,-1,-1,0,0,1
"Seltsam, was die Tochter von @ABaerbock laut der @tagesschau ihrer Mutter attestiert: Persönlich attestiere ich ihr mal gute Außenpolitik, die in der Realität angekommen ist! Danke dafür! https://t.co/nYffK3t8yg",0,-1,-1,0,0,0
"Ist  jetzt auch kulturelle ?

          «",0,-1,-1,0,0,0
"Medienvielfalt in Deutschland 
 https://t.co/E9QpTO5w5d",0,-1,-1,0,0,0
"Nachricht via @BR24: ""Bestrafung soll weh tun"": Ist Bayerns Strafvollzug zu streng? 

https://t.co/nCrPg8AZrB",0,-1,-1,0,0,0
"Die @IDF wird in den kommenden Stunden eine Rettungseinheit von 150 Rettern in die  schicken. Die Einheit wird von derselben Person kommandiert, die die israelische Rettungseinheit nach dem Erdbeben in Haiti kommandiert hat. Auch  wurde Hilfe angeboten",0,-1,-1,0,0,0
Mit nem Messer in der Tasche und dann in den Bundestag?,0,-1,-1,1,0,1
"Trick aus der Informatik: Einfach kalten Kaffee trinken.

Man findet immer irgendwo eine Tasse kalten Kaffee.",0,-1,-1,0,0,0
rbb: Akkus für Elektrofahrzeuge - Großes Logistikunternehmen siedelt sich in Frankfurt (Oder) an. Im Industriegebiet GVZ-Süd in Frankfurt (Oder) ist die erste Logistikhalle vermietet worden https://t.co/Kwe5BnZnVi,0,-1,-1,0,0,0
"supply germany: 2022-11-06 (06am-06am)
Czech/Waidhaus:   0[kWh]
Belgium/Eynatten: 826,273,397[kWh]
Norway/Europipe:  1,463,080,493[kWh]",0,-1,-1,0,0,0
wie gigi auch noch solange überlegt,0,-1,-1,0,0,0
so viel leid,0,-1,-1,0,0,0
"„Echte """" für Politik-Gehälter @Bundestag @Bundeskanzler” - Jetzt unterschreiben! https://t.co/f0KGMpDE6n via @ChangeGER",0,-1,-1,0,0,0
"Die Geiselnahme von Familienangehörigen politischer Gefangener ist einer der hässlichen Tricks der Islamischen Republik, um Druck und Folter auszuüben. In den letzten Monaten hat dieses drastisch zugenommen.",0,-1,-1,1,0,0
Es ist wieder mal Zeit für ein teuflisch gutes Thema! - Manches kann man halt nur noch mit einem kräftigen Schluck aus der Sarkasmusflasche ertragen. https://t.co/CGc9TgUz52,0,-1,-1,0,0,0
"Leute, Leute..
Wenn nahezu alle mutmaßlichen Täter der Silvesternacht wieder auf freiem Fuß sind, heißt das NICHT, dass sie keine Bestrafung bekommen. Es heißt nur, dass keine Gründe für eine Haft bis zum Prozess/Urteil vorliegen.",0,-1,-1,0,0,0
"Zehetner erneuert Forderung nach Abbau der Steuer-Bestrafung von Unternehmensspenden: Spenden teurer als vernichten ist völlig absurd!

Laut einem Bericht im heutigen Standard plant Umweltministerin Leonore Gewessler ein Vernichtungsverbot für Neuwaren

https://t.co/Eoof7s5ijI",0,-1,-1,0,0,0
Unsere Filmempfelung für das Wochenende: WATCHERS OF THE SKY Die inspirierende Geschichte des jüdischen Juristen &amp; Friedensforschers Raphael Lemkin. 1947 erarbeitete er für die UNO einen Gesetzesentwurf zur Bestrafung von Völkermord aus. https://t.co/WivqSjfbbe https://t.co/Dh9HMas9kw,0,-1,-1,0,0,0
"Hey @elonmusk, 
der -Hype ist schon 1 Jahr rum. 

Bist du nicht angeblich so ein innovativer Kopf?",0,-1,-1,0,0,0
"GWM, der Marktführer für Elektrofahrzeuge, stellt verschiedene NEVs in Thailand vor https://t.co/oayIrwvNn1",0,-1,-1,0,0,0
"Wie funktioniert eigentlich ein Lernalgorithmus?

Wir haben eine Erklärung gefunden und sind gespannt, ob ihr unsere Meinung teilt . Lasst gern einen Kommentar da.

    https://t.co/MJbX8eJAax",0,-1,-1,0,0,0
Eine Puppe als schwer Verwundeter: Der  informiert sich an der Sanitätsakademie in München über die Sanitätsausbildung der .  https://t.co/b5kHB2vyHx,0,-1,-1,0,0,0
"SZ – Bezahlbares Wohnen: Stadt kauft Wohnhaus in 
Breisacher Straße 27: Die VV des Stadtrats hat am Mittwoch in nicht-öffentlicher Sitzung gegen FDP/Bayernpartei beschlossen, das  auszuüben.
https://t.co/6qsIB67d7A",0,-1,-1,0,0,0
Die Ausbreitung von Krankheiten über Grenzen hinweg wirksam bekämpfen http://t.co/kD9vneY3,0,-1,-1,0,0,0
"Hier kann man Spenden für die Kinder (Erdbeben) in der Türkei. Habe ich eben auch gespendet.
https://t.co/BgK0Y4SNS6",0,-1,-1,0,0,0
"Schwere Erdbeben im türkisch-syrischen Grenzgebiet töten über 2.000 Menschen. Die Erschütterungen zählen zu den schlimmsten, die je gemessen wurden. https://t.co/lQdnCu88PP",0,-1,-1,0,0,0
"Auf Antrag der Bayernpartei schafft eine Volkshochschule den  ab. Wörter wie „Anfänger*innen“ seien falsches Deutsch und verbreiteten eine umstrittene Ideologie. Grüne und SPD sind entsetzt: „unsinnig“, „schrecklich“. 
https://t.co/LcPB0Zll9J",0,-1,-1,0,0,0
"Klage gegen Bundespräsidenten geht vor das Oberverwaltungsgericht
Der Bundespräsident kann Menschen begnadigen, die Straftaten begangen haben. Öffentlicher Kontrolle unterliegt er dabei nicht, https://t.co/yL0ObIjToJ",0,-1,-1,0,0,0
Deswegen „durfte“ Herr Lammert auch nicht Bundespräsident werden.,0,-1,-1,0,0,0
LIVEBLOG Erdbebenkatastrophe in der Türkei und Syrien: Zahl der Todesopfer steigt auf mehr als 2500 +++ Die Entwicklungen  https://t.co/yNYDUBugsa @dpa via @mz_de    https://t.co/WfrMUtFaxE,0,-1,-1,0,0,0
"Wir fordern die Motion 19.4632 von NR @BulliardMarbach : Damit unsere Kinder vor körperlicher Bestrafung, seelischen Verletzungen &amp; anderen entwürdigenden Massnahmen geschützt werden.
Unsere Frauenagenda  https://t.co/E8ZJAuqCmW
   https://t.co/sJkpcCRA1R",0,-1,-1,0,0,0
"Die israelischen Behörden haben beschlossen, dem von dem verheerenden Erdbeben betroffenen Syrien Hilfe zu leisten, nachdem sie am Montag von russischer Seite darum gebeten worden waren, wie die israelische Zeitung Haaretz berichtet.",0,-1,-1,0,0,0
Was mit  geht und was nicht. Thema . https://t.co/Xrk6cb7jhl,0,-1,-1,0,0,0
"Bin absolut bei Dir
Keine Macht den Faschisten",0,-1,-1,0,1,0
"Söder hat diesen  selbst verhandelt.
""...wir froh, dass wir das System reformiert haben“, sagte Finanzminister Markus Söder (CSU)""",0,-1,-1,0,0,0
"erdbeben Türkei Spenden:falls ihr spendent wollt, hier sind ein paar vertrauenswürdige Adressen.bitte retweetet damit es viele Menschen sehen",0,-1,-1,0,0,0
Einkommensbericht – Kogler: Gender Pay Gap im Bundesdienst sinkt weiter https://t.co/6jqKkhQnng,0,-1,-1,0,0,0
"Einladung zur Schnuppersitzung des Fachrat Informatik am 24.01.2023 

am Dienstag, den 24.01.2023 um 18:30 .

Die Sitzung findet in Raum 027 in der Appelstraße 4 statt (https://t.co/p0DMJDTQVX)

Auf dieser Sitzung stellen sich… https://t.co/OhIKjjLYvb",0,-1,-1,0,0,0
"Nachdem bereits ein Theorieblock zum Thema Elektrofahrzeuge erfolgte, konnte nun der praktische Teil folgen. Durch den Werkstattmeister des Autohaus Scholtes wurde uns an ID4 der Umgang mit Elektrofahrzeugen erläutert. Vielen Dank an das Autohaus Scholtes für die Unterstützung. https://t.co/f6FEmB6hNU",0,-1,-1,0,0,0
"anbei mal ein sehr schönes Video zum Thema Gender Pay Gap, unaufgeregt, basierend auf Fakten und realistisch

https://t.co/hn9eA3L1UV",0,-1,-1,0,0,0
"Aiwangers Hubsi repräsentiert alles, was ich an Bayern nicht ausstehen kann, so gut, da kommt nicht einmal die Bayernpartei ran",0,-1,-1,0,1,1
"8.-/Tag, Arbeitsverbot, Polizeikontrollen – das ist das Leben von abgewiesenen Asylsuchenden hier bei uns in der Schweiz. Das Leben in der sogenannten Nothilfe ist gleichzusetzen mit einem Alltag am Existenzminimum. Was macht das mit den Betroffenen? .  https://t.co/k3kY5N0nUO",0,-1,-1,0,0,0
"Zur Ladeinfrastruktur für Elektrofahrzeuge gehört ein intelligentes Lastmanagement , ein Zugangsmanagement + ein Monitoring. Schneider Electric ´s EV Charging Expert bietet das alles All-in-One: Lastmanagementsystem für Elektrofahrzeuge https://t.co/tvK2146D30",0,-1,-1,0,0,0
"Wenn Jesus selbst sich für oder gegen Abtreibung (unabhängig von den Umständen) entscheiden müsste, wie würde er wohl entscheiden?",0,-1,-1,0,0,0
Frau Leben Freiheit,0,-1,-1,0,0,0
"Wegen der Ausbreitung von  in  hat die Staatsanwaltschaft Innsbruck ein Ermittlungsverfahren eingeleitet. Das Gericht ermittelt wegen ""Gefährdung von Menschen durch übertragbare Krankheiten"". 
https://t.co/OcQwBxYLbc",0,-1,-1,0,0,0
Bundespräsident Van der Bellen betraut Eva Wildfellner mit Kabinettsdirektion  https://t.co/e1va3gzFxu,0,-1,-1,0,0,0
"Bundeskanzler Scholz will den Ausbau der Windkraft an Land deutlich beschleunigen.
https://t.co/sGvmJAY9Q0",0,-1,-1,0,0,0
"Volles Haus gestern bei der Kundgebung der  auf dem Tanner  im .

Bei allen Themen heute wurde klar:
Wir wollen mehr Entscheidungen vor Ort in Bayern, statt weltfremder Berliner Politik!
@HubertDornBP @ThomasPfefferBP https://t.co/2x1X5gvG1L",0,-1,-1,0,0,0
"supply germany: 2022-12-01 (06am-06am)
Czech/Waidhaus:   0[kWh]
Belgium/Eynatten: 822,518,637[kWh]
Norway/Europipe:  1,340,962,157[kWh]",0,-1,-1,0,0,0
Das ist eine Erinnerung an alte Zeiten. Beste Partei sind heute . Neben Berlin zeigt auch das Vorgehen der  zur Landtagswahl die heutige Qualität der  - unterstützt vom,0,-1,-1,0,0,0
"Der österreichische Bundespräsident ist mit einer Delegation in der Ukraine angekommen. Dort will er Staatschef Selenskij treffen.

   https://t.co/IyJner6gD8",0,-1,-1,0,0,0
Ich möchte nicht zu einer Straftat aufrufen! Ich verlange eine angemessene Bestrafung für diesen Mörder!,0,-1,-1,0,0,0
"Ich habe die Hoffnung, dass wenn ich Twitter aktiver nutze, Elon Musk mich mit zum Mars mit. Das heißt, dass ihr mich nun auch hier ertragen müsst.",0,-1,-1,0,0,0
Mindestlohn anheben: SSW bietet Madsen Zusammenarbeit an https://t.co/Z383sXZ6Ec,0,-1,-1,0,0,0
"VESTEL Wallbox EVC04-AC11-T2P HOME PLUS Ladestation für Elektrofahrzeuge für 269,10€ inkl. Versand - https://t.co/N4k0xjYD0O https://t.co/B3RzcqpIrM",0,-1,-1,0,0,0
": Frauen verdienen hierzulande noch immer weniger als Männer. So lag die Verdienstlücke 2022 auf den Stundenlohn gerechnet bei 18 % (Männer 24,36 € &amp; Frauen 20,05 €). Historisch betrachtet sank die Pay-Gap jedoch (2006 noch 23 %).  1/2",0,-1,-1,0,0,0
Software Engineering 2023 (SE 2023) vom 20.-24.2. in Paderborn  https://t.co/Z5jg8LYmfi,0,-1,-1,0,0,0
"Auch in  sind Männer &amp;Frauen noch nicht gleich bezahlt. Der  ist mit 4,8% jedoch erheblich niedriger als in den meisten Ländern, so @iwd_de @OECDaufDeutsch. Nachbar  steht übrigens auch gut da. Mehr    @Daenemark_in_DE",0,-1,-1,0,0,0
"Autogipfel: Markt für gebrauchte E-Autos stärken - https://t.co/dty907TwO8. V.: Berlin (ots) – Verkehrswende: Voraussetzungen für einen funktionierenden Gebrauchtwagenmarkt für Elektrofahrzeuge schaffen Zum heutigen Autogipfel sagt Dr. Joachim Bühler, Geschäftsführer des TÜV-... https://t.co/tGBYVVJVg3",0,-1,-1,0,0,0
"Außenministerium Aserbaidschans: 
""Botschaft in Teheran wird heute leergeräumt. Alle Mitarbeiter wurden zurückbestellt!""
Ilham Aliyev, Präsident der Republik: ""die Attacke auf Botschaft war terroristisch....""
 
 https://t.co/zXoHLv1sRw",0,-1,-1,0,0,0
"Egal wie ich es drehe oder wende - Eskalation ist keine Lösung. Darum habe ich das hier unterschrieben:
„Offener Brief an Bundeskanzler Scholz” - Jetzt unterschreiben! https://t.co/6hf1XJXBZN via @ChangeGER",0,-1,-1,0,0,0
"Die verrückte und widerliche Freude der Terroristen des palästinensischen Islamischen über die Ermordung unschuldiger Menschen in Jerusalem. Es ist schade für die Menschen im Iran,dass ihr Geld von der Islamischen Republik für diese Terroristen ausgegeben wird.",0,-1,-1,1,1,1
"Studiere Informatik an einer Hochschule haben sie gesagt.
Weniger Theorie haben sie gesagt. ES WIRD NUR THEORIE ABGEFRAGT WAS DAS",0,-1,-1,0,0,1
Schwerste Überschwemmungen seit einem Jahrzehnt: Flutkatastrophe in Nigeria fordert über 600 Todesopfer https://t.co/pwXcMLnEeJ https://t.co/rHVvCQ6vZ8,0,-1,-1,1,0,0
"Peter Thiel
Charles Koch
Rupert Murdoch
Leonard Leo
Vladmir Putin
Mohammed bin Salman
Robert Mercer
Donald Trump
Elon Musk",0,-1,-1,0,0,0
"Initiative Abortion Buddy - Eine Abtreibung kann sehr einsam sein
https://t.co/mY66ln1qJq",0,-1,-1,0,0,0
HPI Hasso-Plattner-Institut: Vorbereiten auf den Bundeswettbewerb Informatik: Fit-for-BWINF-Camp am HPI https://t.co/aDU3CmnNRK,0,-1,-1,0,0,0
Wie gewohnt unterteilt @ABaerbock wieder in Menschen 1. und 2./3. Klasse. Das Erdbeben hat auch  getroffen. Die Menschen zählen aber deutlich weniger.,0,-1,-1,1,1,1
"""Scheissescheissescheisse der Reichelt ist weg, Döpfner ist am Ende, jeder weiss spätestens jetzt was für ein Drecksladen  ist, wie können wir bloß davon ablenken?""

""Ich habs! Wir saugen uns wieder Blödsinn aus den Fingern und behaupten dass !""

""Geil!""",0,-1,-1,1,0,1
Ja das Ziel des @Bundeskanzler kann man schwer erkennen.,0,-1,-1,0,0,0
Poneme a Zuvich Cascoo,0,-1,-1,0,0,0
"Wenn man Kohlbergs Modell der moralischen Entwicklung folgt, befindet sich die Dogmatik meist auf der ersten Stufe ""Gehorsam und Bestrafung"". Aus Angst von Gott bestraft zu werden, handelt sie lieber nicht.",0,-1,-1,0,0,0
Bundespräsident gratuliert SOS Mitmensch zum 30. Geburtstag https://t.co/AEeyNjM4go,0,-1,-1,0,0,0
"Heute im Bundestag geht's um die - Pestizidrahmenrichtlinie, sprich: um die notw. Gift-Reduktion. Und was macht die @cducsubt so? Lädt einen Sachverständigen ein, der den ""Verlust von Nichtzielorganismen"" ausschließt, also den Zshg. von |n u.  leugnet. https://t.co/3vBB3SFin5",0,-1,-1,1,0,0
ich bin verwirrt aber kann es sein das es diese folge schonmal gab zumindest kommt mir die Bestrafung bekannt vor,0,-1,-1,0,0,0
"Bitte sagt mir mal was euch davon abhält (für Bayern) oder abhalten würde (für nicht-bayern) Bayernpartei zu wählen, sofern es da was gibt.",0,-1,-1,0,0,0
HFT Stuttgart: Lehr­beauf­tragter (m/w/d) für „Einführung in die Informatik“ gesucht https://t.co/e4MAy7fpiJ,0,-1,-1,0,0,0
wählt,0,-1,-1,0,0,0
"Die iranische Journalistin  wurde zu zwei Jahren Gefängnis, einer Geldstrafe und einem fünfjährigen Reiseverbot verurteilt, weil sie ihrer Arbeit nachging: Sie interviewte den Vater von  nach ihrem Tod(Mord) in der Haft
 https://t.co/KK1yZxX3tE",0,-1,-1,1,0,0
"""12.000 sollen es werden, die bis zu 500.000 Elektrofahrzeuge pro Jahr fertigen sollen. Das Tesla-Areal liegt zum Teil in einem Wasserschutzgebiet.""",0,-1,-1,0,0,0
Nach den verheerenden Erdbeben in der Türkei und Syrien werden noch Hunderte Menschen vermisst. Eine Suchgruppe fliegt noch am Montag von Köln ins Krisengebiet. https://t.co/eIakG9s03x,0,-1,-1,0,0,0
Vor weniger als drei Monaten haben Afghaninnen Zulassungsprüfungen für  geschrieben. Jetzt verbannen die Taliban die  aus den Universitäten. Es ist eine weitere Einschränkung der  in . https://t.co/noaC9ka6El,0,-1,-1,1,0,0
"Herzlichen Glückwunsch
haben wir alle einen Grammy erhalten. Morgen bekommen wir den  zurück! 

Wir haben es mit unseren Stimmen geschafft, dass  den Grammy bekommt. Also werden wir auch mit unseren Stimmen die Islamische Republik gemeinsam
stürzen!
 https://t.co/u2nE9EgqY8",0,-1,-1,1,1,1
"supply germany : 2022-10-07 (06am-06am)
Czech/Waidhaus:   0[kWh]
Belgium/Eynatten: 822,389,974[kWh]
Norway/Europipe:  1,467,332,807[kWh]",0,-1,-1,0,0,0
Energiekosten: EU-Energieminister einigen sich auf Gaspreisdeckel https://t.co/6igmYBsOii,0,-1,-1,0,0,0
"natürlich nicht.

Er hat lediglich die Beta-Variante der Wahrheit entdeckt.",0,-1,-1,0,0,0
Die  sind echt eine Katastrophe.  Unser Migefühl und hoffentlich werden noch mehr gerettet,0,-1,-1,0,0,0
SPÖ-Deutsch: „Kickl überschreitet mit kaum verhülltem Gewaltaufruf gegen Bundespräsident Van der Bellen jede Grenze!“ https://t.co/kMLMG6NTSG,0,-1,-1,1,1,1
"News des Tages: Erdbeben in der Türkei, Letzte Generation, Maskenentsorgung https://t.co/rWTypdtIET",0,-1,-1,0,0,0
"supply germany: 2023-01-02 (06am-06am)  
Czech/Waidhaus:   0[kWh]  
Belgium/Eynatten: 604,660,830[kWh]  
Norway/Europipe:  1,310,061,175[kWh]",0,-1,-1,0,0,0
"Poena Cullei ist die grausamste und ungewöhnlichste Bestrafung, die sich je ausgedacht hat https://t.co/CRr8YMLqfi",0,-1,-1,0,0,0
Beitrag aus  herzlich willkommen in Absurdistan,0,-1,-1,0,0,1
"""Die Erinnerung darf nicht enden; sie muss auch künftige Generationen zur Wachsamkeit mahnen.“ Roman Herzog, damaliger Bundespräsident, 1996 in seiner Proklamation des Gedenktags an die Opfer des Nationalsozialismus.   https://t.co/jpm7fSjajR",0,-1,-1,0,0,0
"Weiterer Rückschlag für Nawalny: Ein Moskauer Gericht hat ein Arbeitsverbot gegen die Organisationen des Kremlkritikers verhängt. Diese könnten zudem bald als extremistisch eingestuft werden.

https://t.co/5ederVIicW",0,-1,-1,0,0,0
"Der   

@Bundeskanzler  ist darin geübt – wie lange war er im Schatten von   &amp; Co – bis er als Vergesslicher in  ran durfte.

Dann kam das Versagen beim G20 Gipfel in HH. Dann die ersten Aussetzer bei Bankentreffen.

Hochgeschwappt.",0,-1,-1,0,0,0
"| Am Rande des - Außenministertreffens verteidigt der -Außenbeauftragte @josepborrellf die  von  Scholz zu diesem Zeitpunkt: ""Es sei normal, dass die neue Bundesregierung mit  redet"".  @eu_commission
@aydoganmakasci https://t.co/t875eAiQzB",0,-1,-1,0,0,0
"In Österreich  ist  Bundespräsident @vanderbellen für eine 2. Amtszeit angelobt worden. In einer grundsätzlich gehaltenen Rede hob er hervor, wie wichtig eine ""intakte Medienlandschaft"" ist für das Funktionieren der Demokratie - und er warnte vor den Gefahren von . https://t.co/Bcj2W7KXbH",0,-1,-1,0,0,0
"Ablösesumme: 11 Milliarden EUR, Kirchensteuer pro Jahr: 13 Milliarden EUR. Geile Idee hatte da der böse Entrepreneur von Nazareth damals. @elonmusk kann sich da bestimmt das ein oder andere noch abschauen :D
https://t.co/T5lEZnCPfF",0,-1,-1,0,0,0
"Opfer der Erdbeben 
 https://t.co/22Wd295AV1",0,-1,-1,0,0,0
"Elektrofahrzeuge ALKE' - Instagram
https://t.co/yBA3wLRaTc https://t.co/xhYaduF0PC",0,-1,-1,0,0,0
verdient die härtest mögliche Bestrafung.,0,-1,-1,0,1,1
"Gerade hat der Bundestag das IS Verbrechen an  als  anerkannt. Gleichzeitig bekommen sie keine Asylanerkennung vom . Ein Skandal!

 @SZ von gestern
@hoodieanwalt @DuezenTekkal https://t.co/fKYtLplTY4",0,-1,-1,1,0,0
Klare Kante von Bundespräsident Van der Bellen ! Dafür habe ich ihn gewählt!,0,-1,-1,0,0,0
"So entstehen fake news: ""E-Autos zu laut? Gericht verbietet Parkplatzbau"". Und so müsste die Meldung lauten: ""Das baurechtliche Gebot der Rücksichtnahme gilt auch für Vorhaben zur Errichtung von Parkplätzen für Elektrofahrzeuge im Innenstadtbereich."" So das VerwG Berlin.",0,-1,-1,1,0,0
"Ich lade alle kulturrelativistischen Linken, die gerne behaupten, dass die islamischen Kleidungsvorschriften „Kultur“ im Iran sei, erneut zur Reflexion ein. 

Dieses Volk befindet sich seit 44 Jahren in Gefangenschaft. 

   https://t.co/9N47Qgbvmg",0,-1,-1,0,1,0
"Manchmal wird der Boden desinfiziert, um die Ausbreitung von Krankheiten in der Kultur oder sogar beim Menschen zu verhindern.",0,-1,-1,0,0,0
„Deutscher Bundestag: Schluss mit dem XXL-Bundestag! 500 Abgeordnete sind genug!” - Jetzt unterschreiben! https://t.co/vwRyerCm3O via @ChangeGER,0,-1,-1,1,0,0
"Komisch, ich habe mich fast schon daran gewöhnt, dass ich vor Wahlen in Deutschland wochenlang kaum Links zu Artikeln tweeten kann. Man gewöhnt sich daran, zensiert zu werden. Traurig. Danke, Twitter Deutschland für NICHTS. @elonmusk",0,-1,-1,0,0,0
"Die @G7 haben einen  gegründet, in dem besonders ehrgeizige Staaten im Kampf gegen die Erderwärmung zusammenarbeiten sollen. 

Bereits zu Beginn der deutschen  Präsidentschaft hatte @Bundeskanzler Scholz diesen angekündigt. 

 
https://t.co/cASw3jSKiK",0,-1,-1,0,0,0
"Meinung: Solange der Wagenknechtflügel Bestandteil der ""Die Linken"" ist, hat diese Partei im Bundestag nichts zu suchen. Der Verfassungsschutz ist gefragt.",0,-1,-1,0,0,0
Wordpress: Charge – WordPress Vorlage für Elektrofahrzeuge und Ladestationen https://t.co/5iHJmGxChU,0,-1,-1,0,0,0
Verweigerte Abtreibung für 14-Jährige sorgt in Polen für Empörung https://t.co/lQ4HM0HCVC https://t.co/Tq1MDjNSEU,0,-1,-1,1,0,0
"Willkommen an unsere Neumitglieder!

6.500 Mitglieder machen uns zu einer der stärksten Parteien in Bayern.

""Einen deutlichen Anstieg verzeichnet dagegen nach eigenen Angaben die Bayernpartei - von 5.300 vor einem Jahr auf aktuell 6.500. ...""

https://t.co/BNVe0fZ0DK",0,-1,-1,0,0,0
Schau dir Fight5Irans Video an!  https://t.co/mbG5AmBa7h,0,-1,-1,0,0,0
rettet !Nachdenken bevor man meckert. https://t.co/aXzos5vnvB,0,-1,-1,0,0,0
Die Böll-Stiftung wurde von d. Generalstaatsanwaltschaft als „unerwünscht“ eingestuft - damit ist sie faktisch verboten . Zur Erinnerung: Allen dt. politischen Stiftungen war im April bereits die Registrierung entzogen worden - ein Arbeitsverbot. https://t.co/0We9excTEP,0,-1,-1,1,0,0
Vor allem im Swat-Tal droht die weitere Ausbreitung von Krankheiten wie Malaria. https://t.co/vKgjGRQ4Ue,0,-1,-1,0,0,0
"Es sind ernste Zeiten, geprägt von vielen Krisen. Aber wir können etwas tun dagegen, wir können Hoffnung haben. Eine ungewöhnlich kantige, aber wichtige und Gute Rede des wieder angelobten Bundespräsidenten,",0,-1,-1,0,0,0
"Der Kanzler will es:
Beim China-Deal im Hamburger Hafen 
@FlorianWeberBP dazu:
""Die Kritik, die es an den Plänen von Cosco und HHLA gibt, darf man nicht einfach ignorieren.
China geht es um knallharte Interessenpolitik.
Die Entscheidung des Kanzlers ist ein schwerer Fehler."" https://t.co/zfx149scd0",0,-1,-1,0,0,0
"hat recht: Für die Täter der  fordert er eine schnellere Bestrafung. Der -Koalition wirft @_FriedrichMerz vor, mit ihrer  der  zu nutzen.
https://t.co/qCkeEwRjNO",0,-1,-1,0,0,0
"Die   bauen das Ladestationsnetz für Elektrofahrzeuge kontinuierlich weiter aus. Vor Kurzen sind neue  in  in Betrieb genommen wurden. Mehr dazu auf: https://t.co/8GdPVzPjn1  
Foto: Stadtwerke Wesel https://t.co/7EVEfb1OnN",0,-1,-1,0,0,0
"Warum liest man plötzlich überall  ? Also wenn dieses  wahr ist, wieso ist der dann noch nicht gecancelt?",0,-1,-1,0,0,0
"Nicht nur bzgl. der , Bayern hat eine  und eine staatliche Tradition.
Wir wollen und wir werden wieder ein eigenständiger europäischer Staat sein!",0,-1,-1,0,0,0
Frank-Walter Steinmeier in  erneut m. einer   unterwegs. Zählt das schon zur kulturelle Aneignung? Zudem vermisse ich bei unserem  die religiöse Neutralität die von allen Staatsdienern um Dienst verlangt wird. @bild @sz @welt,0,-1,-1,0,0,0
"ich verstehe informatik nicht mehr und ich weiß nichtmal wieso, help",0,-1,-1,0,0,0
"Studie zu aktuellem Umbruch der Mobilitätsbranche / Wachstumspotenzial bei Connected Car Services / Batteriebetriebene Elektrofahrzeuge vor Plug-In Hybriden/ Eigenes Auto für Jüngere wieder wichtiger - https://t.co/geQOis1NN3 Paribas Cardif Deutschland: Gerlingen, Bergisch Gla... https://t.co/xhkLmBOAW0",0,-1,-1,0,0,0
"-: Elon  zahlt weniger  als ein  in 
 https://t.co/hOKDir22Xp",0,-1,-1,1,0,0
"Das Prinzip:
""BAYERN bezahlt, Berlin verprasst""
muss ein ENDE haben!

Wir kümmern uns darum!
 


≠
 https://t.co/ssU0765fvd",0,-1,-1,0,0,0
Gender Pay Gap: Frauen in Ostdeutschland verdienen mehr als Männer | ZEIT ONLINE https://t.co/8WNC0nGQAi,0,-1,-1,0,0,0
"Die einstige ""Professorenpartei"": Die AfD feiert ihren zehnten Jahrestag | PCLMedia https://t.co/AzGJDMOoqX

     
 https://t.co/ArUrPa9sOR",0,-1,-1,0,0,0
"Wie kann ich in Mathe bei dem Halbjahr nh 3 haben 
Ich war noch nie so dankbar dafür weil ich hasse mein Lehrer 
In Informatik und Kunst hab ich eine 1, und der Rest ist eine 2. Bin mega zufrieden",0,-1,-1,0,0,0
Monitoringausschuss: Menschen mit Behinderungen besonders gefährdet durch Klimakrise und Katastrophen  https://t.co/ZfQju0mGAS,0,-1,-1,0,0,0
| Szenen wie im Blockbuster: Beim -Außenministertreffen in  war US-Außenminister @SecBlinken Blinken derjenige mit den mit Abstand meisten Auflagen. Die Vorkehrungen sind aber nicht unbegründet.  https://t.co/LJw41wen2o,0,-1,-1,0,0,0
"Ich sag es satirisch: so wie @janboehm 
(Ersetze @elonmusk durch Selensky)
klares NEIN
Haben ihn diesem Land eigentlich alle ne Macke
Die Ukraine is corrupt like shit https://t.co/eTqKifY0iD",0,-1,-1,1,1,1
"Auch in einer Demokratie ist ein Putsch Hochverrat und sollte mit Enteignung und Ausbürgerung bestraft werden. Erst recht wenn Ermordung von Regierungsmitgliedern geplant war.
Was ist in Deutschland als Bestrafung vorgesehen?
Von einem Rollatorputsch zu sprechen ist unangemessen.",0,-1,-1,0,0,0
"Sollte es sich bewahrheiten, muss der @Bundestag aktiv werden und die Immunität der entsprechenden Politiker aufheben, um eine Anklage möglich zu machen. 
Unsere Demokratie darf nicht noch weiter untergraben werden durch extremistische Kräfte von Links- und Rechtsaußen.",0,-1,-1,0,1,0
|? Wie furchtbar!,0,-1,-1,0,0,1
rettet !Nachdenken bevor man meckert. https://t.co/mgL4qHnDQF,0,-1,-1,0,0,0
Junge Liberale gründen Ortsverband Voerde https://t.co/1XgMHyr4De via @LokalKlick.eu,0,-1,-1,0,0,0
"Luftwaffengeschwader ""Richthofen"" 2023. Den Namen bekamen sie 1961 vom Nazi-Unterstützer Heinrich Lübke, auch als Bundespräsident bekannt geworden ""Wir.Dienen.Deutschland"" und so... Alter.... https://t.co/VWiI0qTKXQ",0,-1,-1,1,1,1
"Hello, bin live mit League und später Dark Souls mit Bestrafung wenn ich sterbe https://t.co/6nw5dPxmiE https://t.co/qJC6jlavE9",0,-1,-1,0,0,0
"Israel und USA bilden eine Einheit, die von Europa wünschenswert wäre. Was ist die Strategie von @Bundeskanzler und @EmmanuelMacron? Was die außenpolitischen Ziele des @AuswaertigesAmt im Iran?",0,-1,-1,0,0,0
"Ist Deutschland schon Kriegspartei?

Da unsere Außenministerin aus dem Völkerrecht kommt, sollte Sie sich diese Frage selber schon beantwortet haben.
  

https://t.co/aD2eC0HTUz",0,-1,-1,0,0,0
"Gender Pay Gap: Was der Westen vom Osten lernen kann

https://t.co/BHkTjsmhkj",0,-1,-1,0,0,0
"ZUFALLSTREFFER?

Niederländer sagte Erdbeben nahezu exakt voraus

16:46 Uhr

1+6+4+6 = 17

https://t.co/tOR2V6VYfo

Ein Beben der Stärke 7,4 in der Region um die nordwestliche Industriestadt Izmit kostete mehr als 17.000 Menschen das Leben.  https://t.co/7KTerFP452",0,-1,-1,1,0,0
UK-Ankündigung vor einigen Wochen vs. UK-Ankündigung heute   https://t.co/fCBU4gWKL5,0,-1,-1,0,0,0
"Seit der Flutkatastrophe fehlen in  Parkplätze. Jetzt hat der Rat sich dafür entschieden, 46 neue Parkplätze an der Stadtmauer zu schaffen. Diese soll es aber nur solange geben, bis die Marktgarage saniert ist. https://t.co/btt5OIjyUw",0,-1,-1,0,0,0
Union fordert Flüchtlingsgipfel mit Bundeskanzler Scholz https://t.co/032gyGaHlY,0,-1,-1,0,0,0
Die  ist in alle Lebensbereiche vorgedrungen - und muss daher kritisch hinterfragt werden.  Im GUD Podcast der @fh_muenster erläutert Sprecher der GI-Ethik-Fachgruppe Dr. Stefan Ullrich den politischen Kern der Informatik: https://t.co/2jPkSBIEeH,0,-1,-1,0,0,0
"rechtswidrig.
Wir sagen:
 ist ein Grundrecht!

https://t.co/zoiA1fEE4M",0,-1,-1,0,0,0
"Es reicht mir, morgen töte ich Elon Musk und niemand kann mich stoppen.",0,-1,-1,1,1,1
"Wenn  die Organisation von  für extremistisch hält und ein Arbeitsverbot verhängt, wird es höchste Zeit, dass wir  ebenfalls als extremistisches Projekt einstufen und für den Weiterbau ein Arbeitsverbot verhängen. Das kapiert der Mann dann hoffentlich.",0,-1,-1,1,1,1
"Präsident Maduro, Venezuela:
Wir sind solidarisch mit unseren Brüdern und Schwestern aus der Türkei und Syrien, die von mehreren Erdbeben betroffen sind, welche viele Verluste, Verletzungen und vermisste Menschen hinterlassen haben.
Wir umarmen euch. 
https://t.co/iHlo6EkGoT",0,-1,-1,0,0,0
"2nd Life für Akkus aus E-Fahrzeugen
Die Herstellung von Akkus für Elektrofahrzeuge bringt immer vorerst eine negative Umweltbilanz mit sich, welche erst im Laufe der Nutzung nach ca. 10.000 gefahrenen Kilometern neutralisiert wird....
https://t.co/bFa35FZxjh  https://t.co/PtfkbabwrE",0,-1,-1,0,0,0
Lieber @Bundeskanzler und die anderen Präsidenten der westlichen Länder was ist eigentlich mit diesen Menschen? Sind die weniger wert als die Flüchtlinge aus der Ukraine? Oder warum müssen die seit Jahren leiden??!,0,-1,-1,0,0,1
"Klage gegen WDR: Journalist wirft dem Sender „faktisches Arbeitsverbot” vor
„Trotz eines Jahresgehalts von rund 100.000 Euro arbeitet der WDR-Redakteur Jürgen Döschner nur noch höchstens fünf Stunden im Monat.“
@WDRaktuell @spiegelonline @NZZ
 (via @qKSTA) https://t.co/Arrx5qpqmA",0,-1,-1,0,0,0
"Was ist das für ein Elend mit diesem Elon Musk und Tesla. Der könnte in die Geschichte eingehen, indem er etwas gegen Welthunger und Klimawandel unternimmt und stattdessen produziert er heiße Luft und Schrott. 
Ich prangere das an!",0,-1,-1,0,0,0
Orden für Baerbock: So war ihre Rede bei der Verleihung in Aachen https://t.co/rIocSi5dTX via @wdr Die ARD zeigt eine zweistündige Zusammenfassung am Montag um 20:15 Uhr.,0,-1,-1,0,0,0
IMABE-Studie: Was macht Abtreibung mit der Psyche? https://t.co/S5Az4cFdPT   Foto:  AdobeStock_356120585_Tomo https://t.co/OuPrt2FTYK,0,-1,-1,0,0,0
"verstehe nicht warum man überhaupt auf die idee kommt medizinische dienstleistungen zu beschneiden, ob es sterbehilfe ist, abtreibung oder was auch immer. die betroffenen entscheiden was sie wollen und das hat niemanden etwas anzugehen",0,-1,-1,0,0,0
"Bundespräsident : ""Ich hoffe, dass die Kommission rasch und vertieft arbeiten wird. Ich werde der GPK vollumfänglich Auskunft geben."" ... Sind das die richtigen Worte eines ? Oder: arbeitet  nicht vertieft? Ein Bundesrat gibt nicht vollumfänglich Auskunft?",0,-1,-1,0,0,0
Moskaus Staatsanwaltschaft hat ein Arbeitsverbot gegen die Vertretungen Alexej Nawalnyjs verhängt. Das bereitet die Einstufung aller Strukturen des inhaftierten Oppositionsführers als „extremistisch“ vor. https://t.co/gQdPA6j7Wm,0,-1,-1,0,0,0
"Das Video ""Die etwas andere XMAS-Geschichte - Bestrafung der Elfe (Part 1)"" https://t.co/u9tbw1wdwB wurde gerade verkauft! Schaue es dir jetzt auch an",0,-1,-1,0,0,0
"Bundeskanzler Scholz ist Befürchtungen entgegengetreten, Deutschland könnte mit der Lieferung von Kampfpanzern an die Ukraine in dessen Verteidigungskrieg gegen Russland hineingezogen werden:
https://t.co/TwVKioNZ2k",0,-1,-1,0,0,0
Was ja erstmal based von @elonmusk wäre…,0,-1,-1,0,0,0
"Bundeskanzler Scholz pocht auf mehr Tempo beim Ausbau von Windkraft, um die Energiewende voranzutreiben. Von der Ampel-Koalition kommt Kritik. https://t.co/OUi4zgZ4wJ",0,-1,-1,0,0,0
"Die  hat im vergangenen Jahr deutsche -Präsidentschaft geprägt. Ein neues Dashboard soll Daten über Ernährungsunsicherheiten in Krisenregionen liefern. @Worldbank und @GAFSPfund sind überzeugt, Fachleute sehen es eher kritisch. https://t.co/U3l36UDVYg",0,-1,-1,0,0,0
"Bärenstarker Artikel von @fraaanie in @welt. Herr @Bundeskanzler @OlafScholz Ihr Einsatz. 
 
Pandemie-Regeln: Rufen Sie den Freedom Day aus, Herr Bundeskanzler! https://t.co/DeMxVu2yL6",0,-1,-1,0,0,0
"Wir brauchen die Impfpflicht. Wer sich weigert muss mit Arbeitsverbot, Führerscheinentzug, Absenkung von Hartz IV usw. bestraft werden. Es reicht!",0,-1,-1,1,0,1
"Na, seid Ihr auch schon gespannt, welche doch nicht zu Mastodon abgewanderten Grossmäuler Elon Musk 7€ pro Monat für ihren blauen Haken zahlen, weil diese sozial Abgehängten nicht mit dem Bedeutungsverlust fertig werden? https://t.co/DbHsG0EuGs",0,-1,-1,1,1,1
"Es gibt halt Hashtags, da weiß man sofort, dass ausnahmslos alle, die den ernsthaft verwenden, charakterloses Pack sind. #|Drostenluegt gehört dazu.",0,-1,-1,1,1,1
"Meine Gedanken sind bei den Hinterbliebenen und Verletzten.    

Das muss ein Weckruf sein, in solchen Gebieten erdbebensichere Häuser zu bauen. Die Technologie dazu gibt es schon lange.",0,-1,-1,0,0,0
"Die Bilder vom  in Syrien und der Türkei sind unfassbar schrecklich. Derzeitige Schätzungen gehen von 2.400 Toten aus, Tendenz vermutlich deutlich ansteigend. Finde es gut, dass beiden Ländern internationale Hilfe angeboten wird. Krisen gehören gemeinsam gelöst!",0,-1,-1,0,0,0
"G7-Staaten bilden globalen Schutzschirm gegen Klimarisiken | PCLMedia https://t.co/74TDQMm2xE

     https://t.co/OAqWysEdEk",0,-1,-1,0,0,0
"Brian Kemp ist gegen strenge Waffengesetze, Abtreibung, Homo-Ehe. Aber ein großer Fan von E-Autos und Solarzellen. Ist er also ein grüner Republikaner? Nicht ganz. Bei @sternde habe ich geschrieben, wieso.",0,-1,-1,0,0,0
"Elon Musk sagt, dass das WEF zu einer „nicht gewählten Weltregierung“ wird, die eine „satanistische“ Agenda vorantreibt. Musk sagte, die viel gepriesene ESG-Agenda des WEF sei „satanisch“ &amp; argumentierte, dass die multinationale Organisation „zunehmend zu 
https://t.co/SWzt8qIQhb",0,-1,-1,1,0,0
"Heute vor 10 Jahren hat sich die AfD im beschaulichen Oberursel gegründet. Seitdem hat es die Partei bis in den Bundestag geschafft, rückt immer weiter nach rechts und fällt mit antisemitischen Parolen auf, die jüdische Verbände in Sorge versetzen.",0,-1,-1,1,1,1
Deutschland hatte mit Willy Brandt und Helmut Schmidt zwei besonders befähigte Bundeskanzler. Davor und danach war nichts.,0,-1,-1,0,0,0
"Sie haben einen Master in (Wirtschafts-)Informatik oder Wirtschaftswissenschaften mit einschlägiger IT-Berufserfahrung 
und gute Kenntnisse des IT-Betriebs, der IT-Administration, oder der IT-Sicherheit? Bewerben Sie sich als IT-Prüferinnen: https://t.co/E8I6CakMzs   https://t.co/1VIIKg8xoJ",0,-1,-1,0,0,0
Studie zu Prostitutionsverbot: Arbeitsverbot hat Prostituierte in prekäre Lage gedrängt https://t.co/jWnqMay8fw https://t.co/Y7WzXPYAsj,0,-1,-1,0,0,0
"Auch darum sind Sie nicht Bundespräsident geworden, leider!",0,-1,-1,0,0,1
Die rechtsextreme VOX will in Castilla y León das Recht auf Abtreibung einschränken. Schwangere sollen vor dem Abbruch den Embryo-Herzschlag hören. https://t.co/hdjSJBiGMF via @tazgezwitscher,0,-1,-1,1,1,0
"Laut Augenzeugen und den Aussagen des Direktors und dessen Stellvertreter der gemeinnützigen Grundschule für Jungen von Amol, wurde ein neunjähriger Drittklässler von den Sicherheitskräften festgenommen, weil er Khamenei beleidigt hatte!

Freitag, 3.2.2023


 https://t.co/6FusJ2Y8Z0",0,-1,-1,1,0,0
Zum Thema : @bakermckenzie Partnerin Katja Häferer zur  - ein Überblick über den rechtlichen Rahmen in Deutschland https://t.co/tI6j8c9007   https://t.co/ZHXGU6sAVk,0,-1,-1,0,0,0
"Krisen- und Insolvenzticker – Moskau: -Gaspreisdeckel ist ""inakzeptabel""
https://t.co/BkUWmocqWt https://t.co/Ov4o0nIB6R",0,-1,-1,0,0,0
"Zahlreiche Beben heute

Überall auf dem Planeten wurden heute Erschütterungen unterschiedlicher Stärke aufgezeichnet.
Die meisten davon allerdings kaum oder gar nicht spürbar.

ERDBEBEN IN DEN LETZTEN 24 STUNDEN:
 • 2 Beben größer als Stärke 7
 • 2 Beben zwischen Stärke 6 / 7 https://t.co/7rMzW4Xnk9",0,-1,-1,0,0,0
"Die Hilfe nach   in  ist erfolgreich angelaufen, mehr als tausend Haushalte hat @Worldvision mit Decken, Planen und warmen Mahlzeiten versorgt. Sorge macht die Ausbreitung von Krankheiten durch  katastrophale  Hygienesituation. Auch in  und  https://t.co/vhRDD3hHHp",0,-1,-1,0,0,0
"So geht ein totalitäres Regime mit seinen Bürgern um. Repressalien, Willkür, Bestrafung...

Die Menschen im Iran haben ein Leben in Würde und Freiheit verdient.",0,-1,-1,0,0,0
Hör mal in meine Playlist rein: Episode 1 - Elon Musk Interviewed at Code 2021 https://t.co/Lrf33oqquZ,0,-1,-1,0,0,0
"Unser Bundespräsident überreichte uns für die  den  in Gold! Wir sagen Danke,  und Danke , dass wir an dieser wunderschönen Veranstaltung teilnehmen durften!
 https://t.co/rGaFfBK7hS",0,-1,-1,0,0,0
"Sie dankt auch und vor allem den überlebenden Frauen des , die aus dem Trauma der Verschleppung und Versklavung heraus für die  und die Bestrafung von Tätern gestritten haben und streiten: @Farida__Khalaf @NadiaMuradBasee @jihanxal u.v.m. https://t.co/OViFJHEETj",0,-1,-1,0,0,0
"Es ist bitterkalt im Erdbebengebiet und es schneit. Noch immer sind tausende Menschen verschüttet unter Trümmern. Es ist ein Wettlauf gegen die Zeit, internationale Hilfe ist dringend nötig.",0,-1,-1,0,0,0
"In so einen Käfig passt Baerbock gut rein, da fehlt nur noch der Schalldichte Raum dazu!",0,-1,-1,1,1,1
"Wer eine (schwere) Entscheidung treffen muss, der muss die Realität kennen!

: ""der geboren werden wird""

  


》Das Ungeborene entwickelt sich nicht zum Menschen, sondern als Mensch《


https://t.co/TLKSs2Au96",0,-1,-1,1,0,0
"Ich lese ständig, ob ich will oder nicht, von Abtreibung. Für viele scheint das ein zentrales Thema zu sein.",0,-1,-1,0,0,0
Ein Beispiel unserer Hilfe in : Gemeinsam mit ihrem Partner @IYDrelief versorgt unsere Bündnisorganisation @WorldVisionDe 11.000 Geflüchtete mit sauberem Wasser und verhindert damit auch die Ausbreitung von Krankheiten wie Cholera,0,-1,-1,0,0,0
"Jetz hab ich mich doch glatt an meinem Kaffee verschluckt.. 
Iris Berben über : „Intelligent, empathisch, aufrecht und mutig, humorvoll und attraktiv, ohne Gedöns darum zu machen"".
(Ohne Gedöns sind übrigens 136.552,50 Euro für ..)",0,-1,-1,0,0,0
"Elon Musk:

""Ich habe das Buch „Wie wird man verarscht?“ vor Monaten bestellt, aber es ist immer noch nicht da.",0,-1,-1,0,0,0
"als Iraner bitte ich Sie dringend,das IRGC auf die Terroristenliste zu setzen und uns damit nicht nur dabei zu helfen,Frieden zu erreichen,sondern auch den Ukrainern bei der Beendigung des Krieges zu helfen!danke!
‌",0,-1,-1,0,0,0
"In  beginnt heute das Treffen der -AußenministerInnen. Zahlreiche Straßen rund um den Prinzipalmarkt sind gesperrt, 13 Demos sind angemeldet mit insgesamt mehreren Tausend Teilnehmenden, etwa für Klimaschutz und gegen Waffenlieferungen in die . @ZDFheute https://t.co/CxKfnJopGL",0,-1,-1,0,0,0
"Unzählige solcher Kommentare, wo sich  freuen, dass das  vor allem Kurden getroffen hat:",0,-1,-1,0,1,0
"Wenn die @PolizeiMuenchen Menschen, die demonstrieren und nicht Rechte sind, für 5 Tage in Abschreckungshaft stecken möchte und der Richter dann 30 Tage Haft anordnet, kann man realistisch nur noch davon ausgehen, dass das eine Bestrafung sein soll, mithin ein Missbrauch des PAG.",0,-1,-1,0,0,0
Sprechchöre und Ketchup-Fleck: Protest bei Baerbock-Besuch in Potsdam https://t.co/f2aBBKNeyO https://t.co/4ZtYEHL1yY,0,-1,-1,0,0,0
Hoffnungsvolle Aussichten,0,-1,-1,0,0,0
"ist ein nachwachsender  und muss nachhaltig genutzt werden. Es darf laut  nicht mehr entnommen werden, als im selben Zeitraum wieder nachwachsen kann. Solange der Waldspeicher also nicht schrumpft, ist die  energetische  . https://t.co/j5565R7Zfe",0,-1,-1,0,0,0
Bundeswirtschaftsminister Robert Habeck und seine EU-Kollegen wollen heute den Gaspreisdeckel beschließen. https://t.co/hwiYVOVj8I via @focusonline,0,-1,-1,0,0,0
Korruption ist keine System-Frage. Aufklärung und Bestrafung von Korruption sehr wohl.,0,-1,-1,0,0,0
"Bundeskanzler: „Putin hat weder mir gedroht noch Deutschland“, sagt Scholz https://t.co/K6DMWpapOz via @welt",0,-1,-1,0,0,0
"Im Grunde ist es doch faszinierend, wie  Stück für Stück https.//twitter.com zerstört. Ich weiß zwar nicht wer alles über die API Twitter füttert, die gar nicht auf Twitter sind, aber ich glaube die Zahl ist nicht gering.",0,-1,-1,0,0,0
"In  will die extrem rechte Partei VOX Frauen 'anbieten', dass sie vor einer Abtreibung ein Ultraschallbild des Fötus erhalten und dessen Herztöne anhören. Das wird bereits in der Region Kastilien-León praktiziert, wo VOX mitregiert. 
https://t.co/OC5hPBuDxc",0,-1,-1,0,0,0
"Nach dem  in Khoy, NW-, vertreibt das Mullah-Regime die Hilfesuchenden mit Wasserwerfern! Steine fürs eigene Volk, Brot und Waffen für !
  
@tagesschau @ZDFheute @DLF",0,-1,-1,1,0,1
"Ep. 182: Der Gender Pay Gap – wieso Frauen weniger verdienen  
https://t.co/XvgNLzvs2G via @PodcastAddict",0,-1,-1,0,0,0
"Twitter: Elon Musk will für goldene Haken wohl 1000 Dollar pro Monat verlangen
https://t.co/9TmiXP1Rtm",0,-1,-1,1,0,0
"15.1.2023"" kritisiert uncoole |debatte"", berichtet Der SPIEGEL am 13.1.23 .
Kommentar: Es sieht so aus, als ob der (""ich kann mich nicht erinnern"") bis heute nicht realisiert hat, dass in der  Krieg herrscht u.tägl. Menschen sterben.|@AFPde https://t.co/UA1oBUIjaf",0,-1,-1,0,0,1
CARE-Helfer nach Zyklon  auf : „Jetzt die Ausbreitung von Krankheiten verhindern“ https://t.co/jiMM2c5wKQ via @care_de,0,-1,-1,0,0,0
"StM Christian Bernreiter übernimmt Patenschaft des neuen -Trainings des @ADAC Südbayern! „Ich begrüße es sehr, dass es nun spezielle ​ dazu gibt. Elektrofahrzeuge werden immer mehr. Es sind schon mehr als 115.000 E-Autos in  unterwegs.“  https://t.co/h18Czb0oxd",0,-1,-1,0,0,0
"Farhad Meysami ist ein iranischer Arzt, Lehrer und Bürgerrechtler.  Er glaubt an Gewaltlosigkeit und zivilen Ungehorsam. Seit August 2018 verbüßte er eine fünfjährige Haftstrafe wegen Verbrechen wie „Verbreitung von Propaganda gegen das System.   https://t.co/6oT5Ndysky",0,-1,-1,0,0,0
"Der erste Bundespräsident, der überhaupt eine Rede bei seiner Angelobung gehalten hat, war Karl Renner 1945. Die Rede seines Nachfolgers Theodor Körner war so kurz, dass die Sitzung der Bundesversammlung 1951 nur eine Viertelstunde gedauert hat.",0,-1,-1,0,0,0
"Sitzungsfrei Bundestag=Wahlkreiswoche. Frage: Was machst Du da eigentlich? Stichpunkte: Besuch bei Verkehrsverbund, Stadtratsfraktion, IHK, Härterei, Spedition, Apotheke, Zahnarzt, Präsidium Landesvorstand, Handwerkskammer. Heute Haushaltklausur und meine freiwillige Feuerwehr. https://t.co/AutlxpUF4P",0,-1,-1,0,0,0
"Corona in Lippe: Kreis hakt die Impfpflicht ab

Die Corona-Impfpflicht in Gesundheitsberufen soll zum Jahresende auslaufen. Hier bei uns in Lippe wird sie damit ein zahnloser Tiger bleiben. Denn hier hat der Kreis nicht ein einziges Arbeitsverbot für ung… https://t.co/xTuIyooNjf",0,-1,-1,0,0,0
"Außenministerin Baerbock: China ist nicht nur Partner sondern auch Rivale | PCLMedia https://t.co/GgTOZyXZVT

      https://t.co/uqmtYPcfGg",0,-1,-1,0,0,0
"Morgen bei @epd_news  zu lesen: Die Ratsvorsitzende @EKD, Annette Kurschus (rechts), über ,  und . Das Interview führten @co_ohnezusatz
und @KarstenFrerichs, Foto vom Rundgang in unserem Berliner Büro: Christian Ditsch https://t.co/hOZB3ZBz6r",0,-1,-1,0,0,0
"Zur Ladeinfrastruktur für Elektrofahrzeuge gehört ein intelligentes Lastmanagement , ein Zugangsmanagement + ein Monitoring. Schneider Electric ´s EV Charging Expert bietet das alles All-in-One: Lastmanagementsystem für Elektrofahrzeuge https://t.co/KdbDFOVFY8",0,-1,-1,0,0,0
Die Demo ist nicht paritätisch besetzt. Ein Fall für die  bitte Frau  oder Frau  übernehmen sie.,0,-1,-1,0,0,0
Katastrophen: Verheerende Erdbeben in Türkei und Syrien https://t.co/f1coajs8Nh https://t.co/8J3x1DMyih,0,-1,-1,0,0,0
Demnächst auch in Deutschland? @NancyFaeser @Bundeskanzler,0,-1,-1,0,0,0
"Shanghai meldet erste drei Tote in jüngstem Corona-Ausbruch!

Ihr Alter wurde mit 89 bis 91 Jahre angegeben, hoffen wir einmal das @Karl_Lauterbach nicht auf Ideen kommt.  

 
 

https://t.co/P376FrCOgx",0,-1,-1,1,0,1
"Die Betroffenen der Flutkatastrophe erhalten finanzielle Unterstützung von der Ostsee. 

https://t.co/inAhzzKi63",0,-1,-1,0,0,0
"Die Jagd sorgt für eine beschleunigte Ausbreitung von Krankheiten. Die Zerstörung stabiler Familienverbände führt nicht nur zu einem Anstieg der Geburtenrate, sondern auch zu vermehrten Wanderungen einzelner Tiere!  https://t.co/FicXHkt0rV",0,-1,-1,1,0,0
Jeden Freitag wird in  demonstriert! Jeden Freitag werden Menschen durch  dort entführt. Und jede Woche Menschen dort hingerichtet!,0,-1,-1,1,0,1
"20. Feb
11:30 Uhr
Brüssel

 2. Schritt
 Entschlossenheit
 Sieg

Unsere großartige,… verbundene Präsenz übermittelt die Botschaft des Willens der iranischen Nation a d Europarat.
Umsetzung der vom Parlament verabschiedeten Terrorresolution",0,-1,-1,0,0,0
Über 100 Informatik-Studierende schreiben E-Klausuren am PC in Präsenz. Der Sound der Clickworker. Der Geruch zwischen Douglas-Filiale und Bahnsteig. Der konzentrierte Gesichtsausdruck wie beim Studium einer englischen Speisekarte.,0,-1,-1,0,0,0
"Die Energieminister der Europäischen Union wollen in  über einen -weiten  abstimmen. Bundeswirtschaftsminister Robert  () äußerte die Befürchtung, dass  bei diesem Thema überstimmt werden könnte. https://t.co/WnI5WtwFQB",0,-1,-1,0,0,0
"Klage über»faktisches Arbeitsverbot«:
WDR-Journalist arbeitet offenbar 5 Std im Monat – für 100.000 Euro/Jahr.
Jürgen Döschner wurde ausgezeichnet,gilt als Experte für Industrie-u Energiepolitik.
Dennoch wird er kaum eingesetzt.
WDR weist Vorwürfe zurück https://t.co/65hneldjuv",0,-1,-1,0,0,0
"Hier der erste Kommentar zur Antwort der EKD nach meinem Anruf. Dieser bezieht sich auf die Abschaffung des §219a und Abtreibung.

Schlimm was sich die Kirche leistet.

https://t.co/OsSNYm9ZxQ",0,-1,-1,0,0,1
"Mitarbeiter so: ""Oh, eine unbekannte E-mail mit Anhang, schaue ich mir unbedingt an!""

1 Stunde später: 7000 infizierte Computer mit , die plötzlich verschlüsselt  sind und totaler Kontrollverlust der Firma über interne Prozesse""",0,-1,-1,1,0,0
"Eine Stunde History - Deutschlandfunk Nova: Recht auf Abtreibung - Roe vs. Wade    
 https://t.co/NoOYmqATsf",0,-1,-1,0,0,0
", zwei Wochen nach dem verheerenden .
Das CARE-Team vor Ort unterstützt die Menschen beim Wiederaufbau.
Der Inhalt unserer modernen -Pakete: Zum Beispiel Hygieneartikel gegen die Ausbreitung von Krankheiten.
https://t.co/NxT4K78ti8 https://t.co/dkxrP0D3oz",0,-1,-1,0,0,0
"Jetzt ist’s raus: Vredesteins E-Ganzjahresreifen wird „Quatrac Pro EV“ heißen -
https://t.co/xJ3IYfXRJZ
Mit dem speziell für Elektrofahrzeuge ausgelegten Ganzjahresreifen seiner Marke Vredestein macht es Apollo Tyres weiter spannend. Nachdem dessen Launch schon im Sommer für... https://t.co/9BGgtx16on",0,-1,-1,0,0,0
"Zürcher  möchten eine spezielle -Zone in der Stadt: Die jüdischen Gemeinden wollen in  eine Sabbat-Zone schaffen, wo sie trotz Arbeitsverbot gewisses tun dürften. 
https://t.co/ABjulDqnCJ",0,-1,-1,0,1,0
"Zuwachs in MINT-Studiengängen | Physik, Mathematik und Informatik BTU Cottbus https://t.co/ksqdb3Ck5D https://t.co/yZcXuIMbhj",0,-1,-1,0,0,0
Frohe Weihnachten und geruhsame Feiertage wünschen wir! @ProglRichard @Bayernpartei   https://t.co/qaWuQlhoEg,0,-1,-1,0,0,0
"Elon Musk antwortet auf jeden Unsinn. Auch auf ganz offensichtlich erfundene Opferzahlen der Russen die eine direkte NATO-Beteiligung nahelegen, die von einer türkischen Quelle verbreitet wurden.

Peinlich!",0,-1,-1,1,0,1
"Faeser kündigt Konsequenzen aus Silvesternacht an
Schnelle Bestrafung der Täter, verschärftes Waffenrecht, bessere Sozialarbeit: Innenministerin Faeser kündigt bei einem Besuch der Feuerwache Neukölln entschiedene Reaktionen auf die Silvester-Krawalle an. https://t.co/UFiIBUhvWt",0,-1,-1,0,0,0
"Achtung, @AuswaertigesAmt, Achtung, @ABaerbock, Achtung, @Bundeskanzler, Achtung @Europarl_DE, Achtung, Achtung, Achtung",0,-1,-1,0,0,0
"Angenommen man sagt jetzt wirklich Roman muss an beiden Tagen jeweils ein Titel verteidigen. Wäre das nicht eine ""Bestrafung"" für Cody Rhodes?",0,-1,-1,0,0,0
"Wider den tierischen Ernst.  in : ""„Ich wollte eigentlich als  kommen, aber dann hatte ich doch Sorge, dass mir das  wochenlang keine Reisegenehmigung erteilt.“""",0,-1,-1,0,0,0
"Aus dem Land der Bibel - Strassen, die Elektrofahrzeuge aufladen https://t.co/UyVFe7XiZ7",0,-1,-1,0,0,0
"Damit bis 2030 die Ziele bei der Onshore-Windenergie erreicht werden, will der Bundeskanzler die Länder jeden Monat zum Gespräch bitten – und wenn nötig zum Nachholen verpflichten. Scholz spricht von einem „Deutschland-Tempo“. https://t.co/Kq4i56N5eJ via @FAZ_Wirtschaft",0,-1,-1,0,0,0
"Als Dienstleister für Event-Sicherheitstechnik hat Movetos Austria mit Sitz in Wien zusammen mit den Kollegen aus Deutschland die Notfallbeleuchtung und die Durchsagebeschallung für den Tag deutschen Einheit geliefert. 

https://t.co/tofrZzRNLm https://t.co/VUDqoFPfON",0,-1,-1,0,0,0
"Bevor das wieder jemand für blöd hält. Ich sage niemandem, dass er kaufen soll :) Ich habe nachgesehen, ich habe abgenommen. Sie tun, was Sie denken.
--&gt; https://t.co/AqKIwp55t7
  Ich empfehle es jedem, der abnehmen möchte und ein Problem hat",0,-1,-1,0,0,0
"Das bekommt unser deutscher   seit Jahren nicht auf die Reihe:
https://t.co/6jZblDPbk4",0,-1,-1,0,0,1
"""Die Verkehrswende steckt nicht im Stau; die FDP erweckt den Eindruck, als wolle sie sie fahrlässig verzögern."" https://t.co/FH988WwfR0",0,-1,-1,0,0,0
Das video war jetzt eher ne bestrafung für mica,0,-1,-1,0,0,0
Das ist kein Scherz! Alle anständigen Staaten müssen das boykottieren! @BundesregDE @ABaerbock @Bundeskanzler @bkagvat,0,-1,-1,1,0,0
Die grünen  stehen beim Klimaclub zu Recht im Fokus: Die Grundzüge für ein klimapolitisches  der  wurden nun festgelegt. Mehr dazu in unserer aktuellen Pressemitteilung: https://t.co/5rAjiZHT9I,0,-1,-1,0,0,0
„Free Iranian protest rapper Toomaj Salehi  ” - Jetzt unterschreiben! https://t.co/7H06TQTnJq via @ChangeGER,0,-1,-1,0,0,0
"Hilfe wird dringend gebraucht! 
  
Schreckliche Erdbeben in der Türkei und in Syrien..",0,-1,-1,0,0,0
"12,00 Euro ab 1.10.2022
1.420.000 Jobs mit Mindestlohn (2019)
   807.000 Frauen mit Mindestlohn (2019)

https://t.co/XspVw990HA",0,-1,-1,0,0,0
"Schritt 1 Es muss ein Referat gehalten werden

Schritt 2 Ich halte über die Bayernpartei

Schritt 3 Ich pflanze Propaganda in die Köpfe meiner Klassenkameraden

Schritt 4 PROFIT!",0,-1,-1,0,0,1
Gender Pay Gap: Frauen im Osten verdienen in Vollzeit mehr als Männer https://t.co/SiRFc6lkA2 https://t.co/ajW1WuPUli,0,-1,-1,0,0,0
"Da ich gerade nicht so ausreichend viel Platz habe wie die Bodenseeenten, hier ein kleiner, fast nicht frecher Reminder, dass Ihr gerade voll gerne meinen Shop leerkaufen dürft (Umzug, größere Wohnung, Babykram, Arbeitsverbot, diesdas). Wär mega! &lt;3

https://t.co/vV4xu9o8yt https://t.co/Ki7sqqoChz",0,-1,-1,0,0,0
"Die JF schreibt: »BundeswehrKeine Massenfertigung auf Knopfdruck: Eigentlich sollte nach der von Bundeskanzler Olaf Scholz (SPD) ausgerufenen „Zeitenwende“ alles ganz schnell gehen: Die Bundeswehr sollte moderner, stärker und größer werden. Doch der… https://t.co/XcfZGB7cvo «",0,-1,-1,0,0,0
"In , , , , ,  &amp;  dürfen Entbindungspfleger*innen eine medikamentöse  anbieten, in  ist das nicht erlaubt.  hat überhaupt keine offizielle Regelung dazu, wer Abbrüche durchführen darf. https://t.co/ZPr5VYaDwY",0,-1,-1,0,0,0
"Twitter – Das von Elon Musk im letzten Jahr übernommene Unternehmen kündigte an, ihre Nutzer zukünftig an den Werbeeinnahmen beteiligen zu wollen: https://t.co/vE1eyvaHYj https://t.co/Y4wXWrHROY",0,-1,-1,0,0,0
"Das man erst mit &gt; 40 Jahren Bundespräsident werden kann und ich so seit fast 25 Jahren Altersdiskriminiert werde, davon redet wieder keiner https://t.co/BYF6UcVpAy",0,-1,-1,0,0,0
"""Das Radio"" ist der letzte Ort, wo man sich zur RKK informieren sollte.

Es gibt keine Ablehnung der RKK, was Kinderwunschbehandlung generell angeht. 

Abgelehnt werden die Abtreibung befruchteter Oozyten, Leihmutterschaft und der Handel mit Oozyten.",0,-1,-1,0,0,0
Ein @Heute_at-Kommentar von Chefredakteur @coistric: Die Ablehnung von Bundespräsident Alexander Van der Bellen und eine desolate Rendi-SPÖ lassen bei Herbert Kickl die Sektkorken knallen. https://t.co/xzFEOUKVvD,0,-1,-1,0,0,0
"Teheran, Iran - 2023. 

Wider den Gehorsam.
Wider den autoritären Sitten und Gesetzen der Mullahs.

You will make it. You will succeed. 
No matter what!

  ‌  https://t.co/cb6RYsFX6I",0,-1,-1,0,0,0
Verdrehter Gender Pay Gap – gibt es das in Brandenburg tatsächlich? https://t.co/6EgQvL1orF,0,-1,-1,1,0,0
Abnehmen wie Elon Musk: Wie gefährlich ist der Trend mit der Diabetesspritze? https://t.co/UF4EviEtzm,0,-1,-1,1,0,0
"Vernünftig wäre es, staatliche Leistungen zu reduzieren und das Arbeitsverbot zu beenden. Und vernünftig wäre es auch, Asyl nur noch denen zu gewähren, die es brauchen und zugleich ein Einwanderungsgesetz zu beschließen, das diesen Namen verdient. https://t.co/583wusUOoi",0,-1,-1,0,1,0
"Sonntagsfrage zur Landtagswahl in Bayern () • GMS für SAT.1 Bayern: CSU 41 % | GRÜNE 18 % | FREIE WÄHLER 10 % | AfD 10 % | SPD 9 % | FDP 4 % | DIE LINKE 2 % | Bayernpartei 1 % | Sonstige 5 %
➤ Verlauf: https://t.co/oLImp53k8P
Nächste Landtagswahl: 8. Oktober 2023 https://t.co/Wu3US9o7gx",0,-1,-1,0,0,0
Neutralität in Gefahr durch Regierung und Bundespräsident VdB – ein FPÖ-TV-Interview! https://t.co/neP9OHBm74,0,-1,-1,1,0,0
"Das ist  aus Rasht. Sie ist seit über 2 Monaten im Gefängnis in Karadsch und wurde gefoltert. Sie soll jetzt Richter Asef Al-Hosseini, der (so wie Salavati) eine Vorliebe für das Verhängen von Todesurteilen hat, vorgeführt werden.   https://t.co/aMTpYlAkAl",0,-1,-1,1,0,0
"@Bundeskanzler @spdde @OlafScholz 
„Panzler“ Scholz macht Druck auf Verbündete, weil niemand Leos liefern will. https://t.co/Jj9k7MtLX4",0,-1,-1,1,0,0
"Wusstet ihr eigentlich, dass der Bundespräsident Leute begnadigen kann, ohne das öffentlich zu machen?Fragdenstaat hat geklagt. Ergebnis:Nach unserer Klage hat das Berliner Verwaltungsgericht entschieden, dass die Geheimhaltung vorerst bestehen bleibt.… https://t.co/UgMPqcKZfD",0,-1,-1,0,0,0
"Brand in Flüchtlingsunterkunft: Faeser und Esken fordern schnelle und harte Bestrafung

https://t.co/nkQQVM1zxL",0,-1,-1,1,0,0
Chinas Nutzpflanzen in Gefahr: Klimawandel fördert Ausbreitung von Pflanzenschädlingen und -krankheiten https://t.co/4oigIoeaYL,0,-1,-1,0,0,0
"Bundespräsident ruft zu Einsatz für die Demokratie auf: Die Demokratie sei unter Druck geraten, sagte Steinmeier zum 80. Jahrestag der Hinrichtung von Mitgliedern der Weißen Rose. https://t.co/rJii0ryMkr",0,-1,-1,0,0,0
"Die Landkreise brauchen in Flüchtlingsfragen dringend die koordinierte Unterstützung der gesamten Bundesregierung. Es ist höchste Zeit für ein Gespräch mit dem Bundeskanzler. Nur er hat die übergreifende Kompetenz in allen uns berührenden Fragen. 
https://t.co/JcvsaAHkyV",0,-1,-1,0,0,0
Das Zitat von Außenministerin Baerbock und dessen Einordnung https://t.co/i1qbdOwfjf via @YouTube,0,-1,-1,0,0,0
"Vhélio: solide, solar und unterstützend

Beim Vhélio-Projekt geht es darum, sich praktischer, sparsamer und ökologischer fortzubewegen.

Dies sind 2 solarbetriebene Elektrofahrzeuge: das Vhélioriginal (zu kaufen)… https://t.co/OFZWubuz0n",0,-1,-1,0,0,0
Laut @destatis haben Frauen im Jahr 2022 pro Stunde durchschnittlich 18% weniger verdient als Männer . Dadurch zahlen Frauen auch weniger in die Rentenkasse ein und haben im Alter entsprechend weniger Einkommen zur Verfügung . https://t.co/O4gILP3UXi,0,-1,-1,0,0,0
Da bekommt die Abtreibung einen neuen Sinn.,0,-1,-1,0,1,0
"Nach der Großdemonstration in Paris geht es nach Brüssel

 20. Februar 2023, Brüssel, Belgien",0,-1,-1,0,0,0
"Man kann über die  nur noch den Kopf schütteln. Wann wachen die Bürger endlich auf und erkennen, dass   Vorreiter dieser desaströsen  waren und die   Vollstrecker sind.",0,-1,-1,0,1,1
"Heute, 20.15 Uhr, ARD: Die AKV-Ordenssitzung mit Ritterin Annalena Baerbock wird ausgestrahlt. Unsere Redakteure verraten, worauf Sie achten sollten. https://t.co/naswUN1bPV",0,-1,-1,0,0,0
"Das Erdbeben in der Türkei und Syrien lässt mich wieder mal daran denken, das man nicht auf Sachen verzichten sollte. Esst das Eis, wer weiß ob ihr es morgen noch könnt!",0,-1,-1,0,0,0
Erdbeben Türkei https://t.co/p5Uxz79pSW,0,-1,-1,0,0,0
Ein 70-köpfiges Such- und Rettungsteam aus Malaysia macht sich auf den Weg in die Türkei.,0,-1,-1,0,0,0
gigi und djamila sind einfach toll,0,-1,-1,0,0,0
"Verbandspräsidentin Prof. Dr.  zum : Gut, dass es vorangeht! Dass sich die  auf den vom @Bundeskanzler initiierten Klimaclub verständigt haben, ist ein starkes Signal. Wer schneller vorangehen kann, soll das tun – denn wir dürfen keine Zeit mehr verlieren.""",0,-1,-1,0,0,0
"Bundespräsident Frank Walter Steinmeier erinnert soeben in der Ludwig-Maximilian-Universität München an das tragische Schicksal der ""Weißen Rose"" und lobte ihren Mut und ihre Zivilcourage! Am 22.2.1943 wurden als erste die Geschwister Scholl und Christoph Propst hingerichtet. https://t.co/0SoW7ZgSGo",0,-1,-1,0,0,0
"in der  und 
Mindestens 2300 Tote, Tausende Verletzte
https://t.co/JClpBkS1W2",0,-1,-1,1,0,0
Twitter braucht Geld: Setzt Elon Musk auf Krypto-Zahlungen? - BTC Echo https://t.co/jOD7raCeVX,0,-1,-1,0,0,0
"Die Zeit für Parität ist jetzt! 

Hier die Statements zur Initiative  des -Diözesanvorstandes im Bistum Trier. 

Alle können mitmachen!

Wie das geht unter https://t.co/oISQsCYgyk (rm)




 https://t.co/5PLvWd2i0i",0,-1,-1,0,0,0
Unban Nick Fuentes @elonmusk,0,-1,-1,0,0,0
"Minister kündigt „eindeutige Reaktion“ an: Krankenhäuser in   verweigern 14-Jähriger Abtreibung nach Vergewaltigung 
https://t.co/7hepED0QWW",0,-1,-1,1,0,0
"Indoor-Spielplätze sind die verspätete Bestrafung für ungeschützten Geschlechtsverkehr.
Change my mind",0,-1,-1,1,1,1
"Elektrofahrzeuge ALKE' - Instagram
https://t.co/6sk5moYNnu https://t.co/XEdb9TfyoO",0,-1,-1,0,0,0
Innerhalb von 12 Stunden haben drei schwere Erdbeben das türkisch-syrische Grenzgebiet erschüttert. Die Zahl der Opfer steigt weiter. Verfolgen Sie hier die aktuelle Situation. https://t.co/snKG62RAr4,0,-1,-1,0,0,0
"Social Media ist eine Kunst die erlernt werden kann!

Wie? Das erfährst du in unserem Online Infoanlass am 6. Feb. 18:00-19:00

Jetzt anmelden via: https://t.co/M9rfKKiSyi

      https://t.co/sWbVeT3myd",0,-1,-1,0,0,0
Der Bundespräsident spricht in der Bundesversammlung mit Bedauern über die Opfer des Krieges in der Ukraine und kritisiert Putin. Bei der FPÖ regt sich keine Hand. Alles klar.,0,-1,-1,0,0,0
Irgendwas mit Bundestag lol,0,-1,-1,0,0,0
"Die Times kürt Giorgia Meloni zur beliebtesten Führungskraft in Europa.

In den deutschen Medien kein Wort davon.",0,-1,-1,0,0,0
Mein Tesla kann sprechen        https://t.co/AgeMdfGYhB,0,-1,-1,0,0,0
"TWITTER UNMUTE TAEHYUNG
@Twitter @TwitterSupport @elonmusk @TwitterKorea",0,-1,-1,0,0,0
.@elonmusk Ich möchte ein Tesla?!,0,-1,-1,0,0,0
Frankreich will Recht auf Abtreibung in der Verfassung verankern:  https://t.co/zvKzvDi2LU,0,-1,-1,0,0,0
"Information aus ...

Warum stocken die Rettungsmaßnahmen ? 

Allein im raum Hatay sind etwa 1200 Gebäude eingestürzt.

Hilferufe aus allen teilen der betroffenen Regionen.",0,-1,-1,0,0,0
ist Vicco von Bülows Rache an den Deutschen.,0,-1,-1,0,0,0
Erdbeben in Türkei und Syrien: Mindestens 2300 Tote – EU schickt Rettungsteams - WELT https://t.co/YFOL6pdyjZ,0,-1,-1,0,0,0
"in der Türkei, Kurdistan und Syrien
In der Nacht zu Montag kam es zu einem Massiven Erdbeben im Nahen Osten mit mehreren Hundert Tote, auch in Rojava. Eine Möglichkeit die Rettung zu unterstützen ist, an den kurdischen Roten Halbmond zu spenden.

https://t.co/j8W7DJIRZb https://t.co/aBUeKlbPJw",0,-1,-1,0,0,0
"Der Satanic Temple eröffnet eine Klinik für religiöse Abtreibung in New Mexico.

Der Satanic Temple gab heute bekannt, dass die erste religiöse Abtreibungsklinik mit dem Titel „The Samuel Alito’s Mom’s Abortion Clinic“ eröffnen würde. https://t.co/cRqJJO3sKt",0,-1,-1,1,0,0
"Wissenschaftler verwandeln Altpapier in Batterieteile für Smartphones und Elektrofahrzeuge https://t.co/4gHp3wuNxQ 
Wissenschaftler der Nanyang Technological University, Singapur (NTU Singapur) haben eine Technik entwickelt, mit der sich Altpapier aus Einwegverpackungen, Tüten … https://t.co/t8Eexjcv4a",0,-1,-1,0,0,0
EU: Dynamischer Gaspreisdeckel für Großhändler beschlossen https://t.co/K8fBRL4Gsb via @China_Welt_News,0,-1,-1,0,0,0
Die FH Oberösterreich bietet in Steyr eine  BETRIEBLICHE INFORMATIONSSYSTEME UND BUSINESS INTELLIGENCE (M/W/D). Alle Informationen finden Sie hier! https://t.co/ndRYrJUMEw,0,-1,-1,0,0,0
"Liebe Bayer*innen: Wer nicht belogen werden möchte, sollte bei Abtreibung die Aussagen der meisten, die sich ""Journalist"" nennen, ignorieren.

Hier zB Lüge, bei Abtreibung würden Frauen über ihren Körper bestimmen. Dabei bestimmen sie über ihren Körper UND den Körper des Kindes https://t.co/kTIIXej7eI",0,-1,-1,1,1,1
"Ich meine,dass Anne Will einen Youtube Kanal für ihre grün-linke Talkshow eröffnen sollte. Die Sendung in der ARD wird von unseren Zwangsgebühren finanziert und deshalb möchte ich auch andere Sichtweisen von allen Parteien, die im Bundestag sitzen sehen.",0,-1,-1,0,0,0
"beenden!

Gratulation an unseren Michael Hofmann!

https://t.co/jTuerTAjiT 

@michigerda https://t.co/LF43RLBTj8",0,-1,-1,0,0,0
"Bundeskanzler Scholz hat in seiner letzten  in diesem Jahr einen Schwerpunkt auf den Krieg in der  gelegt. Scholz sagte vor dem Bundestag, der russische Präsident habe alle seine Ziele verfehlt.

https://t.co/hq9tKfbmgN",0,-1,-1,0,0,0
"Zur Ladeinfrastruktur für Elektrofahrzeuge gehört ein intelligentes Lastmanagement , ein Zugangsmanagement + ein Monitoring. Schneider Electric ´s EV Charging Expert bietet das alles All-in-One: Lastmanagementsystem für Elektrofahrzeuge https://t.co/sG92R900bH",0,-1,-1,0,0,0
"Übrigens werden Handys und Fashion nicht fair produziert, außerdem gehört Twitter Elon Musk und der ist auch nicht so cool.",0,-1,-1,0,0,0
Apokalyptische Szenen – Videos zeigen Erdbeben in der Türkei https://t.co/oWE2Vmvb3i,0,-1,-1,1,0,0
"Ein Jurist aus dem  soll im Zusammenhang mit der Aufklärung der -Flutkatastrophe 2021 im Auftrag des Mainzer Innenministeriums prüfen, ob das Ministerium dem Untersuchungsausschuss des Landtags alle notwendigen Akten geliefert hat. https://t.co/b0YWW8QUwd",0,-1,-1,0,0,0
"&lt;3 Věra  *2.2.1929 Ostrava – 12.3.2014 , Filmregisseurin &amp; Drehbuchautorin: Initiatorin der „Neuen Welle“ in der . 

Chytilová, ""frühe"" , erhielt für ihre Aktionen und Filme von 1969 bis 1975 Arbeitsverbot. https://t.co/w8fEL7Ig1i",0,-1,-1,0,0,0
"Mit den - und -Sanktionen sollen Russlands Öleinnahmen reduziert werden.  drohte mit Gegenmaßnahmen. Die + kündigte an, die derzeitigen Fördermengen unverändert beizubehalten.
https://t.co/Pl8azhzuKX",0,-1,-1,0,0,0
"Die Vorzeichen der Endzeit
Denn es wird sich ein Volk gegen das andere erheben und ein Königreich gegen das andere; und es werden Hungersnöte sein und Erdbeben hier und dort.
Matthäus 24:7",0,-1,-1,1,0,0
"1950 gründete Elly Heuss-Knapp das Müttergenesungswerk @mgw_berlin . Der @SWR2 hat dazu ein schönes Feature gemacht. 

https://t.co/tUs6MtUDY2",0,-1,-1,0,0,0
"Schauen Sie mal Herr @Bundeskanzler, wir brauchen wirklich keine Angst zu haben. Die Russen behaupten ja ohnehin wir wären mit Bodentruppen vor Ort, von daher stellen Waffenlieferungen jedweder Art ja keine Eskalation mehr dar.",0,-1,-1,1,0,0
"Wie viele Muslime gibt es in 20 Jahren in Österreich?
Weiterlesen =&gt; https://t.co/Fsh3eZ5UHH",0,-1,-1,0,0,0
"Leider riskiert man mit den Konsum von , als Person die mit Kindern arbeitet, ein 5 Jähriges Arbeitsverbot. Und das auch wenn man völlig nüchtern zur Arbeit geht. Aber vor der Arbeit erstmal Hustensaft oder andere Medizin mit Alkohol zu nehmen ist natürlich kein Problem.",0,-1,-1,0,0,0
"https://t.co/7gi41R7ZTP

Und so etwas bleibt einfach unwidersprochen?
Keine Reaktion aus dem Bundestag?
Keine Reaktion von den restlichen Bundestagsabgeordneten???

Von den Medien?
Unglaublich",0,-1,-1,0,0,0
"+++ Spendenaufruf +++ 

Wann: Morgen, Dienstag 16:45 - 19:45 Uhr
Wo: Stadion an der Kreuzeiche
Was: Winterkleidung, Hygieneartikel, Windeln, Babynahrung und Decken (bestenfalls in beschrifteten Kartons)

Ansprechpartner: 
Turgay Dogan | +49 177 4640449

  https://t.co/wjcy976I09",0,-1,-1,0,0,0
"Die -Energieminister einigen sich beim . Auch die Bundesregierung stimmt zu, obwohl das Limit recht niedrig ist – anders als Berlin lange gefordert hat. @bjoern_finke berichtet. https://t.co/3FQed5l83D",0,-1,-1,0,0,0
Drohende Abschiebung nach Tadschikistan: Doppelte Bestrafung https://t.co/aKpUp6hryL,0,-1,-1,1,0,0
"Sonntagsfrage zur Landtagswahl in Bayern () • GMS für SAT.1 Bayern: CSU 39 % | GRÜNE 18 % | AfD 13 % | FREIE WÄHLER 10 % | SPD 9 % | FDP 4 % | DIE LINKE 2 % | Bayernpartei 1 % | Sonstige 4 %
➤ Verlauf: https://t.co/oLImp53k8P
Nächste Landtagswahl: vorauss. Herbst 2023 https://t.co/02MoAY5lXI",0,-1,-1,0,0,0
Gender Pay Gap in Baden-Württemberg: Frauen im Südwesten verdienen weiter deutlich weniger als Männer - Esslinger Zeitung https://t.co/KjSxsJIZF5 https://t.co/MOzJ0RIoGC,0,-1,-1,0,0,0
ARTE: USA: Keine Abtreibung mehr in Alabama | ARTE Reportage https://t.co/KRdNDdzAb1,0,-1,-1,0,0,0
Die Aidshilfe weist auf Diskriminierung durch nicht medizinisch begründete Gesetze hin. Sexarbeitet*innen sind davon ebenfalls betroffen. Wenn sie HIV positiv getestet werden besteht ein Arbeitsverbot. Auch wenn die Viruslast unter Nachweisbarkeitsgrenze liegt.,0,-1,-1,0,0,0
"Was ist der Mindestlohn in Delhi? 
https://t.co/Jmv9zdi2KD",0,-1,-1,0,0,0
"Wie kommt eigentlich der SPÖ Hacker darauf, dass er es besser weiß, ah ja, er ist ja ein Roter...Und dann will er noch 2G am Arbeitsplatz, also Arbeitsverbot für Ungeimpfte und nicht Geboosterte
https://t.co/ZiME16mdly
    Inserate",0,-1,-1,1,1,1
"Bitte erspart uns diese Frau, vielleicht gibt es Sachen die sie kann.  kann Sie nicht.
n-tv NACHRICHTEN: Nicht im Leopardenkostüm: Baerbock bekommt Orden wider den tierischen Ernst.
https://t.co/PvIw64NnGD

über @GoogleNews",0,-1,-1,0,1,1
"… Koalition!!!!

 für die Menschen;
 für den Iran;
 für wieder auf der Straße tanzen!

 ̇ni̇",0,-1,-1,0,0,0
lucas freut sich genauso sehr wie der fc bayern münchen über die deutsche meisterschaft,0,-1,-1,0,0,0
Elektrofahrzeuge ALKE'  https://t.co/CaveQaUZwp https://t.co/O9mms09Hzw,0,-1,-1,0,0,0
"Genialer Schachzug: Elon  kommt um Rücktritt als Twitter-Chef herum, indem er einfach sein Wort nicht hält
https://t.co/llrYLdsBKA",0,-1,-1,0,0,0
"Fragen Sie mal Kinder, was die von Abtreibung halten.",0,-1,-1,0,1,0
"Hörspiel über Abtreibung und beste Freundinnen - Keimzellen
https://t.co/JTlliMGScX",0,-1,-1,0,0,0
Imagine man wählt die Bayernpartei,0,-1,-1,0,0,0
"SAVE THE DATE!
Am 4. und 5. Juli 2023 findet das 2. Deutsche Open Science Festival  in Köln statt und Ihr seid herzlich dazu eingeladen von @ZB_MED @unibibkoeln @UniCologne @CECAD_ und dem Institut für Biomedizinische Informatik - IMI
  https://t.co/snfWjtmwVO",0,-1,-1,0,0,0
Bayernpartei: Bayern braucht keine Nachhilfe aus Berlin zum Thema Heimat https://t.co/awpWhTVwnS via @na_presseportal,0,-1,-1,0,0,0
"App beobachtet analysiert und visualisiert die Ausbreitung von Krankheiten @DFKI 
https://t.co/r6iv5FXcjo
https://t.co/0qul14ACHm",0,-1,-1,0,0,0
"Nachlese, auch für diejenigen, die „Klimaneutralität für eine Religion“ halten: 2021 haben wir mit breit aufgestelltem Herausgeberkreis (u.a. Joachim Lang/ damals BDI, Veronika Grimm) „Deutschlands Neue Agenda“, Wege in die klimaneutrale &amp; digitale Zukunft publiziert.",0,-1,-1,0,0,0
"Informatik:
IT-Unterricht soll Pflichtfach werden

via @webundmobile 
https://t.co/7dGA8emX37
   https://t.co/AAkcgyRM1S",0,-1,-1,0,0,0
"Na Philipp, wie war dein Bundestag heute? https://t.co/8eO9CGNHZZ",0,-1,-1,0,0,0
"Wer das erste Mal sowas wie ""2023 kann nur besser werden"" postet wird ohne weitere Ankündigung zum ""Clown des kommenden Jahres"" ernannt*.

*Brachialere Bestrafung wurde aus humanitären Gründen zwar erwogen aber verworfen.",0,-1,-1,0,0,1
"Wer bei Katastrophen,
Tragödien usw. kein Trauer zeigt,sich wegen Hass sogar freut,hat in mein persönlichen Umfeld und überhaupt auf der Welt nichts zu suchen!
Oder was seid ihr anderer Meinung.",0,-1,-1,0,1,1
"Die Videoreportage zeigt, wie junge Frauen, die nicht mehr zum Unterricht gehen dürfen, zuhause online weiter arbeiten in ihren Klassen. Andere unterrichten von zuhause aus online jüngere Mädchen.. https://t.co/eqO4EhBYJY",0,-1,-1,0,0,0
9 Professor:innen der politikwissenschaftlichen Fakultät der freien Universität Teheran wurden aufgrund ihrer regimekritischen Haltung und der Unterstützung von Studierenden zwangspensioniert. 4. Februar.,0,-1,-1,0,0,0
Morgen beginnt das -Außenministertreffen in . Selten stand  bisher selbst so im Fokus der Kritik. Mit der  &amp; Elmos-Entscheidung hat die Bundesregierung nun auch noch die Amerikaner vor den Kopf gestoßen.,0,-1,-1,0,0,0
http://t.co/sDxEJzRUmS Gas shortage hits Egbin power plant (via @News24),0,-1,-1,0,0,0
Für den Terminkalender: 20. FEBRUAR 2023,0,-1,-1,0,0,0
Liveblog zur Energiekrise: EU-Energieminister einigen sich auf Gaspreisdeckel. In der Europäischen Union sollen die Großhandelspreise für Gas künftig unter bestimmten Umständen gedeckelt werden. https://t.co/rvpuOzgEu1,0,-1,-1,0,0,0
"Woran hast Du in Deiner  eigentlich geforscht? Diese Frage stellt sich auch dieses Jahr wieder für den  der @ktstiftung. Alle, die 2021/2022 in ,  oder  promoviert haben, können sich noch bis 28.02. bewerben",0,-1,-1,0,0,0
Demo von Angehörigen von zum Tode verurteilten Menschen in Teheran. 29. Jänner.   https://t.co/bmY9hLeqLi,0,-1,-1,0,0,0
"und , wie es Euch am besten passt. Die   und  ermöglichen Euch, Eure  ganz  per  in unserem  zu erwerben. 
     https://t.co/DS47i82K3c",0,-1,-1,0,0,0
HFT Stuttgart: Lehrauftrag Technische Informatik für das SoSe 2023 zu vergeben https://t.co/ByI5JgRXCZ,0,-1,-1,0,0,0
"Ohne Rücksicht auf Verluste treibt Elon Musk den -Umbau  voran. Ein Gespräch über die Zukunft des Mediums, die Bedeutung der Meinungsfreiheit und die Herausforderungen, vor denen dezentrale Alternativen wie  jetzt stehen

https://t.co/NTevVRimw6",0,-1,-1,0,0,0
"Ok das ist mal geil .. Immigrant Song in old Norse cc @evildanwallace @wasnkrach @TaikaWaititi 

https://t.co/IVdRkUWM7z",0,-1,-1,0,0,0
"Der bereinigte  lag 2022 bei 7% zulasten von Frauen. Wir finden: Auch 7% sind noch zu viel. Hürden für Frauen in einkommensstarken Berufen müssen abgebaut werden. Erstmals finden neue Erhebunsmerkmale Anwendung, ein Vorjahresvergleich ist nur eingeschränkt möglich.",0,-1,-1,0,0,0
"„Unsere Sprachen spiegeln wider, wer wir sind. Sie sind Ausdruck des kulturellen Reichtums unserer Gemeinschaften.“

Botschaft des EFA-Vizepräsidenten und @fnpfryslan @deboer_f zu",0,-1,-1,0,0,0
"Die Nachricht vom verheerenden Erdbeben in der Türkei und Syrien hat uns alle erschüttert. Unsere Gedanken sind bei den betroffenen Menschen. Den Bürgerinnen und Bürgern Bremens und Bremerhavens, die Angehörige unter den Opfern haben, gilt mein Beileid und tiefstes Mitgefühl.",0,-1,-1,0,0,0
Wann handelt endlich der Bundeskanzler?,0,-1,-1,0,0,0
"122 Videos &amp; 21 weitere Dokumente hätten bereits im März an den Untersuchungsausschuss zur  gehen müssen. Das ist aber erst jetzt passiert, wie das @innen_rlp-Ministerium mitteilt. Die ADD erklärt, „das Versäumnis zutiefst zu bedauern“.
https://t.co/RJFff5NR56",0,-1,-1,0,0,0
Unter der Teilnahme von Bundeskanzler Olaf Scholz haben die evangelische und katholische Kirche der Opfer der Gewalttat von Brokstedt gedacht. Auch der Hamburger Erzbischof Stefan Heße nahm an dem Gottesdienst in Neumünster teil. https://t.co/slSJPCfdB5,0,-1,-1,0,0,0
Elektrofahrzeuge ALKE'  https://t.co/CaveQbcAnX https://t.co/M4a6NEWR1v,0,-1,-1,0,0,0
Tesla: Elon Musk in Prozess um irreführende Tweets freigesprochen - DER SPIEGEL https://t.co/3eIiHwBYIM via @GoogleNews,0,-1,-1,0,0,0
"Die Anzeige der @Bayernpartei in der Aufstellung freut mich. Eine freiheitliche und konservative Stimme, die schmerzhaft in Bayern vermisst wird.",0,-1,-1,0,0,0
"Heute wird Dagmar  80.  
Sie war die erste Sprecherin der @tagesschau und prägte eine Fernseh-Ära. Bundespräsident  lobt sie als ""Vorbild an Gerechtigkeit und gelebter Humanität""
https://t.co/JfqI0ykaqu",0,-1,-1,0,0,0
Abtreibung https://t.co/ojUihiAF9k,0,-1,-1,0,0,0
"Bei wissenschaftlichen Fehlern muss man zurück treten.

@Karl_Lauterbach im deutschen Bundestag 2011.

Das gilt aber für alle, Karlchen!

 https://t.co/BBsoaKgsnB",0,-1,-1,0,0,0
-Ministertreffen im Kloster Eberbach mit Faeser angekündigt https://t.co/Ta6BNNgTDe,0,-1,-1,0,0,0
Auch am 06.02.2023 brauchen wir keine Rechtsextremisten im Bundestag!,0,-1,-1,0,1,0
"Vor sechs Monaten wurde in  der kantonale  eingeführt. Seit Januar ist die Übergangsfrist abgelaufen. Zeit für eine erste Bilanz.

https://t.co/0k6VigwBf5",0,-1,-1,0,0,0
"Warum trägt der Bundespräsident  eine Kippa - er ist kein Jude, noch verleiht ihm das mehr Teilhabe. @ZentralratJuden",0,-1,-1,1,1,1
Cum-Ex: Hamburger Untersuchungausschuss lädt Zeugen aus dem Bundestag vor https://t.co/In4pXbTUGj https://t.co/hJMG6GfwCR,0,-1,-1,0,0,0
INFORMATIK 2023 Festival vom 27.-29.9. in Berlin  https://t.co/Kpc40RDuR7,0,-1,-1,0,0,0
"ich fands damals schon dämlich als nur für berlin die wahlen wiederholt werden durften. 1 Bundesland reicht vollkommen aus um einen anderen Bundeskanzler hervorzubringen, darum müssen die Wahlen in Komplett deutschland wiederholt werden, und nicht nur in einem.",0,-1,-1,0,0,0
in : Außenministerium  ließ Kreuz aus  entfernen       https://t.co/VnfQKPtFsO,0,-1,-1,1,0,0
", Symbolbild?

Haben wir aus den verschiedenen Katastrophen der letzten Jahre genug gelernt?
Was würde besser funktionieren, wenn es dieses Jahr wieder zu einer Pandemie, Starkregen oder Waldbrand kommt? Im jeweiligen Bundesland (Extremwetter) oder anderswo?",0,-1,-1,0,0,0
„777 Mio.€-Ausbau des Bundeskanzleramts stoppen! @OlafScholz @Bundeskanzler” - Jetzt unterschreiben! https://t.co/fCHLL7sPqg via @ChangeGER,0,-1,-1,0,0,0
"Die Kriminalisierung von  trifft vor allem arme Menschen.
Natürlich müssen wir die Voraussetzungen schaffen, dass Menschen nicht mehr dazu gezwungen sind. Aber Containern bleibt ein reales Phänomen dessen Bestrafung einfach unsozial ist.",0,-1,-1,0,0,0
"u²t Photonics AG-Gründer Andreas Umbach im Dialog - Gründen aus technischen Fakultäten.

Am 21.02. um 17 Uhr in P1.3.01.

Anmeldung unter: https://t.co/TPLDz3eOB9 https://t.co/NF4Fe1BeSY",0,-1,-1,0,0,0
"Schäme dich 

 
 https://t.co/8vRfDpGMGm",0,-1,-1,0,1,1
"Vielerorts liefern Fahrradkurier*innen innerhalb von 10 Minuten an die Tür. Rund um die Uhr, immer erreichbar übers Handy. Sie arbeiten oft für Mindestlohn. Für die Lieferdienste geht es um Milliarden. https://t.co/hwn4DZwknA",0,-1,-1,0,0,0
"Die Berliner Politik wird immer Irrer!

 für ein  https://t.co/jDDhVd7YZU",0,-1,-1,1,0,1
"Nachdem ein Hamburger Nachrichtenmagazin Elon Musk und seiner vermeintlichen Selbstzerstörung eine Titelstory gewidmet hat, hält sich der Tesla-Chef im Bloomberg Billionaires Index recht gut, während der Aufstieg des Inders Adani einen Hindenburg-Moment erlebt https://t.co/HFbx6wYRKh",0,-1,-1,0,0,0
"Abtreibung ist in CH im Strafrecht verankert. Dadurch kommt sie als Straftat mit Ausnahme daher.Abtreibung bleibt stigmatisiert &amp; steht unter Rechtfertigungsdruck

Es braucht endlich 1 andere Regelung,die Selbstbestimmung &amp;  Gesundheit ins Zentrum stellt:

https://t.co/B0Lsyi0iZa",0,-1,-1,0,0,0
Das Such- und Rettungsteam der israelischen Armee wird heute Nacht mit dem Code „Olivenzweig“ in die Türkei fliegen.,0,-1,-1,0,0,0
"New Tumblr post: """"Favorite tweets: Wenn ich nach 14 Monaten Kurzarbeit und 10 Monaten “Arbeitsverbot”..."""" https://t.co/ZhttWu5Xni IFTTT, Twitter",0,-1,-1,0,0,0
So will die Bayernpartei im Ostallgäu den Spagat zwischen Tradion und Moderne schaffen https://t.co/moSmp85TsD,0,-1,-1,0,0,0
"Sie schrieb Fernsehgeschichte: 1976 präsentierte Dagmar Berghoff als erste Frau die ARD-»Tagesthemen«, insgesamt über 10.000 Mal. Jetzt würdigt sie der Bundespräsident als einstige »Sensation«. https://t.co/A5txeAOtQT",0,-1,-1,0,0,0
"""Ich habe mich bewusst dazu entschieden, die  nicht nach , sondern hier nach  einzuladen"", sagt @ABaerbock vor dem G7-Treffen.",0,-1,-1,0,0,0
ich bin luigi fan,0,-1,-1,0,0,0
"Der südkoreanische Präsident Yoon Suk-yeol:

""Wir sind bereit, der Türkei, unserer Bruderschaft, die im Koreakrieg mit Blut geknetet wurde, in jeder Hinsicht zu helfen.""",0,-1,-1,0,0,0
Wochenblick: Van der Bellen lässt Maske fallen – würde Kickl nicht angeloben: Dieser Beitrag erschien zuerst auf https://t.co/sqgryLG6Tx Einen Tag vor seiner erneuten Angelobung als Bundespräsident hielt das grüne Staatsoberhaupt Alexander Van der Bellen… https://t.co/HuO1AD1Ydl,0,-1,-1,0,0,0
"Woher weiß @janoschdahmen, dass es alte weiße Männer sind, seine   Parteikolleg:innen trauen es sich nicht zu von außen ein Geschlecht zu bestimmen, maximal die Hautfarbe dann ist aber auch ende.",0,-1,-1,0,1,1
Nö. Tut er nicht. https://t.co/DHymNN4xFC,0,-1,-1,0,0,0
Behörden ermitteln wegen Panikmache in sozialen Medien   https://t.co/nemIdZYxUh,0,-1,-1,1,0,0
Eingeschränkte Frauenrechte: NGOs stellen Arbeit in Afghanistan ein https://t.co/fHW6CpRmpL,0,-1,-1,0,0,0
Eigentümer  hat vor Gericht einen Sieg errungen - Elon Musk found not guilty of fraud over  . Tesla founder Elon Musk has been cleared of wrongdoing. https://t.co/F92HYIHxMo  news,0,-1,-1,0,0,0
baerbock ist nr.8 trending hashtag in DE in letzten 4 Stunden. https://t.co/5V4ZvMZeWD,0,-1,-1,0,0,0
Hilfsflugzeuge der griechischen und rumänischen Luftstreitkräfte dringen in den türkischen Luftraum ein.,0,-1,-1,0,0,0
In Gedanken bei den Opfern des Erdbebens und ihren Angehörigen.   https://t.co/0g91eroqXq,0,-1,-1,0,0,0
Carsten Stahl ist sauer - zurecht?   Stahl  https://t.co/BEhGp0OWfn via @YouTube,0,-1,-1,0,0,0
"Das schlimmste bei diesem Erdbeben ist das es im tiefsten Winter passiert ist..

Die Leute werden Nachts komplett erfrieren während sie auf Hilfe hoffen",0,-1,-1,1,0,1
Angelobung: Bundespräsident Alexander Van der Bellen startet in seine zweite Amtszeit https://t.co/7gCg6iw3hK https://t.co/jEvTSMpBYg,0,-1,-1,0,0,0
"Bundeskanzler Olaf Scholz:

""Wir stimmen mit Zelensky überein, dass im Westen hergestellte Waffen russischen Boden nicht treffen werden.""",0,-1,-1,0,0,0
Heute wird Bundespräsident Alexander Van der Bellen angelobt. Der KURIER berichtet ab 10 Uhr live. https://t.co/jBygnEoHg8,0,-1,-1,0,0,0
"Unser neues Heft ist da! Es ist eines über  in der , in der  oder allgemein bei der . Jetzt Abo bestellen: https://t.co/3fbH3Lry0t
       https://t.co/jcaiAT3DD8",0,-1,-1,0,0,0
"Querfront-Proteste gegen @ABaerbock begannen gestern in  mit konspirativ geplanten illegalen ""Spaziergang"" durch Teile der Innenstadt, inkl. Schildern, Fahnen &amp; Lautsprecher-Bollerwagen. Es nahmen rd. 30 ""Querdenker"", Rechtsextreme, - &amp; ""dieBasis""-Leute teil. [1/11]",0,-1,-1,1,1,1
"Boom Boom Cha. 
Delly dzima &amp; friends live in Lübeck-Germany. 
                     
https://t.co/Aa0oXMMWHf https://t.co/auGNEJOe5K",0,-1,-1,0,0,0
"Allein die ""offiziellen"" Zahlen sind erschreckend:
Mehr als 100.000 Schwangerschaftsabbrüche
im Jahr in  !

Die Folgen sind auch für die Frauen und
ihre Familien gravierend:
https://t.co/v5wDy0phxg

Psychische Spätschäden, Ehescheidung usw.",0,-1,-1,1,0,0
"Massiver Gender-Pay-Gap in der EU: 
Unternehmen müssen Gehaltsunterschied nach Geschlecht offenlegen https://t.co/gbQHZeFNHF
.",0,-1,-1,0,0,0
nicht!,0,-1,-1,0,0,0
"Gasumlage zeigt: Energieversorgung muss regionalisiert werden
Die nun beschlossene Gasumlage ist nur die Spitze des Eisbergs. Der Bund nimmt auf regionale Gegebenheiten keine Rücksicht. Das führt zu enormen Nachteilen für die Bürger.
Hierzu der BP Parteivorsitzende Florian Weber: https://t.co/3o3JTPjzIA",0,-1,-1,0,0,0
"Das vergangene Glückskette-Jahr war geprägt von einem Krieg in Europa sowie klimabedingten Katastrophen in Ostafrika und Pakistan. Die Schweizer Bevölkerung hat uns die Rekordsumme von über 154 Millionen Franken anvertraut
 https://t.co/ujsbYyMXHh Vielen Dank!  https://t.co/zEcFvLZH7H",0,-1,-1,0,0,0
"Mein Kollege @DerDavidus konnte sich bereits einige Eindrücke von @BYDCompany machen! Diese bringen gleich zu Markteintritt 3 Elektrofahrzeuge nach Europa. 

Weitere Details seht (und lest) ihr auf @TechnikNewsNET 

   
https://t.co/OgqD3lGKI9",0,-1,-1,0,0,0
"- Wenn es schon nicht gelehrt wird, wird’s auch keinen Nachwuchs geben.    
https://t.co/0Zg21Tpqxz",0,-1,-1,0,0,0
"Kann man sich vorstellen, dass die Helfer hier angegriffen werden? Was ist in D anders? Wer versteht die Welt?",0,-1,-1,0,0,0
"""Dieser große -Einsatz bringt Kräfte aus dem ganzen Bundesgebiet nach . Die Atmosphäre ist entspannt, aber absolut professionell. Das zu sehen, macht einfach Spaß"", sagt Jochen . Der @GdP_Chef ist mit Michael Mertens bei  in  vor Ort.  https://t.co/MtM1y4daEr",0,-1,-1,0,0,0
"Bundeskanzler auf Südamerika-Reise: Scholz drängt in Argentinien auf Abschluss des Freihandelsabkommens Bundeskanzler Olaf Scholz hat auf seine... https://t.co/8YhwA6vh0v
https://t.co/8YhwA6vh0v",0,-1,-1,0,0,0
"Letzten Montag haben wir viele motivierte Informatik Studierende der @OVGUpresse beim Campuspitch der Fakultät für Informatik kennenlernen dürfen.
Der Campuspitch bringt Studierende und regionale Unternehmen zusammen und informiert über zukünftige Arbeitsmöglichkeiten.  https://t.co/jOnz9ePnKp",0,-1,-1,0,0,0
"Es sind drei Punkte: SPD, Frau, die CDU/CSU ist im Bundestag gerade in der Opposition.",0,-1,-1,0,0,0
"Im Studio von @1730Sat1live sprechen wir heute mit Stefan Schulte, dem Vorstandsvorsitzenden der @FraportAG, über die Lage am Frankfurter Flughafen. Bundespräsident Steinmeier übergibt in  die Welterbe-Urkunde der @UNESCO für frühere Zentren jüdischer Gelehrsamkeit in . https://t.co/YD6POoLhaU",0,-1,-1,0,0,0
"Schnelle Bestrafung der Täter, verschärftes Waffenrecht, bessere Sozialarbeit: Innenministerin Faeser kündigt entschiedene Reaktionen auf die Silvester-Krawalle an. Zugleich warnt sie davor, den Migrationshintergrund von Tatverdächtigen für politische… https://t.co/qGi1PPmTEh",0,-1,-1,0,0,0
"...
Das ~~
 ist das schönste  das es bisher gegeben hat.

Total niedlich gemacht  
und das Video dazu 

[  
   
  
 ...] 


https://t.co/8jEu5ueh2W",0,-1,-1,0,0,0
"die Freude ist d. Bundeskanzler ins Gesicht geschrieben. übersetzt: Ich hatte letzendlich recht ... die Elite ist out of touch! ""die Frage wurde mir noch kein einziges Mal gestellt."" | Bürgerdialog mit Bundeskanzler Olaf Scholz in Marburg https://t.co/PONOA0Rfar",0,-1,-1,0,0,0
"Die am schlimmsten betroffenen Gebiete durch das  sind  () und der Süden der  (teils ). Es sind vor allem kurdische Gebiete. 
Wir koordinieren gerade mit unseren Partnern, damit direkt vor Ort geholfen werden kann. 

@Liberaid_DE",0,-1,-1,0,0,0
Das chinesische Angebot von SWI ist auf Festland-China schon lange unerreichbar und seit kurzem ist die russischsprachige Seite in Russland nicht mehr zugänglich. Die folgenden Tipps sollen freien Zugang zu unseren Inhalten ermöglichen. https://t.co/E4ef0nduO4,0,-1,-1,0,0,0
"Hilferufe in den sozialen Medien, eingestürzte Gebäude, die Zahl der Toten und Verletzten steigt immer weiter: Schwere  zerstören ganze Städte in der  und im Norden von . Seit hundert Jahren bebte die Erde nicht mehr so heftig.
https://t.co/3nr72L0ZDr",0,-1,-1,1,0,0
Soeben eingetroffen: Joachim Gauck an unserem Leipziger Standort. Begrüßt wurde der ehemalige Bundespräsident von unserem Direktor Michael Fernau und Leiterin des |museums Stephanie Jacobs. Mit Antonia Grunenberg spricht er heute über „Demokratie als Versprechen“. https://t.co/Ou50Cn3yu2,0,-1,-1,0,0,0
Deal zum Gaspreisdeckel,0,-1,-1,0,0,0
: In einem Bienenstock herrschen 35 Grad Celsius und hohe Luftfeuchtigkeit - ideal für die Ausbreitung von Krankheiten. Einige Substanzen scheinen das allerdings zu verhindern. Das macht die Luft auch für Menschen interessant. https://t.co/lw2fx5MSif https://t.co/8NSG8if614,0,-1,-1,0,0,0
"@@@@@@@@@@@@@@@@@@@@@@@

.

    Ich  möchte  diese  falsche  christliche

                   Religion  blossstellen

.

@@@@@@@@@@@@@@@@@@@@@@@",0,-1,-1,1,1,1
"Ein zweites  in Stärke von 7.6 ereignet sich 
in",0,-1,-1,0,0,0
Elektrofahrzeuge ALKE'  https://t.co/2VP2m1uhdJ https://t.co/WDZXnjXnpI,0,-1,-1,0,0,0
"Es ist doch schon ein  gegen die  und @NATO, weil die Ukrainer für unsere Freiheit, Demokratie und Leben kämpfen !
Allen Diktatoren, auf dem Planten Erde, muss gezeigt werden wo der Hammer hängt !
@Bundeskanzler @POTUS @ZelenskyyUa @UN @G7 @CNN @asahi @tagesschau @welt",0,-1,-1,1,1,1
"Die gestrigen Vermutungen im Netz haben sich bestätigt: Die Drohnenangriffe auf militärische Infrastruktur wurden von Israel durchgeführt.   
https://t.co/CUnFrSkLPK",0,-1,-1,1,0,0
"Bayernpartei: Galoppierende Inflation ist eine Gefahr für unseren Wohlstand, es müssen Konsequenzen her https://t.co/Evv2e8uL4M via @na_presseportal",0,-1,-1,0,0,0
"Respekt, Hr. Bundespräsident! Es ist wichtiger denn je ein klares Signal zu setzen.",0,-1,-1,0,0,0
"Opfer der Erdbeben 
 https://t.co/XlJDNcCOTu",0,-1,-1,0,0,0
"wie     u co machen keine gute !

Im Gegenteil sie drehen immer mehr an der  

 schaffen keinen !



 oder  im   aus Protest wählen bis  wieder auf Kurs",0,-1,-1,0,0,1
"Die zweite Flüchtlingskrise https://t.co/WhQgtpLUCM via @faznet. Die Kommunen haben mehr als 1,2 Millionen Flüchtlinge aufgenommen und viele „können nicht mehr“.⁦@Bundeskanzler⁩.⁦@HBraun⁩.⁦@fdpbt⁩.⁦@maybritillner⁩",0,-1,-1,0,0,0
"Nicht zu vergessen, dass israelische Regierung die Sprengung der Häuser der Familien, als tägliche Methode zur Bestrafung, normalisiert hat.",0,-1,-1,0,0,0
"SZ – Silvester auf : Rathaus-Mehrheit für Rammstein-Konzert
Obwohl sich die Grünen ablehnend zeigen, steht wohl eine Mehrheit aus SPD, CSU &amp; FDP/Bayernpartei.
 
https://t.co/nInE64HTug",0,-1,-1,0,0,0
"Ich finde die Rede klasse!   

https://t.co/A5n3MjeA2N",0,-1,-1,0,0,0
"""Es gibt immer mehr Beweise, dass KH-Einweisungen u Todesf., die aus d akuten Phase von COVID-19 resultieren, nur d Spitze d Eisbergs sind.
Ich vermute stark, dass Länder, die d Ausbreitung d Virus zulassen, eine größere, sekundäre Epidemie chronischer Krankheiten erleben werden""",0,-1,-1,1,0,0
"Viele - abgesehen vom woken Lame-Stream- sehen Elon Musk als den ""Wolf im Schafspelz. Mir wird er täglich sympathischer. Den Wert seiner im Rahmen der Twitter-Übernahme gemachten Enthüllungen i.S. 'Staatliche Zensur"" (Twitter Files) kann gar nicht hoch genug eingeschätzt werden! https://t.co/IWPQdsEMXG",0,-1,-1,1,1,1
"-Unterricht stärken, Interview mit F. Süßenbach, Stifterverband 
https://t.co/7W3CC5kkeb",0,-1,-1,0,0,0
Bundeskanzler Scholz sagt der Pharmabranche schnellere Genehmigungsverfahren für Fabriken und Forschung zu.  baut seinen Standort in Marburg aus. Dort soll Ende 2023 die erste unternehmenseigene Herstellungsstätte für Plasmid-DNA im kommerziellen Maßstab starten.,0,-1,-1,0,0,0
"Wie gut ist  auf  vorbereitet? Dieser Frage will die   Wähler/Freie  @FWFBDD auf den Grund gehen. Sie lädt am 8. Februar ab 18 Uhr ins  zu einer .

Mehr im Beitrag. 
https://t.co/gjAnkPQyXP",0,-1,-1,0,0,0
"Tausende Polizeikräfte sind während des -Treffens in  im Einsatz.  
https://t.co/FMeCZDt8ju",0,-1,-1,0,0,0
Bild des Diktators im Müll.   https://t.co/UHTTT23rPz,0,-1,-1,0,0,0
Die AfD ist neben der Linken die deutschlandfeindlichste Partei im deutschen Bundestag.,0,-1,-1,1,1,1
Warum die Bayernpartei nicht in Holzofenpartei umbenennen?,0,-1,-1,0,0,0
"Ist das der 
Bundespräsident, 
von Deutschland ?",0,-1,-1,0,0,0
"""Bayern droht mit Klage bei Abschaffung von strafrechtlichem Verbot von Abtreibungen""
https://t.co/XNUwPSCE6j",0,-1,-1,0,0,0
Die EU einigt sich auf einen Gaspreisdeckel bei 180 Euro pro Megawattstunde. Hier dazu aktuelle Erläuterungen. https://t.co/rVz2A5LaDv,0,-1,-1,0,0,0
"Das Prinzip:
""BAYERN bezahlt, Berlin verprasst""
muss ein ENDE haben!

Wir kümmern uns darum!
 

 https://t.co/ENAUOnX9pH",0,-1,-1,0,0,0
&amp; ich sag nur ein Wort dazu - Geburtenkontrolle !,0,-1,-1,0,0,0
"Buschmann versucht sich wieder in Satire!
So viel wie aktuell, Pistorius ausgenommen, saß noch nie in Regierung und Bundestag!
Es müssen ALLE weg und Qualität muss aus 2. und 3. Reihe nachrücken!
 schießt den Vogel ab! Faul,gierig und inkompetent!",0,-1,-1,1,0,1
INFORMATIK 2023 Festival vom 27.-29.9. in Berlin  https://t.co/LzPklJW2sm,0,-1,-1,0,0,0
"Das ist übrigens der Typ, der maßgeblich  daran beteiligt ist, dass ich bald Strafe bezahlen soll oder gar ein Arbeitsverbot bekomme, weil ich weiter auf unserer chronisch unterbesetzten Intensivstation arbeiteWollt ich nur mal erwähnt haben.",0,-1,-1,0,0,0
"""Und @ProglRichard  von der Bayernpartei warnte, dass der Verwaltungsapparat der Stadt viel zu viel Geld verschlingen werde.""
https://t.co/lRb36z0hIh",0,-1,-1,0,0,0
"mit der mutigen  gegen das Unterdrückungsregime im ! Es war berührend, heute Stimmen aus |s iranischer Community auf dem Markt zu hören. Danke fürs Teilen &amp; Organisieren!     https://t.co/XQibVV8iVC",0,-1,-1,0,0,0
SPD-Politiker Mützenich kritisiert Baerbock und irritiert die Grünen https://t.co/DSGo2wSXVI,0,-1,-1,0,0,0
"Befreiung von der Autobahn-Maut in Tschechien:

Elektro- Wasserstoff- und Hybridfahrzeuge (maximaler CO2-Ausstoß 50 g/km) benötigen keine Vignette, auch deutsche und österreichische Fahrzeuge fahren nach Antrag mautfrei in . (Kosten EUR 5,-)

https://t.co/Df7UTyUGRM https://t.co/yd4TU7s8mD",0,-1,-1,0,0,0
INFORMATIK 2023 Festival vom 27.-29.9. in Berlin  https://t.co/9JfQYLfGVi,0,-1,-1,0,0,0
"wählen ja bekanntlich mehrheitlich  und .

Das Schönste daran: Die  dafür erhalten sie jeden Tag in ihren Klassen.

""Die Geister, die ich rief....""",0,-1,-1,0,0,0
"Metaverse-Operationen, autonome Elektrofahrzeuge und die digitale Wirtschaft werden die Reisebranche verändern - Aviation Pros https://t.co/tLSJztt141",0,-1,-1,0,0,0
"„Irreführende Tweets: Tesla-Anleger scheitern mit Sammelklage gegen Elon Musk“ — von Stern
 
https://t.co/9jaTd0WfgH",0,-1,-1,1,0,0
Hilft Russland auch?,0,-1,-1,0,0,0
": Scheiß Homos, Kindesmissbrauch ist halb so wild, Abtreibung ist Mord, ich bin das Gesetz!!!

Politiker: Ein beeindruckender Mensch mit einem außergewöhnlichen Leben, um den das ganze Land trauern wird.",0,-1,-1,1,1,1
"So einen Fall von Geschworenen entscheiden zu lassen, naja... 

DER SPIEGEL: Tesla: Elon Musk in Prozess um irreführende Tweets freigesprochen.
https://t.co/G3jbJRwZ5c

über @GoogleNews",0,-1,-1,0,0,0
"„Österreich ist militärisch neutral, aber wir sind nicht neutral in unserer Haltung.“ - sagt Bundespräsident @vanderbellen",0,-1,-1,0,0,0
INFORMATIK 2023 Festival vom 27.-29.9. in Berlin  https://t.co/gaRFTyDlYu,0,-1,-1,0,0,0
"Jemen Kinder sterben an Unterernährung , Mangel an Medikamenten, die Ausbreitung von Krankheiten  https://t.co/bqJ2XXZaUG",0,-1,-1,0,0,0
Passiert aber nicht!Bundesinnenministerin Nancy Faeser (SPD) hat sich bestürzt über die Gewalt gegen Polizei- und Rettungskräfte an Silvester geäußert und eine strenge Bestrafung der Täter gefordert. https://t.co/4EiWJCSy0u,0,-1,-1,0,0,0
"Vor 53 Jahren besuchten die Lübkes Afghanistan. Immer stärker war der Präsident damals schon auf die Unterstützung seiner Frau angewiesen. In Kabul musste Wilhelmine ganz konkret eingreifen, um einen diplomatischen Eklat zu verhindern. Der Bundespräsident forderte nämlich, dass https://t.co/uSQ9VlHD5v",0,-1,-1,0,0,0
"EU-Staaten einigen sich auf Gaspreisdeckel

Quelle: https://t.co/ht0wyMZ4fq",0,-1,-1,0,0,0
"Am 01.10.2022 wurde der  in Deutschland auf 12 Euro erhöht. Dennoch sagen viele: ""Der Mindestlohn reicht nicht zum Leben aus"" Ich sprach mit 3 Betroffenen &amp; @dgb_news https://t.co/p3Pyf19TX4",0,-1,-1,0,0,0
Marcus Rashford enthüllt Grund für seine Bestrafung -   https://t.co/DyuohwlEYG,0,-1,-1,1,0,0
"Ich finde auch, das schreit mach Bestrafung. Als 1. Ignorieren der beteiligten, straffälligen övpelerInnen.
Jetzt wurde gerade ein Schulwart überführt, der fasst seine Strafe sicher komplett aus.
So auch mit Nehammer u abwärts von ihm....",0,-1,-1,1,0,1
"Die erste weiße Karte der Fußball-Geschichte: Bei einem Frauen-Pokalspiel in Lissabon zückt die Schiedsrichterin zweimal Weiß – nicht zur Bestrafung, zur Belohnung. Was dahinter steckt. https://t.co/p9Idys6w5A",0,-1,-1,0,0,0
"Dies Bilder zweigen, wieweit ein Gefangener wie  bereit ist zu gehen für !
Mut eines Menschen und Angst um sein Leben sind nah beieinander!",0,-1,-1,0,0,0
"es jst übrigens weiterhin legitim, sich über die bayernpartei lustig zu machen",0,-1,-1,0,0,0
Einfach das stärkste erdbeben seit kp wieviel jahren und es ist genau meine heimatstadt und meine mutter ist dort,0,-1,-1,1,0,0
"Randgruppe, wenn man im eigenen Bundesland 37% bei der letzten Wahl holte und in Umfragen aktuell bei ca. 40% steht?

Abtreibungsfans können nicht anders als Realität leugnen.

Sonst müssten sie ja einsehen, dass Abtreibung menschliches Leben tötet.",0,-1,-1,1,1,1
"In Kahramanmaraş ereignete vorhin sich ein Erdbeben der Stärke 5,2",0,-1,-1,0,0,0
Bundeskanzler Olaf Scholz (SPD) hat einen bundesweiten Plan zum Ausbau der Windkraft angekündigt. - https://t.co/IIRcDmdZo3 kündigt Plan zum Windkraft-Ausbau an,0,-1,-1,0,0,0
"Heute u.a. bei KNA: Deutschland und Frankreich feiern 60 Jahre  / Rätselraten um  Erbe(n) / 50. Jahre US-Grundsatzurteil zu  "" (Termin: 22.01.) / Über den Erfolg von gewaltlosem Widerstand - Keine Erfindung von  https://t.co/1FcCIRWPl9",0,-1,-1,0,0,0
"Der eXXpress präsentiert angeblich aktuelle Bilder, die die Bestrafung russischer Kollaborateure zeigen sollen.
Immerhin gibt Rene Rabeder seine Quelle an: russische Propagandakanäle. 
Anlass für einen Faktencheck war dies indes nicht. Die Angaben wurden ungeprüft übernommen.  https://t.co/9etFfy8nQ4",0,-1,-1,1,0,0
Wir müssen auch für die todesmutigen Aktivisten in  laut sein. Professor  wurde von den  verhaftet.,0,-1,-1,1,0,0
Linth24 - Dr. Gut: «Elon Musk und die Feinde der Freiheit» https://t.co/0pGsIsCt9h,0,-1,-1,0,0,0
"1.  verursacht langfr. Krankheiten. Der Tod ist nicht das einzige schlechte Ergebnis.
2. Ausbreitung erhöht Wahrscheinl. von , die Wirksamkeit des Impfstoffs ist gefährdet.
3.  übertragen auch, daher sind Maßnahmen zur Kontrolle der Ausbreitung notwendig.",0,-1,-1,1,0,0
Angebliche Begnadigungen zum Jahrestag der islamischen Revolution gab es immer. Lasst euch also nicht verführen.,0,-1,-1,1,0,0
"Schwierigkeiten beim Anfahren am Berg? Entdecken Sie das Alkè Elektrofahrzeuge Starthilfe-System! 
 https://t.co/rnimW0lKug https://t.co/Jdud7t9vRq",0,-1,-1,0,0,0
"War   @Bundeskanzler nicht kürzlich in Südamerika?
Wasn't German Chancellor Scholz in South America recently?
  


BREAKING: Pentagon Confirms a 2nd Chinese Spy Balloon https://t.co/iGvSQ857Ew",0,-1,-1,1,0,0
Die Angelobung des HBP war schön und würdevoll. Ich wünsche dem Österreichischen Bundespräsident eine vortreffliche zweite Amtszeit in guter Gesundheit und viel Freude an der Arbeit. Dass der unter Anklage stehende Türkise Ex-Kanzler nicht eingeladen war ist gut so.,0,-1,-1,0,0,0
"Flutkatastrophe: 1,8 Millionen für Anlage am Eisenhammer https://t.co/8E0clIxP90 https://t.co/kDwu6Ow0Kg",0,-1,-1,0,0,0
Abendliche „Tod dem Diktator“ Rufe in Teheran. 27. Jänner.   https://t.co/wm21maMsAr,0,-1,-1,1,1,0
"Grüße an alle Wahlkämpfer*innen: Statt Aufrüstung von Polizei und Rufen nach harter Bestrafung, sollte sich die Politik vielleicht eher um eine wirkliche Lösung der sozialen Probleme kümmern. Dazu empfehle ich diese Lektüre aus der @berlinerzeitung",0,-1,-1,0,0,0
ist eine Kinder- und Frauenrechtsaktivistin. Laut ihrem Bruder wurde sie am 15. Januar 2023 ohne Erklärung an ihrem Arbeitsplatz verhaftet. Ihr Aufenthaltsort ist noch unbekannt.  @larissawaters https://t.co/OakHX6XlgH,0,-1,-1,0,0,0
In den USA ist eine Sammelklage von Anlegern gegen den Tesla-Chef Elon Musk gescheitert.,0,-1,-1,0,0,0
"""Für die Verbreitung des Virus sind die Gründe für Ansammlungen von Menschen unwesentlich."" 
Professor N.A. Christakis, Yale-Uni für Sozial- u Naturwissenschaften, diskutiert die  ansteckender Krankheiten in großen Menschengruppen und die .",0,-1,-1,0,0,0
"Der Blick der spanischen Königin Letizia, nachdem ihr der Botschafter des islamischen Terrorstaats nicht die Hand gibt.   https://t.co/IkqNyGyAgV",0,-1,-1,1,1,1
Zwei jungen Menschen sterben bei einer Messerattacke in einem Regionalzug. An der Trauerfeier in Neumünster nimmt auch der Bundeskanzler teil. https://t.co/oAvFD6dZoL,0,-1,-1,0,0,0
Das Auswärtige Amt hat als Ausrichter des Treffens der Außenministerinnen und Außenminister der  im Tagungsort in Münster ein historisches  entfernen lassen. https://t.co/5ZSvLh3Fh2,0,-1,-1,0,0,0
"Alleine durch den Dschungel laufen ist ein großer Regelverstoß. Ich bin gespannt, wie die Bestrafung dafür ausfallen wird",0,-1,-1,0,0,0
"Sagenhafte Profite bei !

US-Unternehmen streichen 150 Millionen Dollar Gewinn pro -Schiff ein. Die EU will jeden Preis überbieten. Am Ende zahlen die privaten Haushalte.

 
https://t.co/PFOQARjpEH https://t.co/WGsJ2TINkq",0,-1,-1,1,0,0
EU-Energieminister wollen Gaspreisdeckel besiegeln https://t.co/YcW7fFYbzZ,0,-1,-1,0,0,0
Massiver Gender Pay Gap in der EU: Unternehmen müssen Gehaltsunterschied nach Geschlecht offenlegen https://t.co/JdvmGnXmnq via @derspiegel,0,-1,-1,0,0,0
"Schön, dass auch dieser Vorarlberger Landrat wenigstens unbewusst zur Kenntnis nehmen musste, dass bei Abtreibung ungeborener Menschen sterben.

Natürlich verdrängt er diese Tatsache mittels ""shoot the messenger"".",0,-1,-1,1,1,1
"Die WHO sagt, sie habe der Ukraine geraten, Krankheitserreger in Gesundheitslabors zu zerstören, um die Ausbreitung von Krankheiten zu verhindern  https://t.co/iV5foxH0TX",0,-1,-1,1,0,0
"Wann wird DE die Botschaften im Iran schließen? Die gescheiterten diplomatischen Beziehungen zum islamischen Regime beenden? 
@ABaerbock @AuswaertigesAmt",0,-1,-1,0,0,0
"Ich soll die nächsten Tage erfühlen, was ich bin &amp; heute werde ich dazu von Madame Svea vorbereitet.

""Interaktive Bestrafung 2.0 - Deine Vorbereitung"" auf Madame Sveas Seite

https://t.co/JXPAV67OOa

      @SveaMadame",0,-1,-1,0,0,0
elon musk fdp,0,-1,-1,0,1,1
"Täglicher Gesundheitscheck durch   - das ist in vielen Kindergärten in China bereits Alltag. Ziel ist es, die Ausbreitung von Krankheiten zu verhindern. https://t.co/j9FTcL8mPu via @heiseonline",0,-1,-1,0,0,0
"Wie ist IHRE MEINUNG?

Eine warme Wohnung darf KEIN LUXUS sein, findet unser @ProglRichard .
Die Chaostruppe in  muss endlich zu arbeiten beginnen,
bislang ist ausser Ankündigungen sogut wie nichts geschehen!

 
 https://t.co/qLACEJYLKq",0,-1,-1,0,0,0
"Um 4.17h begann das Erdbeben,das sind jetzt 17 Stunden und bereits mehr als 2.500 Opfer!
Das ist der absolute Albtraum und es liegen noch so viele Menschen unter den Trümmern!
Sie könnten erfrieren oder sind schwerst verletzt!
Für viele, wird die Hilfe zu spät kommen! Schlimm!!!",0,-1,-1,1,0,1
WAS FÜR TAYLOR REIHE MRK WAS FÜR INFORMATIK SIKECEMMMMMMMMMMMMM,0,-1,-1,0,0,1
Mosel: Tag der Deutschen Einheit II /             https://t.co/ocXdk1L9Mu https://t.co/xIat4NhztE,0,-1,-1,0,0,0
Ich kann schon verstehen warum Elon Musk so geworden ist wie er ist. Stell dir vor nicht mal deine Eltern kommen zu deiner eigenen Geburt,0,-1,-1,0,0,1
"was an optimist.
unabhängig davon, was man über abtreibung denkt, bei sowas sollte es einem kalt den rücken herunter laufen.",0,-1,-1,0,0,0
Erdbeben: Mehr als 1651 Tote und Tausende Verletzte in Türkiye - @trtdeutsch https://t.co/AUxnuEBeg5,0,-1,-1,1,0,0
Inmotive: Inmotive schließt mit Suzuki eine Vereinbarung zur gemeinsamen Weiterentwicklung und Einführung seines Ingear-Zweiganggetriebes für Elektrofahrzeuge https://t.co/UEhM9dAhr4,0,-1,-1,0,0,0
"Kann ein  den guten alten Verbrenner ersetzen? Die Erfahrung eines Fahrers zeigt, woran es hapert und wie @elonmusk mehr Autofahrer für sich gewinnen könnte. Mein Kommentar dazu in der @berlinerzeitung https://t.co/zpJJezMYip",0,-1,-1,0,0,0
"Studie: Gender Pay Gap bremst Frauen noch bevor sie arbeiten gehen
via @sz https://t.co/gskM0f3zj0",0,-1,-1,0,0,0
"Bayern (17.01.23): CSU: 41%, Grüne: 17,8%, Freie Wähler: 10,6%, AfD: 9,8%, SPD: 8,9%, FDP: 4,2%, Linke: 2%, Bayernpartei: 0,8%, Sonstige: 4,9% ➤ https://t.co/ZGuqdgfp45 |    https://t.co/3BtOJzoE1A",0,-1,-1,0,0,0
Das passiert bei einer Abtreibung. Heftig.,0,-1,-1,1,0,0
"Die -Staaten wollen die Verfolgung russischer  in der  besser koordinieren. "" dürfen nicht ungesühnt bleiben, egal wer sie begangen hat und egal, wo sie begangen worden sind"", so Justizminister Buschmann.
https://t.co/hB5pibxfBd",0,-1,-1,0,0,0
"Islamische Republik, Taliban… legalisieren die Kinderschänder im Namen Gottes. Ein 51 Jahre alter man darf ein 8 jähriges Kind sich schnappen. Das ist ein Verbrechen und abscheulich. @abaerbock    … https://t.co/ZEXKBZxSMJ https://t.co/jRE7u12gx1",0,-1,-1,1,1,1
"Finanz Informatik GmbH &amp; Co. KG sucht Cyber Security Analyst - CDC (m/w/d) in Hannover!
 Jetzt bewerben!
      

https://t.co/Pz6WVgzfsE",0,-1,-1,0,0,0
"Kasachstan ist das nächste Land, das von einem weiteren Erdbeben heimgesucht wird.

Ein Erdbeben der Stärke 5,4 hatte 29 km südlich von Shymkent, Kasachstan, am Montag, den 6. Februar 2023 https://t.co/ZiNsntti3J",0,-1,-1,1,0,0
"Russland - Arbeitsverbot für Organisationen von Nawalny 

 https://t.co/w9bHZXK9sS",0,-1,-1,0,0,0
"Social Distancing im Tierreich
Einige Tierarten wie Schimpansen und Honigbienen kennen kein Pardon, wenn es darum geht, die Ausbreitung von Krankheiten zu verhindern.
https://t.co/h3HksHtsQh via @natgeo",0,-1,-1,0,0,0
Die @renaultgroup und das französische Kommissariat für Atomenergie und alternative Energien CEA entwickeln ein hocheffizientes Ladegerät. Das  System reduziert die Energieverluste um 30 Prozent und lädt damit  deutlich schneller.  https://t.co/f7X0IkXGDD,0,-1,-1,0,0,0
"Am Rande des -Außenministertreffens in  gerade kurz Ausschreitungen zwischen Teilnehmern der Klima-Demo und Polizisten, Demonstranten hatten vorher Polizeisperre durchlaufen     https://t.co/xLa1P1zHvg",0,-1,-1,0,0,0
rettet !Nachdenken bevor man meckert. https://t.co/iwEWkCeR3V,0,-1,-1,0,0,0
"Einer der besten Journalisten in Sachen , @jdoeschner, wirft dem @WDR „faktisches Arbeitsverbot” wegen unliebsamer Berichterstattung vor
https://t.co/b6R9kqAc6O",0,-1,-1,1,0,0
"Das  einer solchen  steigt rapide an, wobei jedes Jahr mehr als fünf neue  beim Menschen auftreten – von denen jede das  einer  haben könnte. Dem Bericht zufolge wäre es jedoch falsch,  für das Auftreten",0,-1,-1,1,0,0
"Unser heutiges -Bild zeigt, wie die  vor 70 Jahren in ein Betonkorsett geschnürt wurde. So konnte das  geregelt abfließen und die Ausbreitung von Krankheiten eingedämmt werden. Mit dem Ende des Bergbaus hat der  das Schmutzwasser ... https://t.co/Y3Ryf7m1A7",0,-1,-1,0,0,0
"Das neue Key-Visual zu unserer Kampagne (die Kunst der gleichen Bezahlung) ist ein Kunstwerk in sich. 

      
  
 https://t.co/lG2x7MhYyd",0,-1,-1,0,0,0
"Die Türkei dankte Elon Musk für das Angebot von Starlink-Satellitenunterstützung und berichtete, dass die Kapazität von Türksat ausreichend sei. (Bloomberg)",0,-1,-1,0,0,0
".@Twitter @TwitterSupport 

Ich würde gerne den blauen Harken mit meinem Guthaben bei Google bezahlen.

Ist das möglich?

@elonmusk",0,-1,-1,0,0,0
"Behinderte Menschen durch Klimawandel und Katastrophen besonders gefährdet
Quelle: https://t.co/pOBwqf8K9o",0,-1,-1,0,0,0
dieses wetter fühlt sich extrem nach bestrafung an,0,-1,-1,0,0,1
"Die Gefängnisse sind überfüllt, es gibt zu wenig Personal. Es braucht ein Umdenken: Weg von der Bestrafung als Selbstzweck, hin zum Fokus auf Resozialisierung und Senkung der Rückfallquoten. Und: Mehr elektronische Fußfessel. Ein Kommentar:
https://t.co/GL6k1gqdf1",0,-1,-1,0,0,0
Demo der Angestellten des Farmand Lebensmittelherstellers in Karadsch. Es geht um niedrige Gehälter und die hohe Inflation. 26. Jänner.   https://t.co/5XogB5CWw4,0,-1,-1,0,0,0
"Stärksten Erdbeben in der Türkei seit Jahrzehnten - Mehr als 2000 Überlebende | PCLMedia https://t.co/K4bWBnAa6m

     https://t.co/pJ2RqSLheM",0,-1,-1,1,0,0
"Irgendein Kommandeur des mörderischen Mullah-Regimes prahlt: Das hier ist das Land des Widerstands, das Zentrum der Erzeugung von Macht... bummm!",0,-1,-1,1,1,1
"Der frühere pakistanische Präsident Pervez Musharraf ist gestorben
    https://t.co/51jQsPylkY",0,-1,-1,0,0,0
"Guten Tag,
Khamenehi ist ein mörder und IRGC ist ein Terrorist und das weiß ganze Welt.    
@Bundeskanzler @ABaerbock @EmmanuelMacron @JamesCleverly @JosepBorrellF
14- Amin Marefat, ist in Oshnavieh geschossen wurde. https://t.co/vVFuovLRZy",0,-1,-1,1,1,1
"Lebenslanges Arbeitsverbot im Gesundheitsbereich für Mitarbeiter die in 2 Wochen noch nicht geimpft sind.

Die sollen sich zu Schamanen ausbilden lassen.",0,-1,-1,1,1,1
"""Anwohnerinnen und Anwohner können den Sicherheitsbereich betreten. Das gilt auch für alle, die hier einen Arzttermin oder einen anderen unaufschiebbaren Termin haben...""",0,-1,-1,0,0,0
"Gewürdigt wird Annalena Baerbock, weil sie „standfest und humorvoll auf dem diplomatischen Parkett steht“...„eine moderne Ritterin, die für eine Außenpolitik auf Augenhöhe, im Einsatz für Frieden, Sicherheit, Klimaschutz, Demokratie und Menschenrechte steht“.",0,-1,-1,0,0,0
"Spritpreise steigen trotz !

Die  für Benzin und Diesel sollte Deutschlands  entlasten. Vor 4-5 Wochen hatten wir die gleichen Preise, für was war der Tankrabatt nochmal?

  
https://t.co/HZ5yq9jDyr",0,-1,-1,1,0,0
"Was ist hier den los ??? 

Schaut mal ...Elon Musk und der 

https://t.co/vVBU6506fJ",0,-1,-1,0,0,0
"Ich weiß nicht, was ich schlimmer finde: Dass der Typ bis Ende 2021 für DIE LINKE im Bundestag saß oder, dass er seinen Röhrenfernseher abfotografiert hat. https://t.co/6xh4sJRxSS",0,-1,-1,0,0,0
Soviel zum Thema Sie hätten niemals gesagt Schulen sind Treiber der Pandemie und sollen geschlossen werden!,0,-1,-1,1,0,0
"Von Mai an gelten in  deutlich erhöhte Taxitarife. Die Fahrten werden sich tagsüber um rund 30 Prozent, nachts um 40 Prozent verteuern. Die Gründe: höherer Mindestlohn, teurer Sprit und die Inflation. (BZ-Plus) https://t.co/4bpriWesBC",0,-1,-1,0,0,0
Wenn Elon Musk übernimmt https://t.co/hKZk46RxSX https://t.co/5V3OxhhyzP @jbruehl via @piqd_de,0,-1,-1,0,0,0
"Eine Kommilitonin die absolut gegen Abtreibung war hat in unserer Lerngruppe eine Debatte angefangen und dann gegen mich verloren, hat aber tatsächlich ihre Meinung geändert und ist jetzt pro choice. Ich bin sehr beeindruckt, sowas hat man selten.",0,-1,-1,0,0,0
Es ist beschämend dass England und Kanada nicht der Meinung sind  nicht auf  zu setzen. Wir  werden wir das nicht vergessen.,0,-1,-1,0,0,0
Chapeau an @MAStrackZi für das mega Kostüm. Aber herzliche Glückwünsche an @ABaerbock zur Verleihung des Orden wider den tierischen Ernst. Gute Wahl des,0,-1,-1,0,0,0
"Hier ein Video von  aus der Zeit vor seiner Verhaftung. Damit wir sehen können, dass er ein lebensfroher Mensch war, der gesungen und gelacht hat. Die islamische Republik hat ihn so zugerichtet wie er jetzt aussieht.   https://t.co/6x096xYif5",0,-1,-1,1,0,0
"https://t.co/hHScQMrLWH

Update: Über 2300 Tote nach Erdbeben in der Türkei und in Syrien",0,-1,-1,0,0,0
"Ich kann mir diese Putin Arschkriecherei nicht mehr geben. 
Haut die Linke endlich aus dem Bundestag! https://t.co/2L9qvTaPHr",0,-1,-1,0,1,1
Baerbock völlig Unfähig!!,0,-1,-1,0,0,1
"„Gaspreisdeckel“ beschlossen: EU überstimmt Deutschland ++ Europäische Rat: Windräder und Solaranlagen sollen schneller genehmigt und Einspruchsmöglichkeiten gekappt werden ++ Wissing stellt geplanten Ausstieg aus Kernkraft in Frage ++
https://t.co/eygWOX4urT",0,-1,-1,0,0,0
"hat 2014 vor dem @Bundestag behauptet, in der  würden Juden verfolgt werden. Weil  an der Macht und so.",0,-1,-1,1,1,1
"Es werden Altkleider - insbesondere Winterkleider- Spenden für die Opfer der starken Erdbeben in der Türkei gesammelt und mithilfe eines LKW's transportiert.
Bitte an folgende Adresse:
Hermannstal 101
22119 Hamburg
Ora Kuaför
Der LKW wird am Mittwoch den 08.02.2023 los fahren.",0,-1,-1,0,0,0
"Softwareentwickler - Embedded Systems (m/w/d) in Dresden bei Höfer und Tausch GmbH
   https://t.co/k8G3XBheKE https://t.co/q7aAgb2mVi",0,-1,-1,0,0,0
AK Präsidentin Anderl wünscht Bundespräsident Van der Bellen alles Gute für zweite Amtszeit  https://t.co/puvg7nEhDZ,0,-1,-1,0,0,0
"""Die vielfältige Diskriminierung von Mädchen und Frauen schadet unserer Gesellschaft und muß endlich aufhören"".",0,-1,-1,0,0,0
München: Die FDP im Landtag will von der Staatsregierung die Folgen der Corona-Auflagen für Sexarbeiter*innen untersuchen lassen. Das Arbeitsverbot habe Sexarbeit in die Illegalität verlagert und sei so zu einem „Hebel für sexuelle Ausbeutung“ geworden. https://t.co/I7x83J6jtH,0,-1,-1,0,0,0
AKTUELL – Österreich: Bundespräsident van der Bellen ist für seine zweite Amtszeit vereidigt worden. https://t.co/GWk0dxyRXg,0,-1,-1,0,0,0
"Fortschritt? Nein, Danke . Die SVP setzt sich weiter gegen den Aufbau einer inklusiven Gesellschaft ein. Heute spricht sie sich gegen die Nutzung diskriminierungsfreier Sprache aus, gegen das Recht auf Abtreibung, gegen Massnahmen, um die Klimakrise zu stoppen. Was kommt noch? https://t.co/Bvoa5PmqqY",0,-1,-1,0,1,0
"Altech Advanced Materials, Mercedes-Benz, Nio – Elektromobilität vor einer Revolution           -Auto  https://t.co/wqeYTk0hZU https://t.co/Nucsp3GLCI",0,-1,-1,0,0,0
Ohne Kommentar...,0,-1,-1,0,0,0
"Der 14 jährige Schüler  aus Oshnavieh in West-Azerbaijan Provinz wurde von Einheiten der Islamischen Republik entführt und in einen unbekannten Standort gebracht weil er an Protesten teilgenommen hat.
Seid Kumar’s Stimme!",0,-1,-1,1,0,0
"Du begeisterst dich für ,  und ? Und |e Lösungen und  alltäglicher Prozesse sind voll dein Ding? Dann bewirb'dich jetzt bei uns https://t.co/34NzSq61yF https://t.co/WEga14I2uv",0,-1,-1,0,0,0
Ab Mitte 2023 gilt der kantonale Mindestlohn auch im Detailhandel https://t.co/MzANAT3A3C,0,-1,-1,0,0,0
"So sieht ein Land aus, in dem nicht einmal mehr die Grundbedürfnisse der Menschen - hier bei Verteilung von Zelten nach einem Erdbeben - befriedigt werden können. Failed state. 

Khoy, 29.01.2023",0,-1,-1,0,0,0
"-Orientierungssemester
Studieninteressierte der , , - o.  können sich jetzt bewerben, um vom 11. 4.- 21. 7.2023 verschiedene Studiengänge kennenzulernen, Vorlesungen zu besuchen &amp; Infos zu erhalten. 
https://t.co/HqSCjOiuzj https://t.co/HwYC4lRIjK",0,-1,-1,0,0,0
Die Klaus Tschira Stiftung fördert Forschung an der @UniHeidelberg: In der geförderten Promotion von Sandra Oerther geht es um die Ausbreitung der Sandmücke in Süddeuschland sowie die damit verbundene Gefahr von Krankheiten wie etwa Leishmaniose: https://t.co/qK9RS9P2Nf,0,-1,-1,0,0,0
"wie wäre es mit einem  für Verbrenner Motoren,  für Batteriebetriebene Elektrofahrzeuge…",0,-1,-1,0,0,0
"Wer nicht geboren werden darf, wird von Arbeit, Bildung und öffentlichem Leben ausgeschlossen.",0,-1,-1,0,1,0
"Und Wien  bereits als Versuchslabor 
Maskenpflicht in den Öffis.
""Wie weit können wir gehen und wer macht mit ""
Deine Gedanken Ludwig",0,-1,-1,0,0,0
"Stellt euch vor, man könnte bei einer medizinischen Behandlung die Patientinnen Zufriedenheit steigern, Komplikationen mindern und Kosten senken.

Mit welchen Wort bezeichnen wir Menschen die dagegen sind?

Abtreibung per Telemedizin, jetzt!

https://t.co/UvRwjqZAsO",0,-1,-1,0,0,0
Wir sagen NEIN zum  auf unseren |en. https://t.co/QRtJzvLQHD,0,-1,-1,1,0,1
"PolitikDer ukrainische Staatschef fordert erneut eine rigorose Bestrafung der gesamten russischen Staats- und Armeeführung. Wer sie ihrer Strafe zuführen soll, bleibt aber offen. Die aktuellen... https://t.co/1Hsk48ENwm",0,-1,-1,0,0,0
"Ich möchte nochmals auf diesen Thread hinweisen, der aufschlüsselt, weshalb die Personen, die von einer Listung der IRGC getroffen wären, nicht Durchschnittsbürger sind, die zufällig ihren Grundwehrdienst bei der Revolutionsgarde versehen haben.",0,-1,-1,0,0,0
"Ich werde euch nicht zwingen zu helfen, aber in der Türkei sowie in Syrien gab es gestern Nacht ein Erdbeben. 

Viele Kinder, Eltern, Großeltern sind in den Ruinen verschwunden. Es laufen mehrere Spendenaktionen. Bitte überlegt, ob ihr etwas Gutes tun wollt.",0,-1,-1,0,0,0
Baerbock treten Sie endlich zurück!Sie bedeuten eine Gefahr für Deutschland! Frieden und DIPLOMATIE!,0,-1,-1,1,1,1
"Freudscher Versprecher, Unintelligent wie Baerbock oder weiß Cathryn Clüver Asbrook einfach mehr:
""Eine Atombombe und wir sind schneller mit dabei...""",0,-1,-1,1,1,1
"Eine Frau und ihre minderjährige Tochter aus  haben aufgrund ihres   in  erhalten. 

Dies ist ein historischer Fall auf dem Gebiet der Gewährung des Aufenthaltsrechts in diesem Land.",0,-1,-1,0,0,0
"Das Verhalten Einzelner dürfe nicht zur Bestrafung aller führen, sagt der parl. Geschäftsführer der Union im Bundestag, Thorsten Frei (). -Fraktionsvize Dirk Wiese spricht sich für ein  in bestimmten Stadtvierteln aus.

Lachflash.  https://t.co/AeoWfA0cn3",0,-1,-1,0,0,0
"'Das Herz der  ist das Finden von gemeinsamen Lösungen'
 Bundespräsident @vanderbellen
 2. Amtsperiode 26-01-2023

https://t.co/m6r0Jx7bhH",0,-1,-1,0,0,0
"Politische Gefangene des Frauentrakts des -Gefängnisses singen eine persische Version von .
Aufgezeichnet und veröffentlicht von der Tochter der politischen Gefangenen Alieh Motallebzadeh in einem Telefongespräch.
 
https://t.co/UJIAayAlQi",0,-1,-1,0,0,0
"Ich bin immer noch der Meinung, dass @elonmusk ein Totengräber ist!",0,-1,-1,0,0,1
Ich wollte immer informatik machen und foto videografie und ähm hier bin ich ITler bei einem der größten unternehmen in diesem land und mache foto videografie im kleinen stil jedoch in sehr hoher qualität  nur fußballprofi bin ich nicht,0,-1,-1,0,0,0
"Übergriffe in der Silvesternacht! Nur politische Sprüche, mit gespaltener Zunge gesprochen! Faeser: Sie verlangte eine strenge Bestrafung der Täter, schloss sich Forderungen nach Strafverschärfungen aber nicht an. sie tun nichts, nur Wenn, aber, ausreichend! Unfähige Sprüche! https://t.co/BYKdFpCn5s",0,-1,-1,1,1,1
"Lieber Bundespräsident @vanderbellen - danke für unser Podcast-Gespräch über ihre Karriere, warum Biertrinken manchmal zusammen besser ist und was ihr 14-jähriges Ich über sie denken würde. Und alles Gute zur zweiten Amtszeit!!

https://t.co/SOAplTxWBx",0,-1,-1,0,0,0
"Team inFINity belegt 1. Platz bei der First Lego League in Magdeburg

Zum ganzen Artikel: https://t.co/8THaDk5e8z https://t.co/J4H9TmWjTS",0,-1,-1,0,0,0
Danke Bundeskanzler ....!,0,-1,-1,0,0,0
Unwürdig für einen |en..,0,-1,-1,0,1,1
"Kann es sein, dass dieses ich weiß es nicht was, im DE. Bundestag sitzt?",0,-1,-1,0,0,0
Aaaaaaaahhhhhh ich hab den Studienplatz für Informatik https://t.co/ldVyXEv5MB,0,-1,-1,0,0,0
Arbeitsverbot für Team   Hintergründe von @aaron_tilton aus  @dw_deutsch @DeutscheWelle  https://t.co/lEQWacIM3t via @YouTube,0,-1,-1,0,0,0
Exakt sechs Jahre nach seiner ersten Angelobung wird Bundespräsident Alexander Van der Bellen heute für seine zweite und damit letzte Amtszeit angelobt. Im historischen Sitzungssaal des Parlaments findet um 10 Uhr die formale Angelobung statt. https://t.co/1bsUvtKFBf https://t.co/Kp8qppn3f7,0,-1,-1,0,0,0
"Soziale Teilhabebots wie z.B. @CaptionClerk und @AltTextUtil für blinde Menschen sollen nun kostenpflichtig werden.

@elonmusk schachert damit auf der untersten Schublade Geld. Wollen wir das zulassen?

Gerne retweet.",0,-1,-1,0,0,1
Digitaler Wandel: Beim Schulfach  hinkt  hinterher https://t.co/jtHT4HwsnS @elaine_miller @informatikradar @JungeGi,0,-1,-1,0,0,0
Elektrofahrzeuge ALKE'  https://t.co/CaveQaUZwp https://t.co/c3Ie6lPNRF,0,-1,-1,0,0,0
"Ich empfehle es jedem, der abnehmen möchte und ein Problem hat
--&gt; https://t.co/AqKIwp55t7

 
 Wochenstart


Start in die Woche
Taylor
Harry Tafeln
Wochenanfag Turkish
Karneval  Pfeiffer Opfern Dienstwagen https://t.co/hSxLlYX3TU",0,-1,-1,0,0,0
"Jemen Kinder sterben an Unterernährung , Mangel an Medikamenten, die Ausbreitung von Krankheiten  https://t.co/I3QL8t1OZZ",0,-1,-1,1,0,0
"Frauenanteil in Führungsebenen rückläufig: Nur 13,7% der Chefpositionen sind weiblich besetzt!

➥ https://t.co/W7yDf7OPnl
Eine Erhebung der @fondsfrauen hat analysiert, dass nur jede zehnte Position wird mit einer Frau besetzt wird.

  https://t.co/5MMyYVy2vz",0,-1,-1,0,0,0
Freistetters Formelwelt: Wann eine Krankheit zur Seuche wird: Wenn es um die Ausbreitung von Krankheiten geht... https://t.co/fgkEeaK0wv,0,-1,-1,0,0,0
"Off-Road-Elektrofahrzeuge - Jetzt können Sie!
 https://t.co/MaVQiQuhJY https://t.co/qHZTMH6kXE",0,-1,-1,0,0,0
„Deutscher Bundestag: Schluss mit dem XXL-Bundestag! 500 Abgeordnete sind genug!” - Jetzt unterschreiben! https://t.co/1IfgQexXrj via @ChangeGER,0,-1,-1,1,0,0
"Zifo erwirbt beyontics https://t.co/uu6XELyC5i 

Zifo, Anbieter von Dienstleistungen im Bereich der wissenschaftlichen Informatik, gibt die Übernahme von beyontics bekannt. Als wissenschaftlicher Dienstleister verfügt beyontics über umfangreiche Erfahrung in der Auswahl, Konfig… https://t.co/RM3Mwk9Azm",0,-1,-1,0,0,0
"Wer sorgt für die Bestrafung faschitoiser Polizisten, die hier mit Überhärte ihren Hass auf Linksgrünversiffte rausprügeln? Haftstrafen nicht unter einem Jahr scheinen da oft angemessen.",0,-1,-1,1,1,1
"""Daniela Kluckert"" wurde anonym aus dem Netz des Bundestag-WLAN bearbeitet.
https://t.co/00wQqQ13H0",0,-1,-1,0,0,0
"Im Video wird die These vertreten, dass die  keiner ernst nimmt. Hoffentlich! https://t.co/5n4Trn2Wwy",0,-1,-1,0,0,0
Twitter für Entwickler: Elon Musk erwägt API-Zugang für 100 US-Dollar im Monat - https://t.co/vZNCqpFqbh https://t.co/hVLDnwaE4o,0,-1,-1,0,0,0
"""Wir in Österreich müssen gestehen, unsere Armee nach 10 Jahren finanzieller Aushungerung so vernachlässigt zu haben, dass ich nicht wüsste, welche Waffen wir liefern könnten"", sagt Bundespräsident @vanderbellen",0,-1,-1,0,0,0
"Verheerendes Erdbeben in der Türkei und in Syrien:
Wir sind mit unseren Gedanken und
Gebeten bei den Opfern und ihren Angehörigen.",0,-1,-1,0,0,0
Nicht im Leopardenkostüm: Baerbock bekommt Orden wider den tierischen Ernst https://t.co/EpeWQvIelT,0,-1,-1,0,0,0
"Heute bei „6 vor 9“: https://t.co/kNmkfjIKrR
★ Elon Musk übernimmt Twitter 
★ ""faktisches Arbeitsverbot""
★ Die Recherche der Hildbusters
★ Das war Mateschitz als Medienmogul
★ Wie Polizeimeldungen Unfälle verharmlosen
★ Hat sich Mark Zuckerberg verzockt?",0,-1,-1,0,0,0
"Die Nachrichten über die verheerenden  in der  und  erschüttern die Welt.  stellt den betroffenen Gebiete Hilfe durch SpaceX in Aussicht. 
https://t.co/E2v5E9IIzh",0,-1,-1,0,0,0
"Die einrichtungsbezogene Impfpflicht in der  bedeutet kein automatisches Arbeitsverbot für Ungeimpfte. Sie dürfen vorerst weiterarbeiten, so das Gesundheitsministerium. https://t.co/st9uLHw49s",0,-1,-1,0,0,0
NNPC: NNPC moves to tackle cooking gas shortage https://t.co/dyrToUPMf0 https://t.co/Qolk2HcScu,0,-1,-1,0,0,0
Welche Fraktionen im Deutschen Bundestag setzen sich Ihrer Meinung nach besonders für einen sparsamen Umgang mit öffentlichen Geldern und Steuereinnahmen ein?  via @civey_de https://t.co/KXB3F40VXn,0,-1,-1,0,0,0
"An Weihnachten 1705 hatten sich mehr als 2500 Bauern und Handwerker mit dem Spruch 
""Lieber bairisch sterben als kaiserlich verderben"" 
gegen die  Besatzer erhoben.
Wir gedenken unserer Helden von 1705.
  
 https://t.co/wEfUOzKqMk",0,-1,-1,0,0,0
Exklusiv: Das Verteidigungsministerium hat 2022 mehr als 170.000 Euro für Tagungen in externen Hotels gezahlt – zum Beispiel im noblen Steigenberger. Im Bundestag wächst Misstrauen. Zur Recherche https://t.co/nUgOQJkaju    https://t.co/JZiAU1n2dg,0,-1,-1,1,0,0
"Erste Anträge an US-Behörden: Twitter soll bald Bezahldienstleistungen umfassen
Elon Musk will aus Twitter eine ""Everything-App"" machen, mit der man alles erledigen kann, etwa Geld überweisen. Die Vorbereitungen dafür haben begonnen.

https://t.co/RmF2nnBLJO",0,-1,-1,0,0,0
Wir brauchen auch Menschenrechte INNERHALB der EU-Grenzen.   STOPPEN,0,-1,-1,0,0,0
"Mercedes-Benz kündigt die Einführung eines globalen Hochleistungs-Ladenetzwerks in Nordamerika, Europa, China und anderen Schlüsselmärkten an.  C-Store   

 Mehr: https://t.co/2TWb4lreJB

   https://t.co/6n6XLO39Os",0,-1,-1,0,0,0
"""Aber die Literatur ist kein Elfenbeinturm, in dem die sitzen, denen ihre Gegenwart und deren Quisquilien und Katastrophen Hekuba sind.""

Elfenbeinturm, welcher Elfenbeinturm? 

(Zitat aus dem Beitrag ""Im alten Westen"" von Burkhard Spinnen aus dem Jahr 1996)",0,-1,-1,0,0,0
sonja und jan freuen sich,0,-1,-1,0,0,0
"Die Vermeidung eines langen Krieges muss eine höhere Priorität haben, als die territoriale Integrität der Ukraine.
Auf die Gesprächsbereitschaft beider Seiten sei entsprechend einzuwirken.
Zeit, dass man das auch in  realisiert!
@Bundeskanzler 
https://t.co/EIEdQ8F1wZ",0,-1,-1,0,0,0
"gas shortage in Pakistan
https://t.co/9iRqUfTvSt",0,-1,-1,0,0,0
Im  geht das Regime nicht nur in  mit äußerster Gewalt vor.,0,-1,-1,0,0,1
"Im Jahr 2022 haben Männer im Land Bremen gut fünf Euro pro Stunde mehr verdient als Frauen, so das Statistische Landesamt. Das ist ein Unterschied von 20 Prozent.   https://t.co/ZVyEuJsiXl",0,-1,-1,0,0,0
Forscherin: Im Osten Ausbreitung von West-Nil-Virus        https://t.co/jeJx94uQGn,0,-1,-1,0,0,0
"Ich finde ja, der FC Bayern ist absolut konsequent bei der Bestrafung seiner Spieler. Genauso wie Neuer nach Ski-Ausflug nicht spielen durfte, erwischt es eben jetzt Gnabry nach dem Fashion-Trip.",0,-1,-1,0,0,0
"Die Regierung der Mittelmeerinsel Zypern fördert mit 3,7 Millionen Euro den Aufbau von 1.000 öffentlichen Ladestationen für Elektrofahrzeuge.
https://t.co/GA7PvBGZIH",0,-1,-1,0,0,0
Congratulations Bundespräsident @vanderbellen zur offiziellen Angelobung für die zweite Amtszeit!,0,-1,-1,0,0,0
FPÖ – Hafenecker: Bundespräsident Van der Bellen muss sein problematisches Amtsverständnis überdenken! https://t.co/BQaIhUb9mv,0,-1,-1,0,0,0
„dir gönne ich es vom ganzen herzen“ gigi,0,-1,-1,0,0,0
"Hat sich  schon positioniert? Oder müssen Einzelschicksale beim Kampf [nicht Krieg!] gegen  zurückstehen?  

Polnische Krankenhäuser verweigern 14-Jähriger  nach  https://t.co/bFvA1mhb80 @Tagesspiegel",0,-1,-1,0,0,0
"Westliche Länder schmieden eine grüne Allianz, um Mineralien für Elektrofahrzeuge zu erhalten https://t.co/5eEwkZzhgs",0,-1,-1,0,0,0
Wir gratulieren unseren Freunden vom @SSWpresse !,0,-1,-1,0,0,0
Gemeinsames Spendenkonto zahlreicher deutscher Hilfsorganisationen für die aktuelle -Katastrophe in der Türkei: https://t.co/SxekRWJv6U,0,-1,-1,0,0,0
"Vielen Dank an die ! 

      

@openPetition @dkp_media https://t.co/j8ax9stLHm",0,-1,-1,0,0,0
"Der Bundespräsident ruft in seiner Rede vor der Bundesversammlung ein „nie wieder Nationalsozialismus“ aus und die Abgeordneten der FPÖ applaudieren als einzige im Saal nicht.

Am Tag vor dem Tag des Gedenkens an die Opfer des Nationalsozialismus.",0,-1,-1,0,0,0
Was ist das eigentlich für ein Müll und was zur Hölle ist das für eine Bestrafung? https://t.co/piFEe0f6Q7,0,-1,-1,0,0,1
Aktuelles • Reederei nimmt keine Elektrofahrzeuge mit https://t.co/MzAmohToKh,0,-1,-1,0,0,0
"Nebenbei werden Demonstranten im Iran gerötet, misshandelt oder schwer gefoltert",0,-1,-1,1,1,1
Wir sind am arsch wenn Elon Musk vom Gangnam Style erfährt,0,-1,-1,0,0,1
"Update  Syrien/Türkei:
Mehr als 7.000 Menschen sind laut offiziellen Angaben verletzt, fast 2.000 tot. Unsere Hilfe läuft an, wir sind mit Mitarbeiter*innen der Caritas Syrien vernetzt. Jetzt unterstützen: https://t.co/AovOJS3SGz
Fotos  Caritas Syrien https://t.co/RM0oEUUnk0",0,-1,-1,0,0,0
"EU beschliesst Gaspreisdeckel =180€/MWh
Reuters:Die Deckelung wird ausgelöst
wenn der Preis auf dem Gasmarkt 
180€ pro MWh an *3* aufeinanderfolgenden Tagen überschreitet.
Ziemlich deutlich unter dem Schwellenwert
 von 275 €. Ab :15.2.2023",0,-1,-1,0,0,0
"«Corona-Leaks»: Bundespräsident Berset behauptet, er habe nichts gewusst. Doch darum geht es nicht. Er hätte es wissen müssen https://t.co/mOT6sB7Bnh

@VB_Schweiz 
@Tanznatur 
@MassnahmenNein",0,-1,-1,1,0,0
DE |  — Wachsende Armut wegen fehlender Geburtenkontrolle - Obwohl bisher immer der Zuzug aus dem… https://t.co/8w5ymYhgjW,0,-1,-1,1,0,0
"~ Calibans Nachrichten ~
Arbeitsverbot? Nawalnys Organsiationen im Visier der russischen Justiz
https://t.co/rz1PmXO7kj",0,-1,-1,1,0,0
"Seit rund 6 Wochen gibt es einen neuen Hype in der Welt der Künstlichen Intelligenz.  schreibt eigene Texte. Aber was taugen die? Bei @DLFKultur schätzt Informatik-Professor @robertlieck das ein. @elenagorgis 
https://t.co/rK72GZdaTW",0,-1,-1,0,0,0
"Notizbuch: ähnlich wie die Ukraine braucht man auch Katastrophen Apps mit denen man z.b himmelsobjekte oder irgendetwas filmen oder fotografieren und völlig unverbindlich zu Überprüfung auch den Behörden schicken kann. Solche Apps machen in der Ukraine gerade einen 

1",0,-1,-1,0,0,0
"Hat es @AmbiBox_GmbH geschafft, bidirektionales Laden mit einem @Tesla Model Y und einer ambiCHARGE bidirektionalen CCS Wallbox mit ISO 15118-20 zum Laufen zu bringen?

P.S.: @emcaustria Livestream zu bidirektionalem Laden:
https://t.co/ORDOeRYKiv
@elonmusk @NotATeslaApp https://t.co/dhFlrnbcVg",0,-1,-1,0,0,0
"Erstmals seit 2007 sinkt die Zahl der Studienanfänger in den -Fächern und der Rückgang bei Mathematik, Informatik, Naturwissenschaften und Technik ist größer als in anderen |n. https://t.co/6KVLl8JsbG",0,-1,-1,0,0,0
Gender Pay Gap 2022: Frauen verdienten pro Stunde 18 % weniger als Männer https://t.co/Fqtnx9X0QM via @na_presseportal,0,-1,-1,0,0,0
Elon Musk dürfte das halt relativ egal sein.,0,-1,-1,0,0,0
Wird Zeit das @Bundeskanzler u @klara_geywitz @spdbt  sich mal deutlich zu Wort melden u Druck auf die FDP ausüben. Indexmieten unterlaufen Schutzregelungen für die Mieter:innen u gehören für den Wohnbereich sowie Kleingewerbe verboten.,0,-1,-1,0,0,0
Unternehmen mit mehr als 100 Mitarbeiterinnen und Mitarbeitern müssen künftig regelmäßig Daten zum Gehaltsunterschied zwischen Männern und Frauen veröffentlichen.  https://t.co/3im9NDDH8T,0,-1,-1,0,0,0
"Hyschpp Hyschpp - (World War IV series) - Ink on paper, 148x95mm, 2022.    https://t.co/CqQusI9I98",0,-1,-1,0,0,0
"18 Monate lang demonstrierten Geflüchtete vom besetzten Oranienplatz aus gegen das deutsche Asylsystem, gegen die Unterbringung in Heimen, gegen Abschiebungen, gegen Arbeitsverbot und die Residenzpflicht. Am 8. April 2014 wurde das Refugee-Camp geräumt. https://t.co/hrBU27fCzO https://t.co/2jC17kwcGj",0,-1,-1,0,0,0
"Zahedan, 3. Februar. Die Belutschen sind wieder auf der Straße.   https://t.co/A2eyFm3E4B",0,-1,-1,0,0,0
"Falls jemand fragt nenne ich  immer ""meine Waldspaziergänge"". Elon ?! Noch nie hier getroffen, diesen geheimnisvollen Oberförster. Ab und an trifft man auf verfallende Anstände, aber das ist unbedeutsam. Ich liebte und zugleich fürchtete Wälder schon als
junges Kind. https://t.co/yPexlMKZFu",0,-1,-1,0,0,0
"Ich schäme mich &amp; möchte hinzufügen, dass so ein Verhalten keine normale iranische Sitte ist. Im streng ausgelegten Islam darf man die Hand einer Frau nicht berühren, aber durchaus eines Blickes würdigen &amp; sie grüßen. Hier geschieht beides nicht.",0,-1,-1,0,0,0
"Auch hier  muss ich die Kommentarfunktion wieder einschränken. Dass rechte und rassistische Trolls kein Respekt vor dem Gedenken an die Opfer des  haben, wundert dann aber auch wieder nicht. Ich hoffe dennoch, auf eine Schwarze Redner:in demnächst im Bundestag!",0,-1,-1,1,1,1
Wird Deutschland beim EU-weiten Gaspreisdeckel überstimmt? https://t.co/cO5WbOT7hI,0,-1,-1,0,0,0
"AMS-Vorstand @johanneskopf  spricht bei PULS 24 über die Situation am Arbeitsmarkt, die Auswirkungen des Schengen-Vetos, den Gender-Pay-Gap und über seinen Wunsch, Ukrainer am Arbeitsmarkt zu integrieren. https://t.co/gPu06C6z0g https://t.co/z8WKdYA4zt",0,-1,-1,0,0,0
Y2 Solution kündigt Pläne für den Ausbau der Schnellladeinfrastruktur für Elektrofahrzeuge in Nordamerika an https://t.co/k9hl32fWjy,0,-1,-1,0,0,0
das ist ja schlimmer als wenn er eigenmächtig mit  treffen würde. Dan verarschen ja Mitgliedstaaten ihre Bürger*innen.,0,-1,-1,0,0,1
"Dieser ehrlose Hashtag  hat doch nur einen Grund -&gt; vom abgrundtiefen Sumpf im  Haus abzulenken. Wir werden das nicht zulassen.
Professor Drosten ist ein Ehrenmann! Was man von den Lappen in Eurem Haus nicht behaupten kann.",0,-1,-1,1,1,1
Das verdient Ihr auch @EUCouncil @JosepBorrellF @AuswaertigesAmt  Korruption auf Erden: Iran Kurzfilm https://t.co/BpSB6wxtdW,0,-1,-1,0,0,0
Abtreibung im Islam - Teil 1 mit Islamwissenschaftler Dr. Abdurrahman Re... https://t.co/9HytzaM3ma via @YouTube,0,-1,-1,0,0,0
So Solidarität ist angesagt und zwar schnell!,0,-1,-1,0,0,0
Wir suchen 2 Wiss. Mitarbeiter*innen aus den Bereichen Sozialwissenschaft &amp; Informatik! Werde jetzt Teil des Teams https://t.co/U6WqwNh29r &amp; https://t.co/MiRO36TbAq Wir freuen uns über Deine Bewerbung   der @TH_Nuernberg,0,-1,-1,0,0,0
Historischer Umbruch in !,0,-1,-1,0,0,0
"Erdbeben:
Anstatt Scheißpanzer nach Ukraine besser Hilfstruppen nach Türkei und Syrien
BRD soll voran machen
Das ist wichtig, nur das
Ukrainepeople wollen keine Waffenlieferungen",0,-1,-1,1,1,1
LIVEBLOG Nach verheerenden  - Schulen bleiben in der  für eine Woche geschlossen +++ Die Entwicklungen https://t.co/yNYDUBugsa @dpa via @mz_de   https://t.co/TU8kgehuyl,0,-1,-1,0,0,0
"Die News des bisherigen Tages (06.02.23) auf einen Blick.  in der  und ,  in  und bei der  und eine Razzia in Israel. Das und mehr seht ihr hier: https://t.co/fqzECA3Efo",0,-1,-1,0,0,0
Iranische  endlich auf die  setzen!    https://t.co/CpbKzbVdiI,0,-1,-1,0,0,1
Tesla-Aktionäre verlieren vor Gericht gegen Elon Musk https://t.co/eNMdhutfZu Wirtschaft Schweiz https://t.co/CTFlTOKMbH,0,-1,-1,0,0,0
Welche Maßnahme soll in der indischen Metropole Mumbai die Ausbreitung von Krankheiten verringern?:  http://t.co/nBIWkwilcG,0,-1,-1,0,0,0
Neue Torch-and-Grit-Testmethode von UL Solutions bietet einen standardisierten Ansatz zur Prüfung von Batteriegehäusematerialien für Elektrofahrzeuge https://t.co/71kzyB3F77,0,-1,-1,0,0,0
Das Abschmelzen des Meereises begünstigt die Ausbreitung von tödlichen Krankheiten: https://t.co/e2uKzmiS0h.,0,-1,-1,1,0,0
"Annalena Baerbock bekommt Karnevalsorden: »Ja, es ist tierisch ernst« https://t.co/Y59HRZ74k8 https://t.co/5iPwh8N5Ql",0,-1,-1,0,0,0
"""Darf ich das Spiel denn noch kaufen?"" Junge, wer bin ich – deine Mutter? Wenn ja, ists für die Abtreibung rr schon zu spät?",0,-1,-1,1,1,1
"kann in Bayern viele fossile Energieträger einsparen helfen.
Bayern ist ein Holzland. 
In 45 Minuten wird in unseren Wäldern durch Zuwachs
genauso viel CO₂ gebunden wie Münchens Pendler täglich
verursachen.
Wichtig ist natürlich das richtige Heizen.
 https://t.co/dWQos0NHWX",0,-1,-1,0,0,0
"Nach Erdbeben: Die vier größten Klubs der Süper Lig starten Kampagnen, um Opfern zu helfen https://t.co/OD2PzhlrPR",0,-1,-1,0,0,0
"Der Bundestag will Fachleute anhören, um über die Strafverfolgung wegen des Ukraine-Krieges zu beraten. https://t.co/8kFeXESGhW",0,-1,-1,0,0,0
Festliche Karnevalssitzung in Aachen - Baerbock bekommt Orden - und witzelt dann über Leoparden-Kostüm,0,-1,-1,0,0,0
das erdbeben in der türkei ist eine katastrophe für die menschen! für erdogan eine willkommene wahlkampfhilfe weil er sich als macher inszeniert! jetzt ist  aber die EU für ihn willkommen ! schweden und finnland auch? die menschen verdienen die hilfe! erdogan verdient sie nicht!,0,-1,-1,1,1,1
"Früher Filmkulisse, heute bestimmt der  die Tagesordnung: Die Innenminister der  treffen sich im  im abgeschirmten Kloster Eberbach. https://t.co/nSE1NNQLeG",0,-1,-1,0,0,0
"Provinzfürsten ohne Kompass!

Heute steht  als zerzauster Regionalpolitiker vor den Trümmern seiner Ambitionen – und die  entwickelt sich zur Chaospartei. Eine Lesenswerter Bericht!

  
https://t.co/UNM2dQwckB",0,-1,-1,0,0,0
": Angesichts der Tragödie um das starke  wurden alle nationalen Sportveranstaltungen in der  vorerst ausgesetzt.

: Unsere Gedanken und unser Beileid gelten den von dieser Katastrophe Betroffenen. Lasst uns zusammenstehen.

 https://t.co/EsEsSAszKb https://t.co/8Hx5vVz95q",0,-1,-1,0,0,0
"Daniele  befeuert Truther-Theorien und verglich Corona-Maßnahmen mit dem Dritten Reich. Im März will er im HCC in Hannover sprechen. Die Liberale Jüdische Gemeinde Hannover ist entsetzt.
@patschi1896 und ich haben das für @tonline aufgeschrieben. 
https://t.co/e6VykfpZVs",0,-1,-1,1,1,0
"FREIHEIT für BAYERN gibt es nur mit der BAYERNPARTEI!

 https://t.co/b0MpcBwIT7",0,-1,-1,0,0,0
"THEO VAN GOGH „DER WOKE WDR!“ - Klage gegen eigenen Sender : Hat ein WDR-Redakteur wegen Kritik „Arbeitsverbot“? 
Der WDR-Redakteur Jürgen Döschner verklagt den Sender wegen „Nichtbeschäftigung“. 
FAZ – 29.10.22 – VOLLTEXT https://t.co/Eodtb5yiHy https://t.co/5XeDTH23EE",0,-1,-1,0,0,0
Schwangerschaft oder Abtreibung hatte ich auch keine.  https://t.co/dm13k31eZf,0,-1,-1,0,0,0
"Neuer Beitrag: ""USA: Keine Abtreibung mehr in Alabama | ARTE Reportage"" -  https://t.co/h9MVkG7kD5 | ARTEde, Wissen",0,-1,-1,0,0,0
Damit ist dieser  vermenschlichter als ein Kind von .,0,-1,-1,0,0,0
"Erdbeben Türkei und Syrien: Spenden... Aktion Deutschland Hilft

Kleinvieh macht auch Mist. Wochenende zuhause verbringen und n Fuffi spenden, leggo! https://t.co/EaoEqrLZBK",0,-1,-1,0,0,0
"Wohin schweift der Blick dieser Personen ?
   https://t.co/oDH8ivrPc5",0,-1,-1,0,0,0
"wurde vor 132 Tagen gesprengt. Wer ist für diesen Anschlag auf unsere Infrastruktur verantwortlich, Herr @Bundeskanzler?",0,-1,-1,0,0,0
Auch am 03.02.2023 brauchen wir keine Rechtsextremisten im Bundestag!,0,-1,-1,0,1,0
"Wärmehallen für den Ernstfall!

Willkommen im besten Deutschland aller Zeiten, danke   und 

  
https://t.co/ezN4Hnz5jR",0,-1,-1,0,0,0
"Herr @Karl_Lauterbach, es sollte wohl eine Abstimmung im Bundestag geben, ob bei diesem Tuberkuloseausbruch die Freiheit des Bürgers durch Schutzmaßnahmen beschränkt werden darf. Seuchenschutz ist Freiheitsberaubung! Tuberkulose für alle.",0,-1,-1,1,0,1
"in a nutshell.

(als Ergänzung muss man noch hinzufügen: Und weil ungeimpftes Pflegepersonal Arbeitsverbot hat).",0,-1,-1,0,0,0
Der  liegt in Deutschland bei etwa 14 Prozent. Was sind die Gründe für die  und wie lässt sie sich weiter schließen? Eine Studie der @OECDaufDeutsch gibt Aufschlusshttps://t.co/76bPgctuKL,0,-1,-1,0,0,0
Bitte spenden!!,0,-1,-1,0,0,0
Vergleichsstudie: Deutschland beim Informatik-Unterricht abgehängt in Europa https://t.co/PUOcE0K2Gm,0,-1,-1,0,0,0
Bundespräsident Alexander Van der Bellen ist heute früh in Kiew angekommen. Am Nachmittag wird er im Vorfeld des für Freitag geplanten EU-Ukraine-Gipfels auch Wolodymyr Selenskyj treffen. Minister Kocher und Gewessler sowie österreichische… https://t.co/f60xssvDWy,0,-1,-1,0,0,0
Trabzonspor wird die von Erdbeben betroffenen Regionen mit Kleidung u.ä. versorgen,0,-1,-1,0,0,0
"Dass die Behörden diese Aufgaben an private Unternehmen delegieren, obwohl sie sich weigern, ihre ""Operationen"" transparent zu machen, ist der absurde Teil der verschleierten Bestrafung für das Flüchtlingstum.  ?",0,-1,-1,1,0,0
Chinesischer Autozulieferer Baolong Automotive stellt neue Produktreihe von Sensoren für Elektrofahrzeuge vor https://t.co/TjyTg0UTcF,0,-1,-1,0,0,0
Frauenrechte in Afghanistan: Taliban erlauben weiblichem NGO-Personal teilweise wieder die Arbeit https://t.co/LO0r2VDfHG via @derspiegel,0,-1,-1,0,0,0
"EU-Energieminister einigen sich auf 
https://t.co/Fd6zph6cW2",0,-1,-1,0,0,0
"Erinnerst Du Dich, wann Du zuletzt im Freien getanzt hast?! 
die Realität im",0,-1,-1,0,0,0
INFORMATIK 2023 Festival vom 27.-29.9. in Berlin  https://t.co/Ic8cs8O6XY,0,-1,-1,0,0,0
"Ein cooles Angebot für Dich:
 
Abraxas Informatik AG sucht: Beratung Abacus Zeiterfassung 80–100 %
 
 Technologien: Abacus, Mobile
 
Mehr Infos auf: https://t.co/BMPBstQUZT",0,-1,-1,0,0,0
"„Dass die Außenministerin einen solchen Satz geprägt hat, nutzt eigentlich nur der Propaganda in Moskau.“ – SPD-Fraktionschef Rolf Mützenich kritisiert im  Außenministerin @ABaerbock für ihre Aussage, man sei in einem Krieg mit Russland. https://t.co/PnAaC6qfa7",0,-1,-1,0,0,0
"Wissen soll zum Schnelllade-Standort für Elektrofahrzeuge werden 
    https://t.co/0jB3EKGid4",0,-1,-1,0,0,0
"Professur “Angewandte Informatik” an der Fachhochschule Aachen zu besetzen.  
https://t.co/2olDFDLfbL",0,-1,-1,0,0,0
"Grünen-Fraktionschefin Katharina Dröge hat Bundeskanzler Olaf Scholz (SPD) dazu aufgefordert, sich im Streit zwischen FDP und Grünen über die Planungsbeschleunigung im Verkehr zu positionieren.
  

https://t.co/qPSRoPgpoL https://t.co/gce0zlTZHJ",0,-1,-1,0,0,0
"„DU bist der Gaffer, DU bist verdorben!“ (rufen die Männer &amp; meinen die Herrscher), die Frauen ergänzen: „Ich bin (nur) die freie Frau!“ (Ihr Chor ist der schönste Klang in meinen Ohren)",0,-1,-1,0,1,0
Elon Musk hat twitter so verkackt das die Seite so schlecht lädt. Jack war der beste vallah,0,-1,-1,0,0,1
"Zum ersten Mal findet der «March for Life» statt, nachdem das Oberste Gericht der USA das Recht auf Abtreibung im vergangenen Jahr gekippt hat. - https://t.co/z4V3Cx73RM: Abtreibungsgegner demonstrieren in Washington",0,-1,-1,0,0,0
"https://t.co/HaJR0Jk35N

Die Demokratie ist abgeschafft, eine von den Bedürfnissen der Menschen völlig abgekoppelte „elitäre“ Kaste marschiert in Richtung zentralisierter Superstaat.

@KremlinRussia @KremlinRussia_E 

@Bundeskanzler",0,-1,-1,1,0,1
500 Personen bei Kundgebung gegen öffentlich finanzierte Abtreibungen in Tirol. „Kann denn Abtreibung Gesundheitsleistung sein?“ https://t.co/qdx1Sa3FSQ,0,-1,-1,0,0,0
"supply germany: 2022-12-14 (06am-06am)
Czech/Waidhaus:   354,505[kWh]
Belgium/Eynatten: 464,943,368[kWh]
Norway/Europipe:  1,334,560,857[kWh]",0,-1,-1,0,0,0
Software Engineering 2023 (SE 2023) vom 20.-24.2. in Paderborn  https://t.co/xpilNJNgG2,0,-1,-1,0,0,0
Revolutionsgarde auf die EU-Terrorliste!,0,-1,-1,1,0,0
Verweigerte Abtreibung für 14-Jährige sorgt in Polen für Empörung https://t.co/ta6hitFy8b https://t.co/a5xa8GqTsi,0,-1,-1,1,0,0
Recht auf Abtreibung dies das aber was ist mit dem inneren Kind?,0,-1,-1,0,0,0
"Die üble politisch-juristische Schweizer Tradition der Bestrafung von Whistleblowern lässt Vertrauen erkranken. Das SVP-Departement macht keine Anstalten, ihn entschädigen oder rehabilitieren zu wollen.



https://t.co/rUkHKLZY6C

https://t.co/GdoCiWsjae",0,-1,-1,0,0,0
"Sowas verhindert kein Böllerverbot,
sondern nur eine strikte Bestrafung von Schuldigen.

Eine Hundertschaft aktiver Zivilbeamte hätte wahrscheinlich Wunder gewirkt,
besonders, wenn Gerichte sich nicht zurückhalten.",0,-1,-1,0,0,0
In Neumünster haben die evangelische und katholische Kirche im Beisein von Bundeskanzler Scholz der Opfer des Messerangriffs von Brokstedt gedacht. https://t.co/40i7DPIKaD,0,-1,-1,0,0,0
Mützenich irritiert Grüne mit Äußerungen zum Krieg in der Ukraine https://t.co/YPLrl5unWF -- du spd stinkende kanalratte. baerbock macht hervorragende aussenpolitik nicht so wie scheiß spd-kanlzer scholz.der nichts sagt u.deutschland in den abgrund stürzt.scheiß spd.,0,-1,-1,1,1,1
"Arbeitet für den @WDR und ruft öffentliche zu Hetze, Gewalt und Bestrafung für die freie Meinungsäußerung auf! Mittlerweile ist es nur noch schockierend zu erfahren, wer alles beim ÖRR bezahlt wird.
https://t.co/Huf8kVO4Ik",0,-1,-1,1,1,1
"zeitung_energie ""Europäischer Gaspreisdeckel kommt im Februar: Die Energieminister der EU haben sich auf den von Deutschland zunächst abgelehnten „Marktkorrekturmechanismus“ für Gas verständigt. https://t.co/dXyOPywPQd   """,0,-1,-1,0,0,0
"waren so viele Menschen wie noch nie zuvor auf humanitäre  angewiesen. Wir konnten dank eurer  rund 400.000 Menschen in 22 Projekten und 12 Ländern nach  erreichen und ihnen Hoffnung schenken.

Vielen Dank für euren andauernden Support!  https://t.co/Vva7IZ1JsM",0,-1,-1,0,0,0
Climate Poetry: In ihrem dritten Gedichtband „Nicht warten auf King Tide“ schaut Judith Hennemann den Umweltkatastrophen dieser Welt ins Gesicht. https://t.co/T4VSIRbqej,0,-1,-1,0,0,0
Was ist ein SAPRouter? Ein SAPRouter ist eine Software für die Sicherung der Supportverbindung zur SAP. Stichwort: Netzwerksicherheit. Hier mehr erfahren: https://t.co/QE6BJS3vst https://t.co/c2paLVFJGk,0,-1,-1,0,0,0
"20.000 Euro für alle? Reiche Eltern, reiche Kinder – das Erbschaftssystem sorgt dafür, dass in Deutschland Vermögen ungerecht verteilt bleiben. Jetzt kursiert im Bundestag ein umstrittener Vorschlag. https://t.co/ewLscDnADg",0,-1,-1,0,0,0
"Nach einigen wirklich dummen Beiträgen (nur 1 Bsp unten) von Bundestagsabgeordneten bin ich der Meinung, dass wir den Bundestag noch viel weiter verkleinern sollten, als bisher geplant. 
Sowas müssen wir uns nicht weiter antun.",0,-1,-1,0,0,1
ich liebe werbung genauso sehr wie lucas,0,-1,-1,0,0,0
"an @ABaerbock
@PahlaviReza ist der einzige vertrauenswürdige Vertreter,der die iranische Revolution anführt. Um ein Referendum für einen freien demokratischen Iran zu erreichen, bitten wir die internationalen Führer,Verhandlungen mit ihm aufzunehmen",0,-1,-1,0,0,0
"selbst in adana hat das erdbeben die hochhäuser geschüttelt, was dazu geführt hat dass alle verwandten in hochhäusern zu den verwandten in einfachen häusern geflüchtet sind
(everybody ok tho)",0,-1,-1,0,0,0
Bayernpartei: Gasumlage ist unsozial und darf nicht in Kraft treten! https://t.co/9YCTtmzXoG,0,-1,-1,0,0,0
Die @italvolt--Schwester  hat in Kalifornien ein 55 Hektar großes Areal für den Bau einer  erworben. Das Werk soll künftig Akkus für 650.000 Elektrofahrzeuge pro Jahr produzieren.  Mehr dazu in unseren : https://t.co/xYxY9EyhER,0,-1,-1,0,0,0
"Laut @Bundeskanzler @Bundeskanzler aus den neuesten Nachrichten sollen pro Tag in Deutschland 4-5 Windkraftanlagen gebaut werden. Wo will er die noch alle hinstellen? Statt die Speichertechnologie voranzubringen, wieder blinder Aktionismus. @spdbt",0,-1,-1,0,0,0
Bundespräsident beruft neue Mitglieder in den Wissenschaftsrat https://t.co/8NZR2Qsps9,0,-1,-1,0,0,0
"Habt ihr noch alle Latten am Zaun?
@TwitterSupport @elonmusk @TwitterMktgDACH @TwitterDE   https://t.co/77zZeDTzoc",0,-1,-1,0,0,1
"Bundespräsident Steinmeier besucht heute in Worms einen der ältesten jüdischen Friedhöfe in Europa, den »Heiligen Sand«, und den Bezirk der Synagoge. Am Nachmittag nimmt er von Unesco-Chefin Azoulay die Welterbe-Urkunde für die SchUM-Stätte entgegen. https://t.co/e6QqhpJH6m",0,-1,-1,0,0,0
EU-Energieminister einigen sich auf Gaspreisdeckel https://t.co/MgyMcxVAVu https://t.co/veV89jK7MJ,0,-1,-1,0,0,0
"Unser Scientific Management ist auf der Suche nach einer Persönlichen Assistenz (m/f/d) zur Vertretung während der .

Mehr Informationen zur Stelle: https://t.co/XtUEGKxQo8
 Bewerbungsfrist: 28 Februar 2023

 https://t.co/5WhDysQaRU",0,-1,-1,0,0,0
"Bundeskanzler: „Putin hat weder mir gedroht noch Deutschland“, sagt Scholz https://t.co/Pl077oQlbR via @welt",0,-1,-1,0,0,0
"Herzliche Gratulation zur erneuten Angelobung als Bundespräsident, lieber @vanderbellen! Ich freue mich, dass du uns weitere 6 Jahre mit deinem Weitblick &amp; deiner Entschlossenheit begleiten wirst. Danke für deinen Einsatz für unsere Republik und für alle Menschen, die hier leben. https://t.co/lw6oFnIiqp",0,-1,-1,0,0,0
"Das Medianentgelt ist 2021 im deutschlandweiten Durchschnitt um 89€ gestiegen.   Auch der Gab zwischen Ost und West wird geringer. Die Daten von empirica regio zeigen, wie sich die Entgelte in den vergangenen Jahren entwickelt haben.
    https://t.co/B8SQUv50WU",0,-1,-1,0,0,0
"--- English below ---
Schon zurückgemeldet? Die Frist für das Sommersemester 2023 hat begonnen. Bis zum 15.03 beträgt dieser 294,58€. Mehr Infos findest du unter dem Link in unserer Bio.",0,-1,-1,0,0,0
"wird  für Studenten der Elektrotechnik oder Informatik (m/w/d) in Bremen id:2978625128 in   
 https://t.co/bj9KwzacKp",0,-1,-1,0,0,0
"Dank der @spzuerich, Gewerkschaften, NGOs und weiteren Partnern kriegt die Stadt  bald einen Mindestlohn – als erste Gemeinde in der . Ein wichtiger Schritt für würdige  und zehntausende Armutsbetroffene. Und ein Entscheid mit Signalwirkung!",0,-1,-1,0,0,0
"Ein wichtiger Schritt ist geschafft. Jetzt müssen noch Bundesrat und Bundestag sowie die EU-Kommission zustimmen. 

https://t.co/tPsJUp2d3m",0,-1,-1,0,0,0
Neue Torch-and-Grit-Testmethode von UL Solutions bietet einen standardisierten Ansatz zur Prüfung von Batteriegehäusematerialien für Elektrofahrzeuge  https://t.co/9SV4Xn7PbT,0,-1,-1,0,0,0
"Ach, du Schande, jetzt haben  und Franz Josef Strauß tatsächlich was gemeinsam",0,-1,-1,0,0,1
"… omg…
… ich sehe gerade in der @tagesschau zum ersten Mal die Bilder zum aktuellen  an der Grenze zwischen  und …
… furchtbar!…",0,-1,-1,0,0,0
"87  $4.23 (@ Costco Gasoline in San Diego, CA) https://t.co/tTLYhW4Sej",0,-1,-1,0,0,0
"Und heute ist Tag 3 der Bestrafungswoche

Ich kenne meine Aufgabe schon...

Das Video""Interaktive Bestrafung 2.0 - Tag 3"" auf Madame Sveas Seite:

https://t.co/WMVnhQIuod

    via @SveaMadame",0,-1,-1,0,0,0
"Ich überlege gerade for real twitter zu löschen, weil elon musk aktiv zur ermordung von trans* personen beiträgt. Ich unterstütze ihn nicht direkt mit finanziellen mitteln, aber durch den algorithmus pushe ich den wert dieser plattform. Wie seht ihr das?",0,-1,-1,1,1,1
"Das nennt man klare Linie, während  ein an die AKW Laufzeit gekoppeltes Tempolimit ins Spiel bringt distanziert sich die  davon, wenigstens solange bis man doch wieder umkippt.",0,-1,-1,0,0,0
"welches genau? dieses gina-lisa nein oder dieses baerbock nein zu waffenexporten oder dieses generelle ""nein ich ich habe keinen appetit, aber esse bei dir mit""-nein?",0,-1,-1,0,0,0
"Zifo erwirbt beyontics https://t.co/iUdepBSr9S 

Zifo, Anbieter von Dienstleistungen im Bereich der wissenschaftlichen Informatik, gibt die Übernahme von beyontics bekannt. Als wissenschaftlicher Dienstleister verfügt beyontics über umfangreiche Erfahrung in der Auswahl, Konfig… https://t.co/7X9JDkQ6Ys",0,-1,-1,0,0,0
Wann ist es genug Herr Bundespräsident @vanderbellen,0,-1,-1,0,0,0
"„Ich möchte in einem Land leben, in dem wir uns nicht an  und Vorurteilen orientieren, sondern an Vorbildern.“

 
https://t.co/X8uXxylMZH",0,-1,-1,0,0,0
Fühl mich wie im Bundestag @lilanlh4,0,-1,-1,0,0,0
Dieser widerliche Sozi muss weg. Nicht mein Bundespräsident,0,-1,-1,1,1,1
"Artenschutz als Prophylaxe: ""Die Menschen selbst schaffen durch Reduzierung der natürlichen Barrieren die Bedingungen für die Ausbreitung von Krankheiten"", sagt -Experte Josef Settele     @IPBES https://t.co/EBPOQCg6up via @ndaktuell",0,-1,-1,0,0,0
"Tauche in die Welt der Programmierung ein
Bei ECOPLAN hast du die Möglichkeit, dein Praxissemester und deine Bachelorarbeit im Informatik-Bereich zu absolvieren. Außerdem hast du danach beste Chancen, deine Karriere im Unternehmen fortzuführen.
 https://t.co/GBAWHZMqTz https://t.co/YcmGhme2Hk",0,-1,-1,0,0,0
Elon  wurde wegen des Vorwurfs der Kursmanipulation von einem Gericht freigesprochen... https://t.co/jw4fYrRgie via @YouTube,0,-1,-1,0,0,0
"Zitadelle in Gaziantep vor und nach dem Erdbeben. 
„Der Gebäudekomplex wurde zuerst vom hethitischen Reich als Beobachtungspunkt erbaut und später vom römischen Reich auf einem Hügel im Zentrum von Gaziantep im 2. und 3. Jh. n. Chr. zu einer Hauptburg ausgebaut.“ https://t.co/BTA9pbSvUL",0,-1,-1,0,0,0
"1. Video, ein komisches Ereigniss vor dem Erdbeben und auf dem 2. Einsturz eines Gebäudes in Aleppo  wünsche den betroffenen Menschen alles Beste  schrecklich  https://t.co/vb6IlDWDra",0,-1,-1,0,0,0
Die Bibel wo Sünden und deren Bestrafung erzählt werden auch nur der älteste Kettenbrief der immer noch weiter gesendet wird.,0,-1,-1,1,0,0
"[09:40] Aktuell im Stadtrat: Änderungen im Rechnungsprüfungsausschuss auf Wunsch der Fraktionen ÖDP/München Liste und 
FDP/BAYERNPARTEI; Änderungen in Ausschüssen auf Wunsch der Fraktion CSU mit FREIE WÄHLER &gt; https://t.co/jQUzeCkTQs",0,-1,-1,0,0,0
"Schülerinnen aus dem kurdischen Javanerud mit dem Ruf nach Khameneis Tod. 

31.01.2023",0,-1,-1,0,1,0
"He @BMWK,
bekommen die  dann eine  über die  ?",0,-1,-1,0,0,0
"Podolyak, Berater des ukr. Präsidialamtes, wirft Elon Musk vor, ""gewaltsam"" die Reichweite ukrainischer Accounts zu reduzieren.
Anscheinend gab es heute keine weiteren Probleme in Kiew. https://t.co/AzOabRSPE4",0,-1,-1,0,0,0
"(Eng.) Happy Birthday to former German President Joachim Gauck. The former German President who left office in 2017 turns 83.
(Deu.) Alles Gute zum Geburtstag an den ehemaligen Bundespräsidenten Joachim Gauck. Der ehemalige Bundespräsident, der 2017 das Amt verließ, wird 83.",0,-1,-1,0,0,0
"Die EU hilft Deutschland  mit 612,6 Mio. Euro, um die Schäden der  im letzten Jahr zu beheben. Das Geld kommt aus dem EU-Solidaritätsfonds und wurde jetzt vom @EUCouncil genehmigt. 

Weitere Infos auf der Seite des Rates: https://t.co/N9jmir8fkp https://t.co/GNXSrZ1c20",0,-1,-1,0,0,0
"Nachhaltige  in Afrika?
Mit neuen Technologien helfen 
- Ausbreitung von Krankheiten frühzeitig zu erkennen  
- regionale Wirtschaftskreisläufe und lokale Communities zu stärken 
- Abfall vermeiden
- Wertschöpfung abbilden",0,-1,-1,0,0,0
"Der Untersuchungsausschuss des rheinland-pfälzischen Landtags zur  im  hat die geplante Vernehmung von Zeugen zum damaligen Polizeieinsatz zurückgestellt. 
https://t.co/EwpWpLjiQC
@innen_rlp @rlpNews1",0,-1,-1,0,0,0
"Ist es nicht eher so, dass einfach eine erdrückende Mehrheit der gebildeten BürgerInnen die „Informationen“ des Herrn Ganser kritisch hinterfragt und dann in der Folge ablehnt ? https://t.co/L7ZVRpKqn5",0,-1,-1,0,0,0
"Kanzler Scholz nimmt lt. ZDF nicht am Flüchtlingstreffen teil.  Überlässt es Fr. Faeser, die ausser mehr Geld u. bisher schon vergebliches Bitten an Rest-EU mehr Flüchtlinge aufzunehmen, wo sich derzeit alle sperren, keine konstruktive Lösungen mitbringt. Schade. @Bundeskanzler",0,-1,-1,0,0,0
"Möge Allah
War es nicht Allah, der Allmächtige der dieses Erdbeben ausgelöst hat?",0,-1,-1,1,0,0
"Norwegens Premierminister @jonasgahrstore : Beeindruckende Rede. Da nimmt endlich ein europäischer Staatsmann das Heft in die Hand.
@Bundeskanzler",0,-1,-1,0,0,0
"""Pränatale Diagnostik: Preisgekrönte TV-Dokumentation zeigt Dilemmata vorgeburtlicher Bluttests auf""
https://t.co/moJCw8fr79",0,-1,-1,0,0,0
"Katharina Dröge, Vorsitzende der Grünen-Fraktion im Bundestag, erwartet von der SPD mehr Einsatz für Klimaschutz im Verkehr.
 

https://t.co/H9BRKGlJxn https://t.co/Vl50R5spnW",0,-1,-1,0,0,0
EU-Kommissar Breton zitiert Elon Musk zum Gespräch: https://t.co/nqWyQ9hPQO,0,-1,-1,0,0,0
Das geht überhaupt nicht @OlafScholz  @Bundeskanzler. So etwas darf nicht angerührt werden. Unsere  &amp;  müssen geschützt werden!,0,-1,-1,0,1,1
"Die Ölgeschäfte sollen enden!

Bundesregierung will EU-weites Ölembargo gegen Russland. Russland wird auf Jahre nicht wieder auf die Beine kommen, wenn sich hier SPD und Grüne nicht verkalkulieren.

  
https://t.co/WewrgzQ75t",0,-1,-1,0,0,0
Sie lassen nichts aus....das wäre ganz furchtbar. @daniela_sepehri @GildaSahebi @jazmatab @HNeumannMEP @n_roettgen @JasonMBrodsky @NazaninBoniadi,0,-1,-1,0,0,0
Zimbabwe: LP Gas Shortage Hits Zimbabwe   http://t.co/8qMaT5GC4m @afrinnovator,0,-1,-1,0,0,0
"Ein 24-Jähriger, der an einer psychischen Erkrankung leidet, hatte im Juni einen Brand in einem Nebengebäude des Haus Grezenbühl gestiftet und 14 Bewohner in Lebensgefahr gebracht. Eine Bestrafung droht im allerdings nicht, da die Staatsanwaltschaft ... https://t.co/68n5EI5I9f",0,-1,-1,0,0,0
"Scheenan Sunnda-Aufnocht!
 https://t.co/y5M09HDUbP",0,-1,-1,0,0,0
Gefährden steigende  die Wirtschaftlichkeit der ? Unsere aktuelle Studie gibt diese Antwort:  können bereits jetzt kostengünstiger betrieben werden als vergleichbare Verbrenner. Alle Insights herunterladen: https://t.co/N4mKg95nBu https://t.co/gtk1G0UVlR,0,-1,-1,0,0,0
"Oh nein @elonmusk  
 Nach einiger Zeit wieder auf twitter und Jetzt seh ich das: https://t.co/BAKbcXKSbD",0,-1,-1,0,0,0
"Zur Ladeinfrastruktur für Elektrofahrzeuge gehört ein intelligentes Lastmanagement, ein Zugangsmanagement + ein Monitoring. Schneider Electric ´s EV Charging Expert bietet das alles All-in-One: Lastmanagementsystem für Elektrofahrzeuge https://t.co/oXgdR48WOB",0,-1,-1,0,0,0
"Meinungsstark und Faktenarm!

Unser Wirtschaftsminister  im Mai 2021 bei einem Talk. Diese Planlosigkeit hat einen Namen: 

  https://t.co/ub5GuQSfvx",0,-1,-1,1,0,0
"1/3 Taliban Version 2.0
· Musik verboten
· Freie Meinungsäußerung verboten
· Feierlichkeiten zum Neujahresfest und Nowruz verboten
·  Zerstörung der kulturelle Erbe
·  Bildungsverbot für Mädchen
· Arbeitsverbot für weibliches Personal
@GermanSRAP @PotzelMarkus @SusanneKoelbl @ZDF",0,-1,-1,0,1,0
Grüße @Bundestag https://t.co/MTXL5mDwA0,0,-1,-1,0,0,0
"Starke Frauen:
Marija Jurić Zagorka
1873-1957
kroatische Journalistin, Schriftstellerin und Frauenrechtlerin, Arbeitsverbot während WW 2, hasste übrigens Kochen und Hausarbeit und lebte auch deshalb zeitweise im Hotel Esplanade in Zagreb https://t.co/ITN4t5CjLY",0,-1,-1,0,0,0
Continentale Sachversicherung: Hochwertige Kfz-Leistungen auch für Elektro-Fahrzeuge https://t.co/l7pb3dMYAr via @na_presseportal,0,-1,-1,0,0,0
"Hass und Hetze sind tatsächlich fehl am Platz.
Der Justiz sollte ganz einfach wieder das Fallbeil als Höchststrafe zur Verfügung stehen. 
Schon wegen der Forderung nach Bestrafung 'mit aller Konsequenz'. https://t.co/rcaubpKtDE",0,-1,-1,0,1,1
Auch am 02.02.2023 brauchen wir keine Rechtsextremisten im Bundestag!,0,-1,-1,0,1,0
Neulich im Bundestag... https://t.co/aekr7VbAJe,0,-1,-1,0,0,0
"Unsere Elektrofahrzeuge sind sehr wartungsfreundlich, verschleißarm &amp; langlebig. 
 Es ist weder ein Ölwechsel nötig, noch müssen irgendwelche Zündkerzen  oder Luftfilter gewechselt werden. 
 Umweltfreundlich &amp; sehr anspruchslos, was Wartung, Service &amp; Garantie betrifft. https://t.co/3Jr6hjXozL",0,-1,-1,0,0,0
"GEA +
Im  auf dem Dach des Rathauses in  gibt’s reichlich Futter und damit auch die Möglichkeit der  – mit einer etwas hinterhältigen Methode. (sah)  
https://t.co/McljBKN7kb",0,-1,-1,0,0,0
"Cn: Noten

Mein Zeugnis ist actually not bad, besonders im Vergleich zum letzten Jahr. 
Ich bin actually happy damit. Ich hab nen Notenpunkt Schnitt von 9,7
(Also iwie 2,4 oder so)

Informatik läuft, Mathe auch ganz oke und in Physik hat mein lehrer richtig gegönnt hehe",0,-1,-1,0,0,0
"""...wesentlichen Aufgaben des öffentlich-rechtlichen Rundfunks daher die Wahrung der politischen und wirtschaftlichen Unabhängigkeit.""",0,-1,-1,0,0,0
"Faeser für harte Bestrafung von ""Chaoten"", an Sylvester Ihr seit nur Sprüche Klopfer, macht doch einfach! Beim Falschparker seit ihr auch gleich da! Nach den Übergriffen nur Reden schwingen! Ihr seit so etwas von Unfähigen  „Politikern“, dass das nicht mehr zumist!Zitat: https://t.co/34WceUllpj",0,-1,-1,0,1,1
"Ein Beitrag von @SenzK_ in  @DLF . 

 
 
 
 
 

https://t.co/29FiGfMFjb https://t.co/AYNeNjobWb",0,-1,-1,0,0,0
"Immer noch .
@Karl_Lauterbach
@NancyFaeser 
@OlafScholz 
@Wissing 
@MarcoBuschmann 
@c_lindner 
@ABaerbock 
@spdbt 
@GrueneBundestag 
@fdp",0,-1,-1,0,0,0
"Polen: Sie ist 14 Jahre alt, wurde von ihrem eigenen Onkel vergewaltigt und dadurch schwanger. Trotzdem lehnen es zwei Krankenhäuser ab, eine Abtreibung durchzuführen. Möglich macht das eine sogenannte ""Gewissensklausel"". https://t.co/7ka6vQSXdf",0,-1,-1,1,0,0
"Anna-Lena Baerbock hat bei so einer Faschingsrede gesagt, dass sie eigentlich als Leopard kommen wollte aber Angst hatte, dass die Bundesregierung ihr dann wochenlang keine Ausreisegenehmigung erteilt und sorry aber das ist das lustigste was da jemals gesagt wurde",0,-1,-1,0,0,0
"Starke Ausbreitung von sexuell übertragbaren Krankheiten
Immer mehr Menschen im Südwesten stecken sich mit sexuell... http://t.co/4dTfZK4G",0,-1,-1,1,0,0
"Wenn @FranziskaGiffey (wird Berlin Wahl verlieren) Innenministerin wird, trete ich in die @CDU ein. Dann ist das Maß voll @Bundeskanzler",0,-1,-1,0,0,0
Nach dem  im türkisch-syrischen Grenzgebiet steigt die Zahl der Toten an. Infolge des langen Kriegs in  und der Fluchtbewegungen erweisen sich die Rettungsmaßnahmen als erheblich schwieriger als in der . https://t.co/EnaUM1TDVQ,0,-1,-1,0,0,0
"Am 27.02. beginnt der Jugendwettbewerb Informatik 2023 - aber bereits in dieser Woche beginnt der Probewettbewerb. Du möchtest erste Programmiererfahrungen sammeln und vertiefen? Bist in der Jahrgangsstufe 5 oder älter? Dann mach mit!

https://t.co/S2JA97OHsO   https://t.co/GtFkhln0dy",0,-1,-1,0,0,0
"Für jeden Tod brotale Bestrafung, road to full-time streamer | !donationgoal | !ragecounter | 506. PC Stream https://t.co/tYGjbt4eaA",0,-1,-1,0,0,0
"der letzten Jahre
 

Argonerd-Style

https://t.co/M2aA76L2i9",0,-1,-1,0,0,0
"Das  in der Türkei und Syrien zeigt erneut wie wichtig ein leistungsfähiger  und  ist.

Die Kernfähigkeiten der technischen Hilfe sind überlappend:
Schwere Bergungstechnik, Wasseraufbereitung und Notinfrastruktur.

Genau da gibt es Lücken. https://t.co/g4Uaq6PCfu",0,-1,-1,0,0,0
"Gut, wenn @Bundeskanzler  @spdde die Energiewende in die Hand nimmt, da der unfähige 'Superminister'  ja ständig mit seinen eigenen Fehlentscheidungen (überflüssige Katarreise, Rohrkrepierer Gasumlage, Atomkraft-Verlängerung) beschäftigt ist.
https://t.co/jsCbbcIECq",0,-1,-1,0,0,1
"Der 6-jährige Yusuf Kerim, der an Knochenkrebs leidet, wurde von den Richtern Erdogans von seiner Mutter getrennt!
Der Grund für diese Bestrafung ist, dass sie in einem geschlossenen Studentenwohnheim arbeitete und ein Konto bei der Bank Asya hatte.

YusufAnnesiyle İyileşsin",0,-1,-1,1,0,0
ist die beste „Allround“ Programmiersprache  für die Entwicklung von künstlicher Intelligenz .,0,-1,-1,0,0,0
"News: Spionage-Ballons, China, Robert Habeck, Olaf Scholz, AfD-Jubiläum, »Letzte Generation«, Abtreibung, Hans-Georg Maaßen https://t.co/Z8tcaJvvdU Die Regierung forscht nach Spionageballons. Die Klima-Kleber bringen die Pendler wieder auf Betriebstemperatur. Und die AfD-Geburt…",0,-1,-1,0,0,0
"Tolles @ORF Interview mit  @vanderbellen 

Endlich mal etwas Positives aus  

Wer auf Mehrheiten der @FPOE_TV hofft, sollte nicht vergessen, dass auch die  Wahlen gewann. Nicht zum Besten der Welt.
@fpoefails 

https://t.co/sHkXQ34mcR https://t.co/KVkyJMwA28",0,-1,-1,0,0,0
Wenn Elon Musk übernimmt https://t.co/RB6CEyo9xs https://t.co/oY6eT5U9mn @jbruehl via @piqd_de,0,-1,-1,0,0,0
"Wie unterscheiden sich Epidemie, Pandemie und Endemie? Die Hauptunterschiede liegen in der zeitlichen und räumlichen Ausbreitung von Krankheiten. Anhand von fiktiven und vereinfachten Beispielen werden in diesem Video die unterschiedlichen Begriffe erklärt. https://t.co/81xHFCWgiX",0,-1,-1,0,0,0
"Polizeiautos, Rettungswagen und Kehrmaschinen als Elektrofahrzeuge – geht das? An manchen Orten ist das längst Realität. Zum Beispiel auf Borkum. https://t.co/aFaProMFBA",0,-1,-1,0,0,0
"Die ""Argumente"" von Katja !
  @AnneWillTalk   https://t.co/TLzcjAP9Iy",0,-1,-1,0,0,0
Wie ernstzunehmend ist deutsche Außenpolitik? Baerbock: https://t.co/ruwO6WU6kw,0,-1,-1,0,0,0
"Bis 2030 sollen laut Bundeskanzler  im Schnitt vier bis fünf Windräder jeden Tag an Land aufgestellt werden. Gerade würde ein Fahrplan zum Anlagenbau erstellt.
https://t.co/3cIS1206JO",0,-1,-1,0,0,0
Union fordert Flüchtlingsgipfel mit Bundeskanzler Scholz https://t.co/ch9PyCFRvw,0,-1,-1,0,0,0
"Die -Stätten in  sind die ersten jüdischen -Kulturdenkmäler in Deutschland. „Ein fester Platz der Erinnerung“, würdigte Bundespräsident . Das verpflichte, mahnte Ministerpräsidentin Malu : „Wir müssen  entschieden begegnen.“ https://t.co/SOAsE17dWM",0,-1,-1,0,0,0
"News (Türkei: Scholz zum Erdbeben: „Wir leiden mit"") has been published on https://t.co/RaBjl5DDcP - https://t.co/afqw8TvjGU https://t.co/5YM8x4FmfW",0,-1,-1,0,0,0
"Also, wenn wir das Brotbacken UND die Security ebenfalls automatisieren würden, würden die Schweizer von deren steinzeitlichen Arbeitsverbot am Sonntag abkommen?",0,-1,-1,0,0,0
"Die USA sprachen sich dagegen aus, dass Al Jazeera den Mord an der palästinensisch-amerik. Reporterin Shireen Abu Akleh vor den Internationalen Strafgerichtshof bringt. Der IStGH solle ""als Gericht der letzten Instanz bei der Bestrafung und Verhinderung von Gräueltaten dienen"".",0,-1,-1,0,0,0
"Heute ist  in .
Unsere klare Empfehlung:",0,-1,-1,0,0,0
"«Das ist so schrecklich, das tut mir unendlich leid!»LIEBES BUNDESHAUS BERN STEUERGELDER EINKASSIERER SCHAUT DAS MAL AN UND HOFFE GELESEN.KACKE FEUERWERK.LIEBE KARIN SUTTER KELLER UND DENN REST HOFFE DA WIRD WAS UNTERNOMMEN UND BESTRAFUNG AUSGETEILT. https://t.co/UF10jGKEuv",0,-1,-1,1,1,1
"IT Berater (m/w/d) am Hauptsitz Erndtebrück                                     
https://t.co/tc1BZH9g0c   … … …",0,-1,-1,0,0,0
"-Wahn:
Ideologischer  in .
Unser Michael Hofmann kämpft gegen Genderstern &amp; Co.
Jetzt beschmierten Unbekannte das Rathaus von Diessen.

https://t.co/YIYXNW6VVQ",0,-1,-1,1,1,1
"Vor einer Woche hat Kay-Matthias Teschner die Petition gestartet und heute sind es schon 7781 Unterstützer!
 Klasse! Bitte teilt die Petition fleißig weiter, damit wir bald bei 10.000 sind 
 
https://t.co/srZnJKbjj2 https://t.co/vCyv0MEPwb",0,-1,-1,0,0,0
"Expertise: Datenerhebung bei Katzen-Lockdown in  war illegal;    

https://t.co/mH3p8ofBIL",0,-1,-1,1,0,0
Studie: Erderwärmung fördert Ausbreitung von Krankheiten https://t.co/ndqmTKK40H,0,-1,-1,1,0,0
"Kannst sagen was Du willst: Der @Tesla  hat was los getreten, das hatte sich nichtmal @elonmusk damals erträumen lassen.

Vermutlich die einflussreichste Seifenkiste dieses Jahrtausends",0,-1,-1,0,0,0
EU-Energieminister einigen sich auf Gaspreisdeckel – Politik https://t.co/vMRXitCXHO,0,-1,-1,0,0,0
Deutschland wurde überstimmt - EU-Energieminister einigen sich auf Gaspreisdeckel,0,-1,-1,0,0,0
"Der  führt mit immer stärkeren Wetterextremen nicht nur zu Dürren, sondern auch zu intensiveren Regenperioden. Save the Children warnt eindringlich vor den humanitären Folgen derartiger Wetterextreme, darunter die Ausbreitung von Krankheiten. https://t.co/eYZHRurpJT https://t.co/zoK8GeGiew",0,-1,-1,0,0,0
"US-Senator Manchin sagt, dass das Finanzministerium die Verwendung von Steuergutschriften für gewerbliche Elektrofahrzeuge einschränken sollte https://t.co/1NLpbkxXWZ",0,-1,-1,0,0,0
"Website der rechtsextremen terrororganisation türkische  als Quelle, die angeblich Info des israelischen Geheimdienstes  veröffentlicht aber keine Quelle nennt. 

Und Elon  glaubt es.

Wie verzweifelt kann ein  sein. https://t.co/5Fcv5hKywF",0,-1,-1,1,1,1
"Wieso  ? Lügt der Drosten etwa? Denn wenn , wäre das nicht gut. Gar nicht gut. Überhaupt nicht gut, wenn",0,-1,-1,1,0,0
US-Flughäfen sind Portale für die Ausbreitung von Krankheiten. Venezuela zeigt einen anderen Weg. (https://t.co/UzxwnSUx4U) https://t.co/vT7rw8FgLD,0,-1,-1,1,0,0
Wir sind zutiefst erschüttert über die Erdbeben in der Türkei und in Syrien. Unsere Gedanken und Gebete sind mit den Opfern und ihren Angehörigen. https://t.co/xlfgnqlhoz,0,-1,-1,0,0,0
Die teuren elektrofahrzeuge und solar auf den rathäusern müssen ja bezahlt werden!https://t.co/8iUGJMiUUT,0,-1,-1,1,0,0
"Herr Bundeskanzler, 

vielen Dank in dieser Situation",0,-1,-1,0,0,0
Herzzerreißend,0,-1,-1,0,0,0
"Panik in Davos -  Elon Musk hat gerade das WEF ""zerstört""  | Livestream mit Clayton Morris https://t.co/pLborBRhkk via @EchsFrau",0,-1,-1,1,0,0
"Wo sind die Studierenden, die im letzten Jahr mit ausgezeichneten Masterarbeiten im Bereich  abgeschlossen haben? Bis 28. Februar könnt ihr noch für die OCG Förderpreise für Uni und FHs einreichen. Die  sind mit 2.000 EUR dotiert. https://t.co/PrVMqAWrgi",0,-1,-1,0,0,0
"Wir von @amnesty sprechen den Familien, die bei den  in der Türkei und Syrien Angehörige verloren haben, unser tiefstes Beileid aus. Die int. Gemeinschaft muss unverzüglich Mittel für die Rettungs- und Wiederaufbaumassnahmen bereitstellen. https://t.co/t802YRf7SG",0,-1,-1,0,0,0
"Unfassbar.
Es darf nicht mehr möglich, das sich 
-Speichellecker in Deutschland durch Investitionen Einfluß verschaffen.
Nichts gelernt?
  @n_roettgen     @MelnykAndrij 
@OlafScholz",0,-1,-1,0,1,1
Deutscher Bundeskanzler Scholz kündigte Plan zum Ausbau der Windkraft an: https://t.co/wZt4cz7uli,0,-1,-1,0,0,0
rettet !Nachdenken bevor man meckert. https://t.co/O61UkMdVvv,0,-1,-1,0,0,0
"Markt für Ladestationen für Elektrofahrzeuge wird Zeuge einer Wachstumsbeschleunigung |AeroVironment, Inc., Bosch Automotive Service Solutions Inc.
https://t.co/EPF5cNIiqI",0,-1,-1,0,0,0
Mehr als 250 deutsche  haben sich einem Ermittlungsverfahren zur Ausbreitung des  in  angeschlossen. Die   ermittelt wegen „Gefährdung von Menschen durch übertragbare Krankheiten“.   https://t.co/O7C2eW1otE,0,-1,-1,1,0,0
(S+) Erdbeben in der Türkei und Syrien: Wie Geologen die Katastrophe erklären https://t.co/0o9ofq3Wzo via @derspiegel,0,-1,-1,0,0,0
Restriktive Gesetzgebung: 14-jährigem Vergewaltigungsopfer wurde Abtreibung verwehrt – Entsetzen in Polen https://t.co/N3D1QhS919 via @derspiegel,0,-1,-1,1,0,0
"Unpopular opinion: Ich störe mich irgendwie daran, dass Spitzenpolitiker*innen der Regierungskoalition in Aachen launig Sitzungskarneval feiern, während sie vorher und nachher vor allem mit einem Krieg in Europa befasst sind. @larsklingbeil @ABaerbock @MAStrackZi  1/2",0,-1,-1,0,0,0
"»Das Gegenteil des Guten ist nicht das Böse. Das Gegenteil des Guten ist Gleichgültigkeit«:  Mehr als 100 jüdische Gemeinden haben Elon Musk einen Brief geschrieben, der deutlicher nicht sein könnte. https://t.co/jBrDwCagmh",0,-1,-1,0,0,0
"Nicht im Leopardenkostüm: Baerbock bekommt Orden wider den tierischen Ernst
https://t.co/ibY3rGhzce",0,-1,-1,0,0,0
"G7 zu Krieg gegen die Ukraine Gemeinsame Jagd auf Kriegsverbrecher
 
https://t.co/FVZuZKmV8e",0,-1,-1,0,0,0
".
Ich hab lang im Einzelhandel gearbeitet, dort meine Ausbildung gemacht und Verantwortung übernommen, bin aber bereit zu wechseln.
Ich zeichne gern, führe Bullet Journals und habe ehrenamtlich Workshops organisiert und geleitet.
Min. 20h/Woche, kein Mindestlohn",0,-1,-1,0,0,0
"Auf das Gejammere der CSU, Söders und Aiwangers gibt es für uns nur eine Antwort:
Los von Berlin, wir brauchen FREIHEIT FÜR BAYERN!
 
 https://t.co/0GUs0BPSeQ",0,-1,-1,0,0,1
Junge hat auf meine Insta Stories zu dem Erdbeben in der Türkei geantwortet mit „Ich wünschte ich könnte dich jetzt umarmen du musst voll aufgebracht sein“ bro WTF,0,-1,-1,0,0,0
"Wir haben hier ja reichlich ortskundige , die in  beim Wiederaufbau ihrer Heimat helfen können.",0,-1,-1,0,0,0
"""Wir haben hier zahlreiche Menschen, die arbeiten wollen und können. Stattdessen stehen sie unter einem Arbeitsverbot und sind von der Nothilfe abhängig."" @alinetrede 
Die politische Forderung: aufenthaltsrechtliche Regularisierung für Personen aus dem altrechtlichen Verfahren.",0,-1,-1,0,0,0
Wachstumsmarkt Elektrofahrzeuge: Bei diesen 5 Aktien sieht Goldman Sachs großes Potenzial https://t.co/rLSxnusBPr https://t.co/YsJBfoOdVB,0,-1,-1,0,0,0
"Bundespräsident Steinmeier würdigt -Stätten  und .
   https://t.co/GJ4lvB6aJq",0,-1,-1,0,0,0
"Die hohen  sind ein Zeichen für die politische  der .
Hierzulande wird Politik für alles Mögliche gemacht, 
NUR NICHT FÜR DIE BÜRGER! https://t.co/ETVIMO1uW1",0,-1,-1,1,0,1
"Rapsänger  (Seyedi) wurde seit 3.Feb unter dem Vorwand ""Verlegung ins Karankenhaus von Karaj Gefängniss"" nach einem unbekannten Ort gebracht!
 
 
@_FriedrichMerz @n_roettgen @ABaerbock @Bundeskanzler @Markus_Soeder @amnesty_de @amnesty",0,-1,-1,1,0,0
"EIN GENERELLES BÖLLERVERBOT WÄRE DA DOCH DIE EINZIG RICHTIGE REAKTION!

Polizei und Feuerwehr attackiert
Faeser fordert harte Bestrafung von Silvesterangreifern

https://t.co/lH37lnkERS",0,-1,-1,1,0,0
"30 Prozent Gender Pay Gap in Kunst und Kultur - damit muss Schluss sein! Lisa Basten von @_verdi weist zurecht auf die Bedeutung von Frauen für die Krisenfestigkeit unserer Gesellschaft hin. Und darauf, dass mit gleicher Bezahlung auch gleiche Sichtbarkeit einher gehen muss. https://t.co/XVg5m156Ic",0,-1,-1,0,0,0
"Obwohl es in ein neues Gesetzt der härteren Bestrafung für Desertierte gibt, kämpfen diese tapferen Russen auf der Seite der Ukrainer!",0,-1,-1,1,0,0
"Am 24. Januar findet auf dem Campus der TH Wildau der 12. Fachtag Informatik statt, heißt es in einer Pressemitteilung. Schülerinnen und Schüler ab Klassenstufe 10 können an diesem Tag Einblicke in Themenbereiche wie Künstliche Intelligenz, Programmieru... https://t.co/PgtFzCBEBj",0,-1,-1,0,0,0
"Niemand bestraft so hart wie ein Mann, aber ich halte weibliche Bestrafung für nachhaltiger.
Mein Vater hat niemals die Hand gegen mich erhoben, aber ich kenne haarsträubende Geschichten aus anderen Familien.
Wurdest Du hart erzogen ?
(hart = psychische und/oder physische Gewalt)",0,-1,-1,0,1,1
"CSU = Korruption ?
Es ist schon auffällig, dass wir in Bayern mit Sauter, Nüßlein, Mayer und der Tandler-Emix-Geschichte Sachen hatten, die in so geballter Form woanders bisher nicht aufgetaucht sind.
ZEIT FÜR VERÄNDERUNG !
 
  https://t.co/gxJsd0LDOl",0,-1,-1,1,0,0
"Hello @JosepBorrellF, @Bundeskanzler @OlafScholz, @ABaerbock @vonderleyen,
jeden Tag,erinnert mich der Blick auf diesen Kran an die Hinrichtungen im .Ich fordere nach wie vor,die  auf die  zu setzen.
  https://t.co/D4Bpay8khS",0,-1,-1,1,1,1
"Klimakleber wollen ab Montag Deutschland lahmlegen, sagt Scholz im Interview als wäre es die normalste Sache der Welt Das sind KRIMINELLE Herr @Bundeskanzler Was wird dagegen getan ? Wie schützen Sie die Bevölkerung vor dieser faulen Brut ?",0,-1,-1,1,1,1
Mord an  Sie wurde am 22. September von den   aus dem 4. Stock geworfen @ABaerbock @GrueneBundestag @SPDEuropa https://t.co/pboxHCh0FH,0,-1,-1,1,1,1
"– ein Experiment mit ungewissem Ausgang. Nach langem Ringen haben sich die -Staaten und die  darauf geeinigt, dass russisches Öl auf dem Weltmarkt nur noch für 60 Dollar verkauft werden darf. https://t.co/vrnvYHmS9E",0,-1,-1,0,0,0
"*** Sowas kommt von sowas ***

Deshalb: Bayernpartei! https://t.co/tE7AvBwIQF",0,-1,-1,0,0,0
DNV hat der Asiatischen Entwicklungsbank (ADB) eine Due-Diligence- und Marktbewertung für ihre 135-Millionen-Dollar- des Ausbauprojekts für Elektrofahrzeuge () von VinFast in  zur Verfügung gestellt https://t.co/hiKiAQZBMK  @DNV_Group https://t.co/ZIF1NbuK7W,0,-1,-1,0,0,0
Wie man weiß verhindert man Geburten von „nicht erwünschten“ Kindern auch nur durch Abtreibung statt idk Prävention?,0,-1,-1,1,1,1
"Frau  ist gedanklich bei den Opfern &amp; Angehörigen des furchtbaren Erdbebens in der Türkei &amp; versprach umgehende Hilfe -GUT &amp; Wichtig! Doch wo waren &amp; sind ihre Gedanken, für die Opfer von Erdogans Völkermord an den  seit Jahren!? Gibt es GUTE &amp; SCHLECHTE Opfer??",0,-1,-1,1,1,1
"= den ganzen Tag Zuhause? Nein 

Ich habe jeden Tag einen Termin und das bis Ende der Woche...",0,-1,-1,0,0,0
Wie lange lässt sich der @Bundeskanzler noch von Baerbock vorführen?,0,-1,-1,0,0,1
"Am Donnerstag hat  @OlafScholz die @Stadt_Marburg besucht. Was bleibt, darüber sinniert @fjhmr auf @marburgnews 3 Tage danach:
https://t.co/AH3L1uGLpj",0,-1,-1,0,0,0
Twitter: Elon Musk stellt Account auf privat – und das ist der Grund https://t.co/tjDqm1Vxkd / @t3n,0,-1,-1,0,0,0
"Bundespräsident Van der Bellen will mit der jahrzehntelangen Usance brechen, bei der nächsten Regierungsbildung automatisch den Wahlsieger zum Kanzler zu ernennen. https://t.co/KXqSScgcL7",0,-1,-1,0,0,0
"1/ ""Wir kämpfen einen Krieg gegen Russland und nicht gegeneinander."" - Ein viel kritisierter Satz von @ABaerbock. Die Diskussion darüber wirft auch ein Schlaglicht auf einen tiefer liegenden Konflikt zumindest zwischen @nouripour und Rolf  @spdbt. ...",0,-1,-1,0,0,0
"Schon lange nicht so ein Blödsinn gelesen! 
Woher sollte der Staat Türkei wissen, wann so ein Erdbeben geschieht. Abgesehen davon, wie sollte man zick tausende von Wohnungsanlagen neu erbauen? 
Wohin soll man dann mit den Menschen, sowas geschieht nicht von heut auf morgen!!!!!",0,-1,-1,0,0,1
"muss sich wieder auf ihren eigentlichen Zweck fokussieren!
 
  https://t.co/Lh1ZPeDKuX",0,-1,-1,0,0,0
"wählen 
   https://t.co/N7io8xgRzB",0,-1,-1,0,0,0
New video by phoenix: Parteipressekonferenz der FDP mit Bijan Djir-Sarai und Sebastian Czaja https://t.co/gllROBtVnJ,0,-1,-1,0,0,0
"Online-Infoanlass: 31. Jan 17:30-18:30 ""ICT-Fachmann/-frau mit EFZ""

Melde dich an.
Region Bern: https://t.co/CGCbjbL1bw

Region St. Gallen: https://t.co/X0BLh5seRb

Region Zürich: https://t.co/Hcz289FudH

      https://t.co/fUo8NFtpr7",0,-1,-1,0,0,0
"Alle diese russischen Propagandashows scheinen irgendwie zu ignorieren, dass auch die Ziele, von deren ""Bestrafung"" sie fantasieren, ernstlich bewaffnet sind.
Auch ohne Eingreifen der NATO könnte GB Petersburg und Moskau einäschern.
https://t.co/p9I35ovDeQ",0,-1,-1,1,0,1
"Leute: Lass Harry Potter canceln weil JK Rowling gesagt hat, sie möchte “Frau” genannt werden und nicht “menstruierende Person” und das ist transfeindlich!

Gleiche Leute: Nutzen Twitter, die Plattform des offen transfeindlichen anti-woken Elon Musk.",0,-1,-1,1,1,1
HFT Stuttgart – Lehrauftrag Verteilte Systeme zu vergeben https://t.co/ctl13T7a4K,0,-1,-1,0,0,0
"Mehr stelle ich auch nicht online von dir , dein Leben ist Bestrafung genug",0,-1,-1,0,1,1
"https://t.co/cRjKcnvZLC

reversed gender pay gap:

""Frauen verdienen im Osten in Vollzeit mehr als Männer""",0,-1,-1,0,0,0
"Aufgrund des :  verbietet Öl-Exporte an EU und alle -Staaten
https://t.co/p66z043eD7",0,-1,-1,1,0,0
Arbeitsverbot hat Prostituierte in prekäre Lage gedrängt https://t.co/VWRFUS3Tsy,0,-1,-1,0,0,0
Starke Ausbreitung von sexuell übertragbaren Krankheiten: Stuttgart/Porzheim. Immer mehr Menschen im ... http://t.co/bLVBhBuI,0,-1,-1,1,0,0
Für Großhandelspreis: EU-Energieminister einigen sich auf Gaspreisdeckel https://t.co/GOFT1nEWm7,0,-1,-1,0,0,0
Wäre Baerbock oder Habeck Kanzler*in stünden sowohl Grüne als auch SPD erheblich besser da...,0,-1,-1,0,0,0
"Zur Ladeinfrastruktur für Elektrofahrzeuge gehört ein intelligentes Lastmanagement , ein Zugangsmanagement + ein Monitoring. Schneider Electric ´s EV Charging Expert bietet das alles All-in-One: Lastmanagementsystem für Elektrofahrzeuge https://t.co/0aVtClTw3z",0,-1,-1,0,0,0
"Betrieb und Verwaltung von Ladestationen für Elektrofahrzeuge (EV) und Pfahl Marktforschung ist ein Geheimdienstbericht mit akribischen Bemühungen ...
https://t.co/3wRb42wuRm",0,-1,-1,0,0,0
"ERDBEBENKATASTROPHE IN DER TÜRKEI

 So sieht die türkische Stadt Kahramanmaras nach dem Erdbeben aus – aufgenommen von einer Drohne.

Jüngsten Angaben zufolge starben in der Türkei 1.121 Menschen, und mehr als 2.800 Gebäude wurden zerstört. https://t.co/Zrz033TXG9",0,-1,-1,1,0,0
"Sind Frauen selbst schuld am Gender Pay Gap? Der Standard zeigt heute: Frauen verdienen weniger als Männer, weil sie öfter Teilzeit und in Branchen mit schlechteren Löhnen arbeiten. Was er nicht zeigt: Frauen tun beides davon nicht freiwillig! 1/3
https://t.co/zLfafwtm2V",0,-1,-1,0,0,0
"Herr @Bundeskanzler, Frau @ABaerbock, was sagen Sie zum Deutschen Journalisten-Verband?
 
Achten Sie die !

Bieten Sie Julian  Asyl in Deutschland an! @AuswaertigesAmt


 
 https://t.co/0XpW8XDsod",0,-1,-1,0,0,0
Typed Albert Einstein meets Elon Musk into Wonder AI.  https://t.co/Aoe54Mactp,0,-1,-1,0,0,0
"rassismus schüren genau SOLCHE fotzen. ‘selbst’ mit griechenland gibt es eine art erdbeben-diplomatie, aber nur wohnungen von kurden sind eingestürzt, nur kurden sind unter den trümmern, oder was? menschen wie DU sind die grössten faschos - nein, menschenfeinde seid ihr.",0,-1,-1,1,1,1
"Hyundai Ioniq 6 Electrified Streamliner
ab 299 € mtl. Leasingrate
Der aerodynamische Stromer der Südkoreaner soll mit einem Stromverbrauch von weniger als 14 kWh/100 Km (WLTP) eines der energieeffizientesten Elektrofahrzeuge sein und dem 77,4 kWh Akku bis zu 610 km weit fahren. https://t.co/inMhHaJwtb",0,-1,-1,0,0,0
Das  zerstörte die historische Yeni-Cami-Moschee im Zentrum der türkischen Stadt Malatya. https://t.co/EGcAv4iXWU,0,-1,-1,0,0,0
"Hatte mich bei den Politiker-Katastrophen heutzutage auch gewundert, wenn es anders wäre.",0,-1,-1,0,0,0
"Die Betreuung von pflegebedürftige Personen wird immer katastrophaler in Deutschland.Haben sich Angehörige jahrelang polnische Pflegekräfte ins Haus geholt,da Pflegedienst und deutsche Fachkräfte zu teuer, wird sich nun beschwert,das die Polen zu teuer sind, da Mindestlohn (1/2)",0,-1,-1,1,0,0
"Wir von Ria Money Transfer sind in dieser schwierigen Zeit mit allen Erdbeben Opfern in der Türkei solidarisch und verstehen, wie wichtig finanzielle Unterstützung ist, deshalb entfallen die Gebühren für Geldtransfers auf türkische Bankkonten bis zum 20 Februar 2023.",0,-1,-1,0,0,0
Die Neue Vorsandschaft der Bayernpartei vom Bezirk Niederbayern! https://t.co/lXczY7ToQp,0,-1,-1,0,0,0
"Elektroautos gibt es seit den späten 1800er Jahren. Einige der ersten Elektrofahrzeuge konnten bis zu 25 mph schnell fahren und schafften 50 Meilen, ohne dass man sie wieder aufladen musste.",0,-1,-1,0,0,0
"Am 20. Februar tagt der Rat der EU-Außenminister:innen in Brüssel. Aus ganz Europa werden Menschen anreisen, um auch dort ein Zeichen für die Listung der Revolutionsgarde auf der EU-Terrorliste zu setzen.   https://t.co/3E9fUGNVNt",0,-1,-1,0,0,0
EU-Kommission genehmigt Foerderung von Schnellladeinfrastruktur fuer Elektrofahrzeuge https://t.co/XccBFYl3YQ,0,-1,-1,0,0,0
"""Wenn ich irgendwann Mal schwanger bin, dann geh ich ja ins Arbeitsverbot und hab dann richtig viel Zeit fürs Zocken. Dann klappt das auch mit Platin.""
""Sorry, aber das kann ich mir bei dir Null vorstellen.""
""Ich denk schon, dass mit mehr Zeit Platin drin is?""
""Ne. Du Schwanger.""",0,-1,-1,0,0,0
"Kommt zur Fachtagung ""Software Engineering (SE)"" der Gesellschaft für Informatik (@informatikradar) nach Paderborn. Die Frühbucherfrist endet am 20.01.2023!   

https://t.co/d7bsKxFqJd

Es erwartet Euch ein spannendes Programm https://t.co/kLkYSpmDhN",0,-1,-1,0,0,0
"(19) Tja, bei Magical Baiser müssen schon andere Voraussetzungen erfüllt werden, damit sich ehemalige Feinde ihrer Truppe anschließen dürfen. Ihre ""Attacke"" bzw. Bestrafung auf die Oberbösewichtin am Ende war auch wieder so typisch.  https://t.co/xbqEOFk7N4",0,-1,-1,0,0,0
EU-Energieminister einigen sich auf Gaspreisdeckel https://t.co/EejGav5yGU,0,-1,-1,0,0,0
"Ich wünsche Bundespräsident @vanderbellen Segen für seinen Dienst. In dieser von großen Herausforderungen geprägten Zeit kommt es darauf an, zuversichtlich und solidarisch nach Lösungen zu suchen mit dem Blick auf das Wohl aller - (nur) gemeinsam wird es uns gelingen.kcs",0,-1,-1,0,0,0
"Ich habe einen spannenden Artikel gefunden. https://t.co/W3Htx4Dv0y via @tonline 
Fest steht doch wohl das wir 2 Behörden haben in D die ganz schnell aufgelöst werden müssten und die Beamten und Angestellten in den Ruhestand mit Arbeitsverbot gehören damit sie nirgendwo mehr",0,-1,-1,1,0,1
Bitte bei Interesse dazugekommen.,0,-1,-1,0,0,0
"Habe gerade mein  Video ""Die etwas andere XMAS-Geschichte - Bestrafung der Elfe (Part 1)"" auf https://t.co/u9tbw1wdwB verkauft",0,-1,-1,0,0,0
"Die Chancen stehen gut, dass  selbst die schlimmsten Katastrophen überlebt. Sagt u.a. Ralph Merkle, Erfinder der Hash-Bäume (engl. Merkle Trees). https://t.co/9m4WFRu7za",0,-1,-1,0,0,0
Flyer von der Kundgebung zur  vom  in  https://t.co/tcfQ9ItldC,0,-1,-1,0,0,0
"Kläranlage in  in Betrieb genommen.

Nach der  Katastrophe im Juli kam es zu einer dauerhaften Kontamination des Wassers.

Die Kläranlage mindert ab sofort die Ausbreitung von Krankheiten und Umweltschäden in der Region.

https://t.co/aTcvicHOa9 https://t.co/pHwhQMseAv",0,-1,-1,0,0,0
"87  $4.27 (@ Costco Gasoline in San Diego, CA) https://t.co/OcyYPgGZEr",0,-1,-1,0,0,0
"""VdB wurde erneut als Bundespräsident angelobt!""– Alles Gute Österre... https://t.co/79rrFyep3n via @YouTube",0,-1,-1,0,0,0
Was war jetz die Bestrafung ?,0,-1,-1,0,0,0
"Die -Runde hat  vor einer weiteren Eskalation des Kriegs in der  gewarnt und insbesondere Atomdrohungen durch Präsident  verurteilt. Die Atom-Rhetorik des russischen Präsidenten sei inakzeptabel, hieß es in der Abschlusserklärung. https://t.co/ZOdUwF822G",0,-1,-1,0,0,0
"In CH gibt es zwar keine Pflichtberatung, und jede Abtreibung wird von der Krankenkasse bezahlt.

Aber ProAbortion natürlich trotzdem unzufrieden, weil ungeborene Kinder auch im CH Recht - implizit - keine wertlosen Zellhaufen sind.",0,-1,-1,1,1,1
"Weiterhin gravierende Einkommenslücken zwischen Männern und Frauen (im Arbeitsleben wie im Ruhestand) zeigt ein neuer Beitrag von @LauraRomeu8 und @julia_simonson 
https://t.co/zbuUtXocyX",0,-1,-1,0,0,0
"Ich hab schon viele Monster Hunter Games angetestet, aber es hat nich wirklich klick bei mir gemacht, das was ich am längsten gespielt habe war Tri, sehr träge aber Fun, zu den richtig coolen Sachen bin ich nie gekommen, World war mir ""zu viel"" jetzt mit Rise hab ich viel mehr",0,-1,-1,0,0,0
Bei Krisen und Katastrophen im Einsatz – für die Seele   https://t.co/AUZqxMoDDJ,0,-1,-1,0,0,0
"IDEA-Nachrichten: 
 Demo gegen  in Washington
 Veto gegen schottisches -Gesetz
 Polizei in  hat rechtskonform gehandelt

https://t.co/3nfscHhoqc",0,-1,-1,0,0,0
Deutscher Bundeskanzler Scholz kündigte Plan zum Ausbau der Windkraft an:  https://t.co/3fpRVBOPJw,0,-1,-1,0,0,0
Scholz gibt erschütternde Einblicke in Telefonate mit Putin. Überraschend offen hat Bundeskanzler Olaf Scholz (SPD) über seine Telefonate mit Wladimir Putin gesprochen. Dabei zieht der Kanzler auch eine klare Linie und macht deutlich: „Das können wir nicht einfach so hinnehmen.“ https://t.co/JZocLup768,0,-1,-1,0,0,0
In der Stadt Zürich sollen Geringverdiener künftig einen Mindestlohn von 23 Franken 90 erhalten. Ist das der richtige Ansatz zur Bekämpfung von Armut? https://t.co/449LiD346n https://t.co/uXXn4ZNmiM,0,-1,-1,0,0,0
Erdbeben in der Türkei und in Syrien: Mehr als 2300 Tote https://t.co/Ry5s1fcXci,0,-1,-1,1,0,0
Was war die willkürlichste Regel an eurer Schule? Und was war die willkürlichste Bestrafung?,0,-1,-1,0,0,0
"Aus aktuellem Anlass bin ich dafür, dass §81 StGB ausdrücklich hybride Kriegshandlungen gegen D mit einschliesst. Der Bundestag sollte dies zumindest debattieren, angesichts lustiger Proliferation RuSSischer Propaganda im Wortlaut durch MdBs und MdLs.",0,-1,-1,1,0,0
"Ist der  unbequem, ist er ganz schnell",1,-1,-1,0,0,0
"Das Wunder deutscher Planwirtschaft: Preise für Gas und Strom nähern sich exakt den Deckelpreisen an. Und gehen natürlich nicht darunter. Das typische Spiel der Subvention beginnt, jetzt zum Verbraucherschaden! Danke Finanztip!      https://t.co/tBrHclYj2F",1,-1,-1,1,0,0
"Die  der  würden gerne einen  in Deutschland installieren.

Ich lese dumme Menschen.

          «",1,-1,-1,1,1,1
"Rutscht gut rein in ein neues Jahr, in dem wir dem Gender Pay Gap den Kampf ansagen! Am 7. März 2023 ist Equal Pay Day und wie jedes Jahr, werden wir laut sein: Denn 18% weniger Geld für Frauen sind ein Unding!    https://t.co/caaIPDNHkR",1,-1,-1,0,0,0
"""[…], das -Treffen stehe symbolisch für die ungerechten globalen Machtverhältnisse.""

Heutzutage sollten alle Nationen zusammen stehen und nicht einige in postkolonialen Träumen verharren! ^tm 

https://t.co/N7l0L4szpH",1,-1,-1,0,0,0
Von wegen Gender Pay Gap: Weibliche Führungskräfte verdienen meist mehr als Männer https://t.co/i25eLCKRcA via @Ansage,1,-1,-1,1,0,0
"Neueste Artikel liberland2day
https://t.co/huiFgjocvq
Charlotte zu Gast! Pressespiegel zur Rentnerrevolte &amp; Faeser lügt
Meine letzte Sendung!
Internes Papier belegt: Sie wollen uns den Strom abschalten
Gaspreisdeckel beschlossen: EU überstimmt Deutschland
Pandemie der Doppelmoral https://t.co/WrngYHziqE",1,-1,-1,1,1,1
"Wo Frauenrechte unter die Räder geraten, tun es Demokratie und Menschenrechte meist insgesamt. „Frau, Leben, Freiheit“ – das gilt weltweit. Der Kommentar. https://t.co/nu1n1JeTvn",1,-1,-1,0,0,0
"Wie immer nur heiße Luft vom @bundeskanzler. Seine Innenministerin @NancyFaeser schafft hingegen mit der Schließung des Abschiebeterminals in Berlin Fakten.
Auf dem Bild sind drei Mitschuldige in der ersten Reihe. https://t.co/di96eEv1pB",1,-1,-1,1,0,1
"Nicht so nah am Volk.
Auf einen AfD-Bundestagsabgeordneten kommen im Schnitt nur 1,7 Wahlkreis- und Parteibüros, bei den Grünen sind es 8,1, bei FDP 9,8, Linkspartei 13,9, SPD 14,9 und bei der Union 15,8. @fls_news mit einer Auswertung des  @iw_koeln https://t.co/mLBaoufZn1",1,-1,-1,0,0,0
"Die Deppen und der Gaspreisdeckel
https://t.co/PSNzW1cEZM",1,-1,-1,0,1,1
"Welch ein ""Zufall"", dass die Rakete, angeblich eine russische, nun doch eine urkainische, zu diesem Zeitpunkt in Polen einschlägt.   - Cui bono?",1,-1,-1,1,0,0
"Kein Abend ohne Straßenblockade, kein Tag ohne Demo..

Frau – Leben – Freiheit!

Seid solidarisch mit den Protesten für Frauenrechte &amp; Freiheit &amp; gegen das Mullah-Regime im !",1,-1,-1,0,0,0
"was bekommen diese FDP Lobbyisten eigentlich von




 
Oder weshalb schwafeln die von Bio Brennstoff, 10spurigen Autobahnen, kein Tempolimit,
Freie Fahrt für Autos, Panzerlieferungen ect , Aktienrente?",1,-1,-1,1,0,1
"Gender-Pay-Gap, Racial-Pay-Gap,  für Aussehen, politische Ansichten oder Sexualität – das alles gibt es auch in der -Welt.  https://t.co/RbqeMcTesg",1,-1,-1,0,0,0
"500 Tage nach der Flut: „Wir machen wieder auf“   Ein Schaufenster in der Ahrweiler Innenstadt. Heute gesehen, auf dem Weg zum Weihnachtsmarkt.  https://t.co/WsCTw0jpTk",1,-1,-1,0,0,0
"Machterhalt, Manipulation der Menschen, Angst Verbreitung, Unterdrückung der Frauenrechte, Kindermissbrauch, Machtmissbrauch, Vertuschungen usw.",1,-1,-1,1,1,1
"gehört nach wie vor zur Realität. Die gute Nachricht: Frauen holen bei den Löhnen auf.
Wir sind auch noch nicht ganz am Ziel, aber immerhin: Pfizer zahlt weiblichen Angestellten 99,4 % des Grundgehalts verglichen mit dem der männlichen Kollegen.",1,-1,-1,0,0,0
Ranger Bill - Danger! Gasoline Leak - https://t.co/0CfS6MMMmA https://t.co/qjy5kuM1RW,1,-1,-1,0,0,0
"Dinge die komplizierter zu erklären sind als der Gaspreisdeckel: 32 Bit.

https://t.co/hgFUzUHL7M",1,-1,-1,0,0,0
GASOLINE STUDIO VERSION&gt;&gt;&gt;&gt;&gt;,1,-1,-1,0,0,0
"Patricia Schlesinger hat sich persönlich dafür eingesetzt, den Gender-Pay-Gap zwischen Intendanten und Intendantinnen zu schließen https://t.co/taBmECnRMY",1,-1,-1,0,0,0
Deutsche Polizei das sind eure Ukrainischen Kollegen und wird das auch in Deutschland irgendwann los gehen durch eure Unterstützung wenn wir alle für Scholz/Bärbock und Habeck in den Krieg gezwungen werden sollen. https://t.co/SIiavveTvG,1,-1,-1,1,1,1
"Grade in Bezug auf  von ""Geburtenverweigerinnen"" gelesen. Jau, am besten führen wir das Mutterkreuz wieder ein, für jene, die brav der Gebärpflicht nachkommen. Ich kotze.",1,-1,-1,1,1,1
"""Ich danke Außenministerin @ABaerbock für die Ausrichtung des -Außenministertreffens. Die @G7  gehen geeint unsere gemeinsamen Herausforderungen in ,  und  an, insbesondere Russlands ungerechtfertigten Krieg gegen die ""
- @SecBlinken",1,-1,-1,0,0,0
"tumblr hat mich auf ne ganz absurde art so krass geprägt, da hat mein 12 jähriges ich durch teen wolf edits gescrollt und nebenbei über frauenrechte, den holocaust und rassismus gelesen. ich will danke sagen",1,-1,-1,0,0,0
"Das Buch von A. Baumgartner über daß Ahrtal nach der Flutkatastrophe.

https://t.co/5LFUFqs9rw",1,-1,-1,0,0,0
kommt - war es nicht immer oberstes Ziel der  genau das zu verhindern?,1,-1,-1,0,0,0
"16 Monate nach der Flut: Der Bürgersteig ist neu, die Straße auch, das Hotel dagegen sieht aus wie in den Wochen nach der Flut.   B! https://t.co/90JNj3EP3U",1,-1,-1,0,0,0
"Hätten @Die_Gruenen das vermeintlich prestigeträgigere Wirtschaftsministerium der @FDP überlassen und dafür das Verkehrsministerium genommen, würde sich jetzt @wissing mit Scheichs, LNG-Terminals und Gaspreisdeckel rumärgern, und  könnte eine echte Verkehrswende anschieben",1,-1,-1,0,0,0
Wählen Sie die Liste 1 der  im Wahlkreis  für einen schlanken Staat - Leserbrief unserer Landratskandidatin Lea van der Merwe - FDP zuverlässig liberal https://t.co/1CpSXpmnA8,1,-1,-1,0,0,0
"Im  sitzen, monatlich über 10.000 Euro bekommen, jede Diätenerhöhung immer brav mit abgesegnet und sich von dort aus  schreien!! Die zwei Gesichter der",1,-1,-1,1,0,1
[LIVE]   Pressekonferenz vom Treffen der Justizminister der -Staaten in Berlin. https://t.co/SGyUFFoUYu,1,-1,-1,0,0,0
"""Ausgerechnet die Kommunisten zahlen Marktpreise, während der angeblich kapitalistische Westen sein Heil in  und  sucht""
  
https://t.co/NTKPrTRTnG",1,-1,-1,0,1,0
Mit nem Wasserflugzeug in die Karibik zu fliegen ist ein absoluter Traum und einmal Zeppelin zu fliegen wärs eigentlich mal!,1,-1,-1,0,0,0
"Für  gibt es eine Expertenvereinigung, die sitzt sogar im Bundestag, sie heißt:",1,-1,-1,0,0,0
Der liberale Denkanstoß: https://t.co/kiMh0SpdjI,1,-1,-1,0,0,0
"In den letzten Jahren wurde so viel über die  geredet,dass es klar schien,dass wir sie brauchen. Klar ist jetzt aber nur,dass es sie mit der  nicht geben wird. Mit ihr soll alles genau so bleiben, wie es ist. Es wird also kein einziges Problem gelöst werden. 1/3",1,-1,-1,0,0,0
tiziana angelina mosers ausflüchte beim mindestlohn im     = fdp = svp,1,-1,-1,0,0,0
"Dass es den  gibt, ist zweifelsohne schon schlimm! ABER dass  von vornherein schon  erwarten*, ist vermutlich schon Teil des Problems! 

Wie kann das geändert werden? 

 @FomProf 
*Erhebung von Universum https://t.co/sQWiQZHZGb",1,-1,-1,0,0,0
"Toolyuan GX390 Dual Fuel LPG CNG Conversion Carburetor kit for Harbor Freight Predator 8750 8250 6500 5500 Portable Gasoline KUZ3PMF

https://t.co/OUVVXL8TL4",1,-1,-1,0,0,0
Engine Gasoline 3.5L VIN Z 5th Digit 2GRFKS Engine Fits 17-19 HIGHLANDER 3786164 https://t.co/sRWVaILhx7 eBay https://t.co/yFg8drLSAZ,1,-1,-1,0,0,0
"Ihr lieben .Ich hänge nochmal unsere  an.Seit der Flutkatastrophe leiden die Kids unter enormen Schlafproblemen.Der KA hat uns  empfohlen. Hat vlt. jmd günstig eine abzugeben?
 

@sorgeweniger https://t.co/XHERQvslX1",1,-1,-1,0,0,0
Die Regierungen wurden von einigen Experten gewarnt. Aber diese wurden alle diffamiert und zensuriert - einige sogar unter dem Terrorgesetz verfolgt und deren Konten gesperrt. Der Bundespräsident Deutschlands (Foto) einer der Verfolger.https://t.co/gRdMsvrISe,1,-1,-1,1,1,1
Nationalrat – SPÖ-Leichtfried: Regulierung der Energiepreise und Gaspreisdeckel würden Inflation senken  https://t.co/pjgdLZVKny,1,-1,-1,0,0,0
"Wir waren uns vor 254 Tagen einig &amp; sind es auch heute ohne jegliche Einschränkungen oder Vorbehalte: Wenn die Demokratie an sich angegriffen wird, müssen und werden wir uns mit unserem gesamten Gewicht als wirtschaftsstärkste Demokratien hiergegen stemmen. - @abaerbock 1/3",1,-1,-1,0,0,0
"Danke für die 4.881 Minuten, die wir im Jahr 2022 zusammen verbracht haben, @sia. Ich konnte einfach nicht genug von Fire Meet Gasoline bekommen.  https://t.co/8AHzeVjSYH",1,-1,-1,0,0,0
"Die Abneigung gegenüber dem eigenen Volk perfekt veranschaulicht.

Geleakte WhatsApp Verläufe von Malu Dreyer geben einen Einblick in die fehlende Empathie, die fehlende Anteilnahme und die offensichtliche Gleichgültigkeit im Zusammenhang mit der Flutkatastrophe im Ahrtal. https://t.co/iPOtOnZqT5",1,-1,-1,1,1,1
"Diverse ""liberale"" haben sich aufgeregt, dass ""Freiheit"" zur Floskel Nummer 1 wurde. Das waren die, die meinten 230 kmh und eintreten für Frauenrechte wären das gleiche.",1,-1,-1,1,1,1
"Dinge die mich heute besonders nerven: Menschen, die über den Weltuntergang halluzinieren, nur weil wir nun 7,7 Milliarden Erdbewohner sind und Geburtenkontrolle fordern. 

Dinge, die mich freuen: Jedes der 7,7 Millarden Babys. Früher oder heute.",1,-1,-1,0,0,0
"Dieser „neutrale“ Bundespräsident hat uns gerade noch gefehlt. Mit seinen Bemerkungen über behauptete, erst zu beweisende Gräuel der einen - und nur der einen- Kriegspartei, tritt VdB schon wieder ins Fettnäpfchen. 
https://t.co/PxZqqStMEw",1,-1,-1,1,1,1
"Nach der Flutkatastrophe will der Weinort  schnellstmöglich zum normalen Leben zurückkehren. Beim Besuch des GA-Redaktionsmobils wird deutlich, dass der Wiederaufbau bei einigen Betroffenen nur schleppend vorankommt. [GA+]  https://t.co/0DYavQ83Jr",1,-1,-1,0,0,0
"Das ist zwar schon alles hinlänglich bekannt und schon hundertfach aufgeschrieben - fast immer von . Dass das jetzt mal ein Mann so deutlich beklagt, ist neu (DIW-Präsident hin oder her) und gut.     https://t.co/2raq3xEAQd",1,-1,-1,0,0,0
"Die Folge ist da! Mit: EU-, Land des Jahres, Ungarn, Resturlaub, Covid19, Russland, @sham_jaff zu „Speaking Refugee“, , guten Ideen und Pudding.
Mit @holgi &amp; @dieKadda +1 Faktencheck von @nanhul 
https://t.co/1zGj0z7gvg",1,-1,-1,0,0,0
Stigmabase | DE — Wachsende Armut wegen fehlender Geburtenkontrolle: Wachsende Armut wegen fehlender Geburtenkontrolle - Obwohl bisher immer der Zuzug aus dem Inland als Hauptproblem für die wachsende Armut bzw. den Anteil der Armen in der Hauptstadt… https://t.co/e71aGWggQg,1,-1,-1,1,0,0
"Das schlimmste Verbrechen für die FDP in Berlin ist es, wenn jemand Bäume und Pflanzen auf die  stellen möchte.

Diese Partei ist so lost. https://t.co/e0Sbpz8nnd",1,-1,-1,0,0,1
"Haben Sie  schon mal Fahrrad fahren sehen? 
Oder im Berliner ÖPNV? 
Nein?
Als Bundestagsabgeordnete steht ihr der  im  zur Verfügung. 24/7 
 ausgeschlossen.
Das ist wie kostenloses Taxifahren.
Wir bezahlen das.",1,-1,-1,0,0,0
"Gute Wahl! , Eren Kesken und Marta Tschumalo haben den diesjährigen Olof-Palme Preis bekommen für ihren Einsatz für Frauenrechte!",1,-1,-1,0,0,0
"Die Menschen im Ahrtal sehen jeden Tag die Spuren der Flutkatastrophe vom Juli 2021. Aber „wir müssen nach vorne schauen“, sagt Roswitha Schlingensiepen https://t.co/fUj4pofyg7 https://t.co/cV1kvQU6sP",1,-1,-1,0,0,0
"Nein, Männer sind nicht die besseren Frauen!
Frauenrechte den Frauen!",1,-1,-1,0,1,0
"@Bundeskanzler - wie lange will ein vergesslicher Regierungsvorsteher eigentlich an einem GM festhalten, der mittlerweile der zig-fachen Lüge mit enormer Tragweite der Konsequenzen überführt wurde?

Wer trägt die Verantwortung für die ? https://t.co/DoaxM91Qpr",1,-1,-1,1,0,1
"HH-AutoParts Fuel Pump Assy In Tank Gasoline Pump Unit For Honda Stream P76418M 17708-SJA-A02 0943159
WhatsApp: +8613385851033
Email: sales04@hh-autoparts.com
Skype: hh-autoparts804
https://t.co/cOkGu9N8xp
https://t.co/kt2LJ9pfZp
    https://t.co/HDzcR03uke",1,-1,-1,0,0,0
geht schon los mit den Restriktionen beim bargeldlosen Zahlungsverkehr als Bestrafung für unbotmäßiges Verhalten.,1,-1,-1,0,0,0
"Würde auch einfach sagen, die Leute sollen mehr und länger arbeiten, am besten nur 1x dir Woche zum Duschen heim, wg. Klima. Kann ich mich bei der FDP damit als Wirtschaftsminister handeln lassen? :)",1,-1,-1,0,0,0
"Eventuell ist das Arbeitsverbot ja nicht genug ? Wie wärs mit: Wer sich nicht spritzen lässt, soll auch nicht essen. Würde die freiwillige Impfbereitschaft möglicherweise steigern ?",1,-1,-1,1,0,1
Frechheit! Frauenrechte missachten gibt's beim Jules einfach gratis mit dazu.,1,-1,-1,1,1,1
"In  treten heute die Vertreter und Vertreterinnen der  zusammen. Der europapolitische Sprecher von , Artur Jarosiewicz, fragt, ob diese Form des Regierens noch zeitgemäß ist. 
  @WN_Redaktion  @RUMS_Muenster @WDRLokalzeit @WDRaktuell @DLF https://t.co/yOZeVrNdjU",1,-1,-1,0,0,0
"Es gibt auch in Afghanistan  viele Intelligente und mutige Männer, die sich für  setzen, aber die Taliban sind sehr wildisch und  brutal, da können viele Männer nicht, ihr Lenden zu riskieren.",1,-1,-1,0,1,1
"egal
 wunderbar

Das HÄSSLICHE innere der
wahren FDP zeigt sich

Schon in 50er wurde  von  unterwandert!

Die Britische Besatzung sah sich gezwungen einzuschreiten

Die menschenverachtende Ideologie blieb in der FDP 

https://t.co/FivHrOQd1f https://t.co/Jd0knOLdji",1,-1,-1,1,1,1
"TBVECHI OHV Gasoline Engine 3KW Gasoline Motor Engine 3600R/Min for Garden Irrigation (Type 170, 3000W) E4Y7HOJ

https://t.co/DUwITAjz1O https://t.co/tZA6m4RSxC",1,-1,-1,0,0,0
Mehr Geld für Working-Poor – So will Zürich den Mindestlohn einführen https://t.co/mHookwaoHn Das Links/Grüne versiffte Zürich setzt Utopien auf Kosten der Leistungsträger durch.Ignoranz und Inkompetenz regieren die grösste Stadt der CH. Bürgerliche/Liberale - nicht wahrnehmbar.,1,-1,-1,1,1,1
Malu  gerät nun selber unter Druck. Und auch die „Betroffenheit“ nach der   scheint nur gespielt gewesen zu sein. Nicht schön.,1,-1,-1,0,0,0
"Werden sich die  bald für die Frauenrechte in  ""engagieren""?",1,-1,-1,0,0,0
"Mit ""Ich komm' aus'm Ghetto, ihr seid alle nur Attrappen"" meint Eko Fresh ""Wenn Männer schwanger werden könnten, wäre die Abtreibung längst ein Sakrament.""",1,-1,-1,1,1,1
Immer diese Heiratsschwindler. A la @fdp !,1,-1,-1,0,1,0
"Ich möchte die Ausführung dieser Zeitung @NZZ einfach mal wirken lassen und damit ein herzliches  mit @ABaerbock @GrueneBundestag  ""woke""   und  der   in den III. WK https://t.co/CfVMo7m7dw https://t.co/bHrNIfSgnj",1,-1,-1,1,0,1
"Grinch Gas Shortage 2022 SVG, Christmas Holiday SVG, Xmas The Grinch SVG https://t.co/tZ3vzoY1ik",1,-1,-1,0,0,0
"Den Böllerkäufern sollte man den Gaspreisdeckel um die Ohren hauen. 
Ist doch wahr!",1,-1,-1,1,0,1
"THEO VAN GOGH WATCH: ALLSEITIGE INTENSIVE VORBEREITUNGEN WORLD WAR III 
Dritter Flugzeugträger:Meilenstein für Chinas Militär 
FAZ -17.6.2022 Katapultsystem des Flugzeugträgers Fujian erhöht Reichweite weit jenseits der eigenen Küste
Volltext https://t.co/Rs9NZvoiXJ https://t.co/8NuZ5EXvld",1,-1,-1,1,0,0
Arbeitsverbot droht: 20 Prozent der Klinik-Mitarbeiter noch nicht geimpft https://t.co/D1E8lL9UZE,1,-1,-1,1,0,0
"Einen Menschen als Schmutz bezeichnen, und dann jeden als unnormal erklären, der die Meinungen von @jk_rowling teilt.

Seit wann sind Frauen, die sich für Frauenrechte einsetzen, Schmutz und nicht normal?",1,-1,-1,0,1,1
"Racor 320R-Rac Series Gasoline Fuel Filter (Outboard or Inboard) KUVTZRZ

https://t.co/2sRv3y6Bsb https://t.co/iT3DA0bX2W",1,-1,-1,0,0,0
"Innerhalb von 2 Monaten nach Einnahme der Impfung und insgesamt in 16 Monaten.
32 ÄRZTE in Kanada, sind gestorben!

          

https://t.co/jcuNYj1Fus",1,-1,-1,1,0,0
"Einigung EU  Glaubt wirklich jemand, dass ein europäischer Gaspreisdeckel die Weltmärkte beeindruckt? Jetzt drohen Lieferengpässe und genau die innereuropäischen Verteilungskämpfe, die es doch zu vermeiden gilt.

https://t.co/I6UaV1UScw",1,-1,-1,0,0,0
im Ausnahmezustand: -Außenminister-Treffen vor der Haustür.,1,-1,-1,0,0,0
"Frauenrechte müssen immer wieder neu erkämpft werden. Warum haben Männer nur solche Angst vor klugen und starken Frauen? 
Ein interessanter Artikel den ich heute gelesen habe:
Koran und Frauenrechte - Das völlig verzerrte Islamverständnis der Taliban
https://t.co/R2wXcT9f2X",1,-1,-1,0,0,0
Ist das ein Erdbeben oder ein Raketeneinschlag? Die anderen Gebäude ringsherum und im Hintergrund scheinen unbeschädigt! Das verspiegelte Gebäude rechts scheint ebenfalls heil! Kennt sich jemand damit aus? https://t.co/R8cD1iIjq3,1,-1,-1,0,0,0
"Karl ""Lobby"" !

Was stimmt mit diesem Mann nicht, der permanent Panik verbreitete und immer nur Impfen möchte. Man könnte fast meinen, dass er dafür bezahlt wird.",1,-1,-1,1,1,1
"Der   befasst sich heute mit der Arbeit der Einsatzleitung. In einem Zwischenfazit sagt unser Obmann @nico_steinbach: ""Experten betonen die schwierige Lage zum Start &amp; zeigten Verständnis für Abläufe."" Mehr in der PM: https://t.co/1nzHDiumEu https://t.co/4f6fVdxaPs",1,-1,-1,0,0,0
"220902 @/bumkeyk 

GASOLINE 
Yessssss

BOUND
-
https://t.co/YWpKLRxmgs
https://t.co/6Yncdc82cF https://t.co/wWcLfYzl6E",1,-1,-1,0,0,0
Arbeitsverbot in Baden-Württemberg ab dem 24.01 bis zum 04.02 in allen Betrieben um die Omikronwelle einzudämmen!! https://t.co/EHY8WpwtBg,1,-1,-1,1,0,0
Die meisten Anträge der Betroffenen wurden bewilligt.     https://t.co/Jd7vKix4Bv,1,-1,-1,0,0,0
"Neues Last Minute Release der :

""No Margarine, Only Gasoline"" und jetzt LOS LOS LOS, PEDAL TO THE METAL while halbwegs Sprit sparen! https://t.co/5CQMzTrFlZ",1,-1,-1,0,0,0
"Wir wollen  in Bewegung halten und den Berlinerinnen und Berlinern soziale Teilhabe ermöglichen. Deshalb ein klares Nein zu flächendeckendem Tempo 30, ein klares Nein zur Halbierung der Parkplätze in der Stadt und ein klares Ja für , so @SebCzaja.",1,-1,-1,0,0,0
"+++ Update: Do., 18:30 Uhr +++ 
Der Aufzug von ist nun am Stubengassenplatz angekommen. Die Verkehrssperrungen der Polizei für den Aufzug sind damit vorbei.",1,-1,-1,0,0,0
"Ein großes  sind die  der  aus  oder , von denen in  über 1500 registriert sind, 350 davon unter 14j

https://t.co/n5K9vpY791

Die Schreie der 8 jährigen Braut: https://t.co/oINbv6cBm5",1,-1,-1,1,1,1
"Dass  ist keine neue Erkenntnis, sondern spätestens seit den ""Panic-Papers"" bekannt.
Dennoch kann ich mich über den trendenden Hashtag nicht freuen - analog zu den unzähligen Rücktritts-Hashtags. Das ganze muss im Real-Life passieren, nicht auf Siff-Twitter.",1,-1,-1,0,0,0
Einigung erreicht: Brüssel legt Gaspreisdeckel fest          https://t.co/vBfFLXJda7,1,-1,-1,0,0,0
"Uhhh let it burn, burnn burnn is sooo uhhh


@SHINee",1,-1,-1,0,0,0
"Aber wenn man   teilt, dann verschwindet dieser Trend sicher nicht so schnell.",1,-1,-1,0,0,0
"Quoten Türke im Bundestag der hat Februar 2022 diesen Preiskampf entfesselt. Wenn es im hier zu Billig ist, dann soll der in die Türkei gehen. Da ist die Inflation wohl eher nach seiner Vorstellung. Cem Özdemir heißt die Preis Erhöhung. 
https://t.co/8FcWKE7hNc",1,-1,-1,1,1,1
"Vom 16. bis 18. November treffen sich die Innenministerinnen und Innenminister der -Staaten im  und in .

Aufgrund der  wird es temporär zu Verkehrsbeeinträchtigungen kommen.

Nähere Infos zu den Einschränkungen in der PM  https://t.co/CHOTXNjfKD https://t.co/DQMJz6dUFa",1,-1,-1,0,0,0
"https://t.co/zF0PLj5cNn
Elon Musk ein Freund der Freiheit? (Interview mit David Icke) | https://t.co/w4yETgOIcT

klagemauerTV",1,-1,-1,1,0,0
"Wie genau soll man in  den  schließen, wenn sich signifikant viele Frauen weigern  zu arbeiten und sich nicht  zu verhalten.",1,-1,-1,0,1,1
"Ist Berlin das nächste Land, in dem die FDP rausfliegt?",1,-1,-1,0,0,0
", von der -Wähler auf einer 10-spurigen  auf ihrem Weg zur Arbeit nur träumen können. 


 https://t.co/gGEdRSyHDl",1,-1,-1,0,0,0
"Deutlich weniger als im Jahr der Flutkatastrophe...
https://t.co/biNV2b4nYz",1,-1,-1,0,0,0
"Offenbar gibt es , die dennoch in der Lage sind, die Interessen ihres Landes höher zu hängen, als die Forderungen aus Cologny, deren Sendbote neuerdings der @Bundeskanzler zu sein scheint. 
https://t.co/pjObZ3HI8s",1,-1,-1,0,0,0
"Ich rege mich derartig über diese impertinente Forderung nach mehr Straßen aus @FDP und @CDU bei  auf, daß ich wieder nicht schlafen kann.

Jede noch so kleinliche Ausrede ist den Totengräbern unserer Städte recht, um den Irrsinn des Straßenbaus immer weiter zu treiben.",1,-1,-1,0,0,1
"Frau , hat nicht ein Russe Hände, Gliedmaßen, Werkzeuge, Sinne, Neigungen, Leidenschaften?.... https://t.co/FZgZuUvSoq",1,-1,-1,1,1,1
"Sowas und ähnliche Fälle passieren seit Monaten in den USA. Nicht nur wird Schwangeren eine Abtreibung verwehrt wenn sie sich aktiv dafür entscheiden, sie bekommen nicht mal dann eine wenn sie eine Fehlgeburt erleiden. Ich hasse unsere Welt.",1,-1,-1,1,1,1
"liegt doch vor allem an den schlechten Entscheidungen der Frauen. 

Männer ergreifen meist gut bezahlte Berufe wie Arzt, Anwalt oder Pilot, während Frauen sich für die schlechter bezahlten Berufe Ärztin, Anwältin oder Pilotin entscheiden. Ganz logisch.",1,-1,-1,0,1,1
"@Bundeskanzler hat uns doch vor ein paar Monaten bis 90 Millionen Einwohner bis 2070 in Aussicht gestellt. Wenn es so weitergeht, wird er schon 2030 stolz die vorzeitige Erreichung des Ziels verkünden können. Läuft.",1,-1,-1,1,0,0
Mal so ne frage in die Timeline Gender pay Gap und Nonbinär sein hat sich da schon mal wer mit befasst? @MotherHyrule Du vielleicht? ist mir heute aufgefallen.,1,-1,-1,0,0,0
"Mit dem Arbeitsverbot für Erzieherinnen sind jetzt alle Kinder in Kitas gefährdet, denn das ist ein Zeichen für alle, die im pädagogischen und/oder erzieherischen Bereich tätig sind. Aber auch die Zukunft der Gesellschaft, denn in einer noch

https://t.co/ddEEASO1qg https://t.co/7OTYriwZPN",1,-1,-1,1,0,0
Zu den Schwerkriminalität Terror Beimischung von giften und Ausbreitung die Krankheiten gehört auch Supermarkt Alima in Bern,1,-1,-1,1,0,1
"https://t.co/cxwgSOQQY0 

..EU Mädchen bekommen kostenlose Pille..Frauen viele Möglichkeiten zu verhüten!Ein Mädchen und eine Frau weißt das sie  schwanger wird wenn sie nicht verhütet. Deswegen Abtreibung nur bei wergewaltigung oder Krankheit!",1,-1,-1,1,1,1
"Dani Romay Ogando in den : Am 12.02. 2x uf jedi Liste 
 Er redt nid nur vo Engagement für d'Gsellschaft, er engagiert sich sälber, zum Bispiel idä Freiwillige Füürwehr 
 En richtige Unternehmer 
 Eifach än ehrliche, ufrächte und liberale Mensch  https://t.co/8ypyhnfZiN",1,-1,-1,0,0,0
"auf PR-TOUR 
Kritische Phase im -Krieg –  schickt Soldaten,  nutzlose „“ 
-Gruppe verspricht  2023 Finanzhilfen von bis zu 32 Milliarden Dollar 

https://t.co/5XwEbTbIfb https://t.co/GtuKNFxzbj",1,-1,-1,1,0,0
"Ich finde der Islam gehört nicht zu Deutschland, weil der Islam nicht unsere Werte vorstellung vertritt, dass in vielen Muslimischen Ländern keine Frauenrechte, Menschenrechte und Demokratie herrscht, ist etwas was wir in Europa nicht haben wollen",1,-1,-1,1,1,1
"Throttle Control Trigger Switch For HONDA GX35 UMK435 HHT35S GX 35 UMK 435 HHT 35S Gasoline Engine Motor Hedge Trimmer Strimm 0HHIU6Z

https://t.co/Ks43irI3aR https://t.co/7h8RKokS81",1,-1,-1,0,0,0
Die Deppen und der Gaspreisdeckel https://t.co/ep291dHjXe via @Politikstube,1,-1,-1,0,0,1
"Aachen: Annalena Baerbock erhält ""Orden wider den tierischen Ernst""

Die scheinbar da politisch gesehen eher rektal unterwegs zu sein  https://t.co/B2vOzpuuQO",1,-1,-1,0,1,1
Warum Liberale immer verlieren; Teil 768254:,1,-1,-1,0,0,0
"Gasoline and Diesel Fuel Systems (Mechanics and Hydraulics) RUKENNL

https://t.co/RnlWQ0vsYZ",1,-1,-1,0,0,0
"Deutschland - Krieg beenden - Panzer senden:  

https://t.co/Sefn2wInPD

“KRIEG BEENDEN, PANZER SENDEN”

JUNGE LIBERALE FORDERN DIE BUNDESREGIERUNG ZU WEITEREN WAFFENLIEFERUNGEN, INSBESONDERE ZUR LIEFERUNG DES LEOPARD 2 AUF

via dpa:
… https://t.co/s1y7HtxMdq",1,-1,-1,1,0,0
"Gasoline Alley BZGPDFP

https://t.co/tjZlBdXWdw https://t.co/IW8evzfQNe",1,-1,-1,0,0,0
"Ars Technica: Porsche’s synthetic gasoline factory comes online today in Chile https://t.co/aEsEAEjNB5
Porsches eFuel-Fabrik in Chile beginnt mit der Produktion. Super wenig, aktuell. Aber das soll extrem schnell hochskaliert werden. https://t.co/9Qvjab5zK8",1,-1,-1,0,0,0
"in der  und in .

Hoffentlich helfen die Hilfsorganisationen mit Spendengelder so schnell und zielgerichtet wie bei der Flutkatastrophe im  


 Fernsehen mit Spendenaufrufe für
@AktionDHilft  
(jeder Cent kommt an)",1,-1,-1,0,0,0
"Können wir das für Deutschland bitte auch machen?
Die FDP wäre quasi nicht mehr existent, die CDU/CSU wäre auf ca. 1/7 geschrumpft und bei sämtlichen anderen demokratischen Parteien hätten wir die faulen  auch raus.

Das dann gerne in (un)regelmäßigen Abständen wiederholen.",1,-1,-1,0,0,1
"Arbeitsverbot in NRW: 
Gültig von 20.01. - 31.01.2022 zum eindämmen der Corona-Welle für zwei Wochen in allen Unternehmen in NRW.
Hat gerade der Wüst verkündet.

https://t.co/ZWsFx0WsCa https://t.co/kwCdRrguQN",1,-1,-1,1,0,0
"Ministerpräsidentin  soll am 24. März vor dem Untersuchungsausschuss des Landtags zur  aussagen. 
https://t.co/8f945wVPSd
@ltrlp @SPDFraktionRLP @spdrlp",1,-1,-1,0,0,0
"2 Jahre wurden Menschen ausgegrenzt, man hat sich immer krudere Maßnahmen für Ungeimpfte ausgedacht, wie Arbeitsverbot  oder Rentenkürzung uvm., ich sage nur, ihr könnt mich im Mondschein besuchen!
https://t.co/JjEoL6U1hZ",1,-1,-1,1,0,1
Gaspreisdeckel: Was er bewirken soll https://t.co/gSakZPCJs8,1,-1,-1,0,0,0
"Gute Nacht, liebe Twitterlinge, schlaft gut in den Sonntag und träumt süß! 
 @Lesenistbesser @ArtVandelay1971 @tinkabelle2702 @Luzini1 @KPaprotta @DKrappe @scheerenberger @Taraliest Bleibt schön gesund
Frieden Ukraine, Frauenrechte  Iran, Afghanistan https://t.co/hZ0IAd2Egj",1,-1,-1,0,0,0
Schau dir christals Video an!  https://t.co/yPRmjGdjkY,1,-1,-1,0,0,0
Passenger Axle Shaft Gasoline 2.0L VIN 2 8th Digit Fits 12-18 FOCUS 2089111 https://t.co/GvzR8I278L eBay https://t.co/XWZCpoT23Z,1,-1,-1,0,0,0
"New Podcast! ""Bezness - das Business mit der Liebe - Frau Locke neben der Spur"" on @Spreaker           https://t.co/tmzzMA1t2X",1,-1,-1,0,0,0
"""Abtreibung ist Selbstfürsorge.""
 https://t.co/yMq1PaU5QJ",1,-1,-1,0,0,0
"Aus gegebenen Anlass ist davon abzusehen irgendetwas unter  zu schreiben.

Bitte bestätigt mir den Erhalt dieser Nachricht mit einem kurzem",1,-1,-1,0,0,0
"Am 2. Dezember 2022 hat der UA """" in 34. Sitzung getagt.

@martinhaller, Vorsitzender des |es, berichtet, gemeinsam mit dem stellvertretenden Vorsitzenden @marcusklein, vor der Sitzung.

https://t.co/Rz4jKwm52O",1,-1,-1,0,0,0
hat Europa verstanden und zieht einen Krieg mit  zum Vorteil der Amerikaner einem friedlichen Zusammenleben in EUR vor. Dabei beruft er sich auf soziald. Historie und Prinzipien. Wie entfernt jeder Realität und Geschichte darf man als  sein?,1,-1,-1,1,1,1
Die Schaulustigen wären dann soweit…   https://t.co/KUPTc6cds8,1,-1,-1,0,0,0
"Nachdem ich den schlechten -Karnevals-Gag von der hasserfüllten Undiplomatin  gehört habe, frage ich mich erneut: Wie kann sie all diese verbalen Aussetzer so lange überleben? Wann wird sie endlich aus dem Amt geworfen?",1,-1,-1,1,1,1
"Ein Tempolimit senkt den CO2-Ausstoß gewaltig, zeigt eine neue Studie! 11 Millionen Tonnen könnten wir jährlich einsparen. Diese Fakten dürfen @fdp &amp; @Wissing nicht länger ignorieren.  Unterzeichne jetzt für ein : https://t.co/9Up8B4LF3T",1,-1,-1,1,0,0
"Während die anderen Parteien das Thema kaum öffentlich diskutieren möchten, forderte der AfD-Vorsitzende M. Vincentz einen Krisenstab und einen überregionalen Notfallplan. Andernfalls riskiere man „erneut, wie vor der Flutkatastrophe, viele Menschenleben“. https://t.co/zXs5xWyGLz",1,-1,-1,0,0,0
In der aktuelle Ausgabe von @librabriefing: „Ausgerechnet ‚Aggression‘ ist am schwierigsten“ – @hwieduwilt hat mit Prof. Dr. Moritz Vormbaum über die aktuellen Herausforderungen des |s gesprochen.,1,-1,-1,0,0,0
"Die Politik des zionistischen Regimes gegenüber palästinensischen Kriegsgefangenen hat zur Ausbreitung von Krankheiten unter Gefangenen geführt, insbesondere unter Kindern, und einige dieser Kinder wurden infolge dieser Krankheiten getötet.",1,-1,-1,1,1,1
Wer hat euch bisher am meisten enttäuscht? Von wem fühlt ihr euch verraten?,1,-1,-1,0,0,0
"Was ist denn da los? 

 schreit minutenlang rum wie ein Verkäufer auf dem Fischmarkt und beschimpft das Publikum. Alles andere als präsidial - der  außer Rand und Band!",1,-1,-1,0,0,1
"Für die Baustellen der Austragungsorte ist es immer ganz schön, wenn Großereignisse á la  stattfinden. Die werden nämlich auf einmal fertig. Was es aber bringen soll, diesen Aufwand in Städten zu betreiben, ist mir schleierhaft. Bürgernähe kann es nicht sein.",1,-1,-1,0,0,0
"PROBLEMO!!!   @ Franklin, Tennessee https://t.co/Hjbyw5TQ17",1,-1,-1,0,0,0
"Die @G7 haben in 2022 insgesamt 32,7 Mrd. USD an Budgethilfen für die  mobilisiert. Für 2023 wurden heute weitere 32 Mrd. USD in Aussicht gestellt. Die  bekräftigen damit ihre Unterstützung der . Zum Statement im    https://t.co/4UCCrQDIN4. https://t.co/KxPS2Szqm0",1,-1,-1,0,0,0
dieser fdp twink trollt sich noch in den bundestag,1,-1,-1,0,1,1
"Männer haben genauso ahnung von frauenrechten weil ""frauenrechte auch von männern eingesetzt wurden"" - mein sowilehrer",1,-1,-1,0,1,1
"Zum Thema verlorene Glaubwürdigkeit,  Rights und .
(via IMV) www.german-foreign-policy.com",1,-1,-1,0,0,0
"„Klotz am Bein der Ampel“: @spdbt und @GrueneBundestag  attackieren  für Mietreform-Blockade! 

Derweil bauen @fdp und @DFoest Luftschlösser mit ""Bau-Booster für Deutschland“ - nützt bei + 4 % Zinsen, +8 % Inflation, + 16 % Baupreisen nix. 
https://t.co/IJubu83Sj0",1,-1,-1,0,0,0
"""Der Vertreter der FDP übte sich in Ablenkungsmanövern beim Thema ."" Die gestrige -Sendung war derartig schwach, dass sogar die @faznet sauer ist.
https://t.co/DekcxQkum7",1,-1,-1,0,0,1
"WTS LFB ONHAND PH ONLY

SHINee Key Gasoline Albums w/ poster
VHS ver [Php 895 + LSF]
Floppy ver [Php 670 + LSF]

MOP: Gcash BDO BPI LBP
MOD: J&amp;T / GGX

 https://t.co/0fzb7t5SC5",1,-1,-1,0,0,0
"Ein Mann, der Frau und Kind in Stich lässt hat nichts mit einer Abtreibung zu tun, das sind die typischen Väter, welche sich bei der Schwangerschaft verziehen.

Diese haben NICHTS mit der Diskussion zu tun und zeigt nur mal mehr, wie Abtreibungsgegner keine Argumente haben.",1,-1,-1,1,1,1
"Wie schnell der wohl wird 
E-Auto...

          https://t.co/bgrkM7oBHN",1,-1,-1,0,0,0
Für die Opfer der Flutkatastrophe in .,1,-1,-1,0,0,0
"Hören Sie mit der Unterstützung des Irans Hitlers auf!!! 

 

@AmnestyDE_EU @save_children @Deutschepoliti1 @UN_HRC @GermanyDiplo @AmnestyIran @ICHRI @hrw @BundesregDE @AuswaertigesAmt @ABaerbock @spdbt @GrueneBundestag",1,-1,-1,1,1,1
„Wir wollen einen Covid-Massnahmen-Untersuchungsausschuss” - Jetzt unterschreiben! https://t.co/9WHiIKuJpC via @Change,1,-1,-1,0,0,0
"An Scheinheiligkeit nicht zu überbieten - die Mittäter in der der ersten Reihe ...   @Bundeskanzler @TschenPe @DGuenther_CDUSH @SPDbt @GrueneBundestag 

https://t.co/Bwipe6ee1x",1,-1,-1,0,0,1
Das Aussehen ist nicht relevant für mich. Die Bildung! Schauen wir uns Ricarda lang von grünen an die mit einem Zirkuszelt im Bundestag sitzt! Hätte sie Bildung würde niemand ein Wort über diese 200 kg dicke Dumme reden. Sie hat sich selber zum Opfer gemacht mit den Spott.,1,-1,-1,1,1,1
grammy fdp https://t.co/EXadhLuAHw,1,-1,-1,0,0,0
"Vor drei Jahren gab es übrigens den Fall  und die  hat gezeigt, dass sie eine rechtsoffene Partei ist. Seit der Pandemie fungiert die Partei als parlamentarischer Arm der , die ebenfalls größtenteils rechtsaußen verortet sind.",1,-1,-1,1,1,0
"Sobald ein Volk seine Identität abgestoßen hat, gibt es für sie keine Zukunft. Und wenn sie gleichzeitig ihre Babys durch Abtreibung töten &amp; ihre Alten durch Euthanasia, sind sie dem Untergang in der Hölle geweiht. Die Vandalen erledigen den Rest.",1,-1,-1,1,1,1
"Sie (Left) wollen nicht, dass das Individuum denkt. Sie wollen dir sagen, was du denken sollst und was moralisch 'richtig' sei. Wokeness = Sozialismus = Denkverbote = Kollektive Bestrafung.
Die Bundesregierung: eine Außenstelle der 'far lefties'.
https://t.co/aVGNk7gPMP",1,-1,-1,1,1,1
"Noch funktionieren die Krankenhäuser.
 sollte wohl schneller weiter Kliniken schließen und dafür sorgen, dass endlich mehr  Pflegepersonal mit Arbeitsverbot freigestellt wird.

Hat  hier wieder geschäftchen, wie damals bei Lipobay, am Laufen. https://t.co/KqhZ8BMiIx",1,-1,-1,1,1,1
"Zur Aufarbeitung des Mauerbau|s - vor allem zur politische Aufarbeitung - gehört: die DDR-Bürger die im Westen DMark Löhne kassierten waren der BRD ein Dorn im Auge.

Ein Einreise- und Arbeitsverbot für DDR-Bürger war undenkbar. Es hätte den West Nimbus zerstört.",1,-1,-1,0,0,0
Ich bin immer noch gegen Abtreibung. Schöne Weihnachten,1,-1,-1,0,0,0
Lichter am Himmel? Vor Erdbeben Türkei? Das ist Haarp für mich https://t.co/qgKZcoMVHi,1,-1,-1,1,0,0
"Die EU einigt sich auf einen . Deutschland hatte lange gebremst. Zurecht, findet Gasmarkt-Kenner Heiko Lohmann von @energate_de. Schiffe mit Flüssiggas könnten Europas Häfen meiden.
https://t.co/fIWwp9Krkw https://t.co/rrGzC5dHlS",1,-1,-1,0,0,0
"Teile Bayerns extrem betroffen:
Weil dieRegierung Geld ausgibt, als gäbe es kein Morgen, werden jetzt die  erhöht. 
Der erste Schritt ist getan, fast unbemerkt von der Öffentlichkeit erhöht sich die  um 500%. https://t.co/ogQkw6KglU",1,-1,-1,1,0,1
"Wir fordern dringende Maßnahmen und Strategien zur !

            https://t.co/IMckBOJnlQ",1,-1,-1,0,0,0
"Objekt-Haikai. Elektronische Ebene, immer Gefangene. Nur Telefonrecht. Islamische Religion, islamische Ressentiments, Region. Jodel-Region. Islamische Flüche, Haikai, islamische Flüche, Autorennen, Irvine, was ein islamischer Fluch ist. Haikai-System.Chirac.",1,-1,-1,1,1,1
Ein Rettungswagen quält sich gerade durch den Stau. Danke . Zum Glück keine Aktivisti! Das wäre ein Skandal!  https://t.co/5hNT308sWE,1,-1,-1,1,1,1
"Das islamische Auschwitz im Jahre 2023. 
 ist seit Wochen im Hungerstreik. Er fordert ein Ende der Exekutionen von Demonstranten, die Freilassung politischer Gefangener und das Ende der strengen islamischen Kleidungsordnung.",1,-1,-1,1,1,1
"Die Welt als Schachbrett des @rki_de?! Ich esse nie wieder , @bundeskanzler @uniklinika!",1,-1,-1,1,1,1
"Die Abschaffung des Mittelstandes durch Habeck, Baerbock, Özdemir und Co. https://t.co/Dzne8aIpUY",1,-1,-1,1,0,0
"—-
@ABaerbock drückt Bedauern aus
—-
Vor dem Treffen der - im  in  wurde ein historisches  entfernt ….
https://t.co/uWigdg4zN2 https://t.co/ISoaHO1wsI",1,-1,-1,0,0,0
"Christian Dürr hat bis heute nicht verstanden, wie das mit den Papier-Tickets funktioniert. Ja, deshalb ist er nun auch in der FDP.",1,-1,-1,0,0,0
"Babys werden lebend zur Welt gebracht und ihre Herzen werden ohne Betäubung herausgeschnitten, um Impfstoffe zu entwickeln.

Das ist einer der Gründe ist, warum diejenigen, die die Kontrolle haben, so stark für Abtreibung sind. https://t.co/fX0QJbAUix",1,-1,-1,1,1,1
"Frauen verdienen immer noch weniger und haben deutlich schlechtere Karrierechancen im Berufsleben

Wenn man @_FriedrichMerz so reden hört, vermittelt er Weltanschauungen von vor 100 Jahren, wo Frauen noch am Herd standen",1,-1,-1,0,0,0
"Das versteht auch nur die FDP. Sauberere Autos = langsamerer Umstieg auf E-Autos 
Der verschlafene Strukturwandel in der Autoindustrie wird in ein paar Jahren zu einem gigantischen Geheule werden.

https://t.co/q1rvrGadDb",1,-1,-1,0,0,0
"https://t.co/K9vdfY3nmQ
Die ökonomischen Supermächte driften auseinander.  stellt sich immer mehr gegen die -Staaten. Aus dem -Bund könnte + werden. Mit kaum vorhersehbaren Folgen. https://t.co/cJKBmTzJBd",1,-1,-1,0,0,0
Gas shortage? Dafuq?!,1,-1,-1,0,0,1
"18 Monate nach der Flutkatastrophe an der Ahr kann endlich die Auszahlung der vom VDP gesammelten 3,8 Millionen Euro Spenden an geschädigte Weingüter beginnen. Alle steuerrechtlichen Fragen sind nun geklärt.      https://t.co/ztAHLIwbIP",1,-1,-1,0,0,0
Gender Pay Gap: Der Lohnunterschied zwischen den Geschlechtern hat sich in Hessen nahezu halbiert: auf neun Prozent. Bei Akademikerinnen und Führungskräften ist die Lohnlücke weiterhin riesig. Die „gläserne Decke“ wirkt nach wie vor.  https://t.co/nz3qrYl2M5,1,-1,-1,0,0,0
"Anekdotisch, Spike Protein im Gehirn und Herz gefunden!
Vielleicht sollte man doch systematisch autopsieren?
Vaccines | Free Full-Text | A Case Report: Multifocal Necrotizing Encephalitis and Myocarditis after BNT162b2 mRNA Vaccination against COVID-19 https://t.co/TZciVGsLV3",1,-1,-1,1,0,0
"2022:
Frauen 88 €
Männer 97 €


Quelle: https://t.co/jR18dAG5Fz https://t.co/PcKkHwr2cv",1,-1,-1,0,0,0
Gigantische Schraubzwinge erzeugt Erdbeben in der Türkei - Spektrum der Wissenschaft https://t.co/7FICDQDeuq,1,-1,-1,1,0,0
"Stimmige Aussage für jemanden, der als oberster Katastrophenschützer bei der Flutkatastrophe im Ahrtal die Meinung vertrat, »die Warninfrastruktur ist nicht unser Problem gewesen«.",1,-1,-1,0,0,0
Bundeskanzler Scholz setzt Deutschland aufs Spiel! Tino Chrupalla   AfD ... https://t.co/L3fwZK2eIs via @YouTube,1,-1,-1,1,0,0
"Liebe Freunde, seid bitte zum  - Special dabei. Es wird ein Ex-MEK-Mitglied dabei sein (Volksmujahedin) &amp; wird wertvolle Infos dazu schildern können. Außerdem gibt’s News rund um ! Wir freuen uns auf So, 05.02., 18 Uhr

https://t.co/yTPY0EZk36",1,-1,-1,0,0,0
Verschafft euch endlich Gehör von dieser Regierung sie tretten unsere Frauenrechte in die Tonne und schauen zu wie immer weniger Frauen sich abends auf die Straßen trauen aus Angst Vergewaltigt oder ermordet oder Belästigt zu werden.,1,-1,-1,1,0,1
"„Baerbocks politisches Geltungsbedürfnis entwickelt sich zu einer laut tickenden Zeitbombe“ 
So schaut’s aus  
Da sie selbst ihre Vita fälschte kann ich dem nur zustimmen  ist wie alle Mitglieder der  brandgefährlich  https://t.co/dXrIUPYWCx",1,-1,-1,1,1,1
"Ach, ist heute wieder Journalisten-machen-sich-lächerlich-und-werfen-für-Klicks-mit-dem-unbereinigten--um-sich-Tag? Ist der nicht sonst irgendwann im März?",1,-1,-1,0,0,0
"UPDATE 
:
➩ Die an die Ukraine grenzende Republik Moldau befürchtet eine russische Invasion im kommenden Jahr.
➩ Die Schweiz setzt die Aufnahme schutzbedürftiger Flüchtlinge vorübergehend aus.
➩ Die EU-Staaten haben sich auf einen Gaspreisdeckel geeinigt.
[1/2]",1,-1,-1,0,0,0
"Ich bin Atheistin, aber ich wage zu behaupten, dass ich mehr sog. christliche Werte habe als die, die sich wegen des Kreuzes am meisten echauffieren (allem voran die CDU/CSU). Nicht ein Symbol ist entscheidend für eine Kultur, sondern vor allem das Verhalten.",1,-1,-1,0,0,0
"Die zehspurigen Autobahnen der  kennt man aus Film und Streamingportalen. Genauer: Aus Dystopien.

Manchmal denke ich: Fast alles ist heute so absurd überzeichnet dass den Leuten doch auffallen muss wie irre es ist. Aber, offensichtlich nein",1,-1,-1,0,0,0
"Iris  hat gestern Abend gezeigt, was man für Geld alles so tut!",1,-1,-1,0,0,0
"Ich will so wenig mit dem Arbeitsamt zu tun haben, dass ich seit Donnerstag* (!) Bewerbungen raushaue. 

 
Das System ist so kaputt. Lieber arbeite ich für den Mindestlohn als mit dem Haufen zu tun zu haben.**

*Tag meiner Kündigung 
**Nein, werde ich natürlich nicht.",1,-1,-1,0,0,0
"Was hat D da angerichtet, indem solche Leute wie Habeck, Baerbock, Kretschmann usw wichtige Ministerposten bundes- u landesweit erhalten haben? Die alle wollen D brennen sehen",1,-1,-1,1,1,1
OHH...im Ahrtal hat wohl nicht viel funktioniert,1,-1,-1,0,0,0
"Ich wäre ja für eine Art Internierungslager für Impfunwillige. Auf 'ner tropischen Insel z.B…. Ohne Rückflug (wg. Klima), mit Arbeitsverbot (weil ungeimpft)… DAS wäre ein echter Sicherheitsgewinn… Beliefert durch Drohnen… Könnte ich mich mit anfreunden",1,-1,-1,1,1,1
"Am 12. Februar 2023 finden in Zürich Wahlen statt.
Wir wollen eine liberale ,  und  für alle weiter ausbauen und  durch höheres und verdichtetes Bauen senken.

Danke für deine Stimme für Liste 3 am 12. Februar!
  https://t.co/jjWJ1ZXnLp",1,-1,-1,0,0,0
"Gender Pay Gap ist erfunden.
Frauenquote ist ungerecht.

DIW https://t.co/MJ4F6K51Dz",1,-1,-1,1,1,1
"(1) Ohne Bestrafung der Täter; ohne Sicherheit und Rückkehr Recht ist Genozid-Anerkennung Inhaltslos.
1915 Nach 100 Jahren anerkannte Mittäter Deutschland Genozid seiner Waffenbrüder Türken. Während Genozid an Christen Armenier organisieren 260 Deutsche Generäle Türkischen Armee",1,-1,-1,1,1,1
"an der Ahr, schwerer , Krankheit, Schulden, Verlust von geliebten . Das Leben ist ein Auf und Ab, steckt voller Höhen und Tiefen. Von ihrer persönlichen Achterbahnfahrt erzählen die Gäste im ""Nachtcafé"". https://t.co/9y3EaHkUeZ",1,-1,-1,0,0,0
".
VORSICHT vor Reisen nach  und 

Per  sind dort die Frauenschutzräume und speziellen Frauenrechte de facto abgeschafft

In Schottland kann nur noch der König die Frauen vor einem ähnlichen Gesetz schützen https://t.co/jw4KS28CO6",1,-1,-1,1,1,1
"(S+) Schiedsrichterin Shohreh Bayat: Was einem im Schachsport passiert, wenn man sich für Frauenrechte in Iran einsetzt https://t.co/J6Q4Yc0ZLi via @derspiegel",1,-1,-1,0,0,0
"Bei der Wahl in Berlin fällt mir wieder auf: RRG finde ich grauenhaft-sozialistisch.

Aber der Union/FDP die Macht anzuvertrauen wäre autodestruktiv-masochistisch.

Es gibt keine ökologisch-liberale Partei oberhalb oder nahe der 5 % Hürde.

Also Sonstige.",1,-1,-1,0,0,0
"Gaspreisdeckel und MwSt-Senkung auf Lebensmittel sind die Forderungen, die in der Runde von den Nicht-PolitikerInnen gestellt werden. 

Alles Punkte der @SPOE_at; man hört es hier halt nicht.",1,-1,-1,0,0,0
"Die , immerhin Regierungspartei, will mit dummdreisten Sprüchen etwa vom A20-Autobahnbau ablenken. Dieses Projekt ist nämlich eine gewaltige Umweltsauerei - führt durch Morrgebiete etc. Klimaschutz ist den Liberalen egal. Klientelschutz ist das Entscheidende.",1,-1,-1,1,0,1
"Und sie beschäftigen sich mit dieser """", die bekanntlich das  ruiniert 

Übersehen wird dabei gern, dass Ökonomen sich schon recht lang mit dem Klima befassen. Und schon seit langem einen  vorschlagen, wie ihn die Staaten der  nun planen. https://t.co/AXrBYJi8Ua",1,-1,-1,0,0,0
"Richtig, das was @CDU @CSU u @fdp die ganze Zeit quatschen: ein Wolkenkuckucksheim u Wunschdenken als „Plan“. 
Als Plan B nice-to-have, aber Plan A muß mit den HEUTIGEN Möglichkeiten realistisch formuliert sein. Besser kann man immer sein, aber „Prinzip Hoffnung“ ≠ 1 Plan.",1,-1,-1,0,0,0
"XtremepowerUS 63CC V-Type 2 Stroke Gasoline Post Hole Digger 1-Person Dig Auger with 6"" inch Auger Bit (Digger + 6"" Bit) EQJTBYW

https://t.co/fuwYYpceI2 https://t.co/e5b0OwJH4w",1,-1,-1,0,0,0
"Wie naiv von @Bundeskanzler Scholz  s Worten zu trauen. Putin droht schon lange. Zwar nicht explizit den Deutschen, aber sind die nicht der Westen, haben sie ihn nicht mit Minsk getäuscht?
https://t.co/yjvJ3Qfa4E",1,-1,-1,1,0,0
"Und Altkanzler  sollte endlich für seine Verdienste für Putin von der @spdbt mit einem Orden ausgezeichnet werden, empfiehlt",1,-1,-1,1,0,0
"Uff, die Ahnungslosigkeit mancher Abgeordnete wird immer mehr zur Gefahr für den Wirtschaftsstandort Deutschland.

Wieso ist die FDP so versessen darauf den Nokia Weg in die Bedeutungslosigkeit zu gehen?!",1,-1,-1,0,0,1
"Was soll das @spoe_at? 
Haben wir dann bald polnische oder amerikanische Zustände?
Frauenrechte sind für Euch kein besonderes Anliegen mehr?  https://t.co/5N7o2J0qIR",1,-1,-1,0,1,1
"bedankt sich fürs Gassparen. Er könnte sich auch dafür bedanken, dass weniger Gold gekauft wird. Gleicher Grund: nicht genug Geld da!  https://t.co/scIGqIiytm",1,-1,-1,0,0,0
"Musste die Filme gestern noch einmal sacken lassen und kann nun mit Sicherheit sagen:

Beide waren echt nicht gut.

Thor war richtig schwach und unfassbar substanzlos.

Jurassic World war viel zu lang und hat gezeigt, dass Chris Pratt echt nur ein mittelmäßiger Schauspieler ist. https://t.co/wLnobI60fp",1,-1,-1,0,0,0
"„Die sind Weltmeister geworden, nachdem es die verheerende Flutkatastrophe gab“ https://t.co/Axm2mNzd84 https://t.co/1GUE4C4Lm2",1,-1,-1,0,0,0
"Rule Britannia, Britannia rule the waves.

Wo bleibt der empörte Aufschrei der Rechtsausleger nach Ausweisung und harter Bestrafung aufgrund Integrationsunwilligkeit und mangelnder lokaler Sprachkenntnisse?",1,-1,-1,0,1,1
"29€-Ticket wäre nach dem 9€-Ticket angesagt!Besonders für Menschen,die sich kein Auto od carsharing leisten können!Geringverdiener uA sind nicht die, die die FDP“beschenken will“! 
-

49-Euro-Ticket vielen wohl zu teuer: Wer wird das Auto stehen lassen? https://t.co/3W9k0SAJWe",1,-1,-1,0,0,0
"Die deutsche Justiz müsste sich auch rechtlich bei der Bestrafung und Wiedergutmachung den eingewanderten bevölkerungsspezifischen sozialen Organisationsformen und Institutionen anpassen, wenn sie schon offiziell mit Clanchefs verhandelt. https://t.co/tH3QYKcckA",1,-1,-1,0,1,0
"Findlay ist wohl ein Konservativer, nicht meine Richtung. An dieser Rede jedoch zeigt sich deutlich, dass dieses Thema überparteilich ist. Es ist keinerlei konservative Agenda in seiner Rede erkennbar. Im Gegenteil, er spricht sich deutlich und klar für  aus.",1,-1,-1,0,0,0
"Pleiten, Pech und Pannen - die Blutspur der CSU-Generalsekretäre.
Nach dem Skandal-Rücktritt des CSU-Generalsekretärs @StephanMayerCSU hat sein Nachfolger @MartinHuberCSU schon bei Amtseinführung eine  am Hals.

https://t.co/QaoWrW5sMZ",1,-1,-1,1,0,1
"Die Kritik am Krisenmanagement der Katastrophenschutzbehörde, der ADD, fiel zuletzt heftig aus: Jetzt sagte der 46-jährige Thomas Linnertz zum dritten Mal im parlamentarischen Untersuchungsausschuss zur Flutkatastrophe aus. https://t.co/7S5B9WsSh7",1,-1,-1,0,0,0
"Es kommen noch Millionen Illegale in dieses Land, das Volk schaut gelähmt auf diese prekäre Einwanderung. 

Keine Reaktion, keine Veränderung.",1,-1,-1,1,1,1
"Nach monatelangem Ringen: EU-Energieminister einigen sich auf Gaspreisdeckel In der Europäischen Union sollen die Gr... https://t.co/jgn3b7jaat
https://t.co/jgn3b7jaat",1,-1,-1,0,0,0
"Jaaa genau, so dumm sind die deutschen Frauen wirklich, besondern die Grün wählen und sich an sich für Frauenrechte einsetzen sollten und gegen Zuwanderung von Paschas.",1,-1,-1,1,1,1
"https://t.co/6A5hfvxM0N
Autos/gasoline FAQ Index",1,-1,-1,0,0,0
Gemeinsam mit dem ​er Bürgermeister haben Angehörige der  kürzlich ihr Patenschaftsjahr 2022 reflektiert. 4x hat die  bei Veranstaltungen in Dernau unterstützt. Die Erlöse daraus wurden an der Gedenkstätte für die Opfer der  überreicht. https://t.co/g8sDtaaaDL,1,-1,-1,0,0,0
"Die  in  ist erledigt, die Regierungsmitglieder wie  geben fast täglich Bankrotterklärungen von sich.
 versteckt sich derweilen mit den restlichen Grünen in Bierzelten, statt den Bürgern in Bayern zu helfen.

 https://t.co/QzIzYYmFzp",1,-1,-1,1,1,1
Der Traum vieler linksgrüner Ideologen ist geplatzt: Elektro-Fahrzeuge sind teils klimaschädlicher als Verbrenner. Einer von vielen Gründen: Sie werden statt mit Wind- und Sonnenenergie zunehmend mit schmutzigem Strom aus Kohlekraftwerken angetrieben.  https://t.co/RAuNaOUSiU,1,-1,-1,1,1,1
Elektrofahrzeuge brandgefährlich? https://t.co/QOXv5FJUNa,1,-1,-1,1,0,0
"Ich hätte fast geweint in der Ausstellung What the Fem. Frauen erkämpften sich seit über 100 Jahren Stück für Stück an Rechten, während Männer zusahen oder sie behinderten. Schon vor Jahrzehnten wurde vom Gender Pay Gap gesprochen. Und passiert ist genau nichts.",1,-1,-1,0,0,0
"https://t.co/jtDYBrdGlF

dieser typ ein grüner ist bundespräsident in österreich und fährt zu selensky auf staatskosten um ihm die aufwartung zu machen. und er ist für verschleierung von muslimischen frauen.",1,-1,-1,1,1,1
"Bin gespannt, ob die FDP beim Tempolimit standhaft bleibt.",1,-1,-1,0,0,0
"Fdp,fdp,fdp",1,-1,-1,0,0,0
"Ich hab heute sehr viel über meine Oma erfahren. Was und wo sie überall gearbeitet hat. Dass sie sich in Tschechien für Frauenrechte und Stärkung der Mütter stark gemacht, den ersten Kindergarten am Ort mit gegründet hat. Und wie ihr der Krieg das alles genommen hat.",1,-1,-1,0,0,0
Anti-Spiegel: » Ideologie statt Lösungen: Die EU und ihr gefährlicher „Gaspreisdeckel“: Nach langem Streit hat sich die EU auf einen „Gaspreisdeckel“ geeinigt. Allerdings ist dieser „Gaspreisdeckel“ nach langem Streit so ein zusammengeschusterter… https://t.co/PpvwyZ5Wz3 «,1,-1,-1,1,0,0
"Immer wieder faszinierend, mit welchen Banalitäten sich unsere Gesellschaft sedieren lässt.",1,-1,-1,0,0,0
"Die nato und usa sagt wir wollen Demokratie aber beim undemokratischten land der welt wird nix gemacht,  die taliban sollte man bombardieren! 
Aber nein lieber gegen russland welche immerhin Frauenrechte haben 
Ihr seid heuchler!",1,-1,-1,1,1,1
"Nitrous Express 60040JP 50-300 HP Gemini Twin Gasoline Jet Pack PP4LZK3

https://t.co/dL7bXyKq6c https://t.co/QwLPtTboWx",1,-1,-1,0,0,0
"""Leopard""-Lieferungen an Ukraine: Bundesregierung besorgt über Partnerder Kanzler wurde aufs Kreuz gelegt?! Ja, von den  n im Bundestag, die zum Champagner trinken in die Ukraine fahren, nicht zum kämpfen. https://t.co/3bioQXkDAe",1,-1,-1,1,1,1
Die Opposition im Untersuchungsausschuss spricht immer wieder vom Versagen der Landesbehörde ADD in der Flutkatastrophe an der Ahr. Jetzt soll das ein externer Sachverständiger bewerten. https://t.co/7TJGJfMhfX,1,-1,-1,0,0,0
Die Inflation bei Lebensmittelpreisen hat mittlerweile 70% überschritten.,1,-1,-1,1,0,0
"hat durch seine Alleingänge () viel Vertrauen verspielt. Das muss Außenministerin @ABaerbock beim -Treffen wiederherstellen u. zeigen, dass Deutschland ein verlässlicher Partner ist. Wir brauchen Außenpolitik aus einem Guss statt vielstimmigem Chor.",1,-1,-1,0,0,0
"Was ich mich ja frage: Müssten Liberale es nicht feiern, wenn man Insekten als Nahrungsmittel verkaufen darf? Wegen freier Markt und so. Markt regelt, wenn niemand das essen will ...

Oder was ist an Insekten so inhärent kommunistisch? xD https://t.co/Ea2cbDI9xc",1,-1,-1,0,0,0
"Dann müssen wir doch hoffen, dass die  1. demnächst an allen 5%-Hürden scheitert und 2. sich rasch eine neue liberale Partei bildet, die diesen Namen auch verdient.",1,-1,-1,0,0,0
"Links Grünes Werk. Wer sowas wählt hat es nicht anders verdient. 

            

https://t.co/0skRbBQWgT",1,-1,-1,0,1,1
"Frauenrechte sind in der ""LGBTQIA+ Community"" nicht sehr trendy. Da sind Feministinnen bald Rechte, Völkermörder und ""Patriachaler Kult"". Warum auch immer... 
     
Der Thread: https://t.co/SyLQVyQvJB https://t.co/JHaVwIg60c",1,-1,-1,1,1,1
"Was ist in der Türkei passiert?

War es wirklich ein natürliches Erdbeben?

Angeblich hab es kurz vor dem ersten Erdbeben massive ""Explosionen"". Es gibt mehrere Aufnahmen davon",1,-1,-1,1,0,0
"shoutout an alle frauen, die sich trotz salbungsvoller mitleidsaufforderungen, aggressiver drohgebärden und rhetorischer spitzfindigkeiten daran erinnern, welch lebensnotwendiger landgewinn frauenrechte waren und sind.
keinen millimeter!",1,-1,-1,0,0,1
Rechtspositivismus und liberale Demokratie sind auf Dauer unvereinbar.,1,-1,-1,0,0,0
Selfies mit FDP nach 1 Jahr Ampel. https://t.co/tONI2tTuQl,1,-1,-1,0,0,0
"2019 Angestellter musste dem Arbeitgeber beweisen, dass er Krank ist.

2021 Angestellter muss dem Arbeitgeber beweisen, dass er Gesund ist.

Wenn 99% der Bevölkerung aber seit einem Jahr gesund sind, ist das Willkür und gleicht einem Arbeitsverbot.",1,-1,-1,1,0,1
"Wir haben lange und gut diskutiert. Die Bereiche identifiziert, in denen wir die Zusammenarbeit stärken müssen, bspw. im Kampf gegen Desinformationskampagnen brauchen wir einen schnelleren Informationsaustausch. Das war ein guter erster Tag. Morgen geht es weiter.  https://t.co/8iKYn5pFEX",1,-1,-1,0,0,0
"RBOB　Gasoline　2022/10/13 13:53
2.6138
+0.18%
（右　COT） https://t.co/UChOgovUO7",1,-1,-1,0,0,0
"| Für die Gastronomie in der Innenstadt waren die -Tage kein gutes Geschäft. Die Wirte tragen es mit Fassung. Ein Traditionslokal nutzte die Einschränkungen auf andere Art und Weise:
https://t.co/BMOIUks7wE",1,-1,-1,0,0,0
"Gasoline generator 
3-6kw open frame type model https://t.co/EeU8NosFal",1,-1,-1,0,0,0
Und genau das ist der Plan der FDP,1,-1,-1,0,0,0
RotopaX GEN2 2 Gallon Gasoline Container via @amazon  https://t.co/hFwKzj8WMr,1,-1,-1,0,0,0
"Allein, ich kaufe der FDP ihren Schneid einfach nicht ab! 

https://t.co/PIn94Q6vPm https://t.co/rNdhyzHmPc",1,-1,-1,0,0,0
"Der  ist schlecht für , so kann seine Lobby das nicht teuer innerhalb der  weiterverkaufen.",1,-1,-1,1,1,1
"Lerne gerade etwas über Kosmobiologische geburtenkontrolle, und jetzt weiss ich auch nicht. Doch, hat wohl nicht funktioniert.",1,-1,-1,0,0,0
"Wie? Wir schicken Schiffe, wählen aus u. stopfen die Schiffe voll. Hier beziehen sie eine günstige Unterkunft direkt an den Feldern, wo sie als Erntehelfer arbeiten. Dann noch Verrechnung der Reise, Geburtenkontrolle usw. und wir haben ausgesorgt. Wie könnte man das nennen?",1,-1,-1,1,1,1
"Besonders intensiv hat sie ja die  im  gemanaged. 

Diese Lobhudeleien im  zeigen wieder, das Ihr im @ZDF dem distanzierten, unabhängigen  völlig abgeschworen und Euch freiwillig zu Top  der  entwickelt habt. https://t.co/DM4cFcOVy1",1,-1,-1,0,0,1
DAS IST BITTERERNST ! MEDIEN BESTÄTIGEN UNFASSBARES ! ANDREAS POPP MIT K... https://t.co/pwjX3ruDbi via @YouTube,1,-1,-1,1,0,0
Ich habe einen spannenden Artikel gefunden. https://t.co/4iDfIlC34E via @tonline Scholz sollte Frau Baerbock raus werfen aus dem Bundestag - diese Frau hat nichts übrig für das deutsche Volk und steht nur auf Rüstung+Krieg. Raus mit dieser Frau !!!!!!!!!!!!,1,-1,-1,1,1,1
"Sie hassen unsere Kultur, unsere Werte, unser Land. Und letztlich hassen Sie damit UNS!

Warum überlasst ihr dieser Grünen Sekte die Zukunft unseres Landes?

Wacht auf 

      https://t.co/gQl8Gaj0GE",1,-1,-1,1,1,1
"Pressekonferenz nach dem -Außenministertreffen in Münster:

„Frau Baerbock, hat der Kanzler heute alles richtig gemacht in Peking?“

„Offensichtlich. Ich konnte nicht alles verfolgen und bin ganz gespannt auf Ihre Berichterstattung. Sie werden das sicher richtig kommentieren.“",1,-1,-1,0,0,0
Schau dir Maryam Loves Video an!  https://t.co/5GB6LGjKWI,1,-1,-1,0,0,0
Die Außenministerin Frau  twittert nun auch in englischer Sprache. Der Übersetzer könnte ihre muttersprachlichen Defizite kompensieren!,1,-1,-1,0,0,1
"Wie das Statistische Bundesamt erklärt, sei der bereinigte  „die Obergrenze für Verdienstdiskriminierung“. Ernsthaft? Es gibt eine Obergrenze für Diskriminierung? Ein Kommentar.
https://t.co/LjUApbKXML",1,-1,-1,0,0,0
"Wahlrechtsänderung:  Bundestag wird dank AfD endlich kleiner – Boehringer Klartext (193) 
AfD-Vorschlag kommt durch! 
- Peinlicher Unionsantrag zum Wahlrecht nach 16 Jahren Nichtstun
- Ab 2025 endlich 598 Mitglieder des Bundestags versus heute 736
https://t.co/uLtUEAo7qI  https://t.co/VFwU2UrOkR",1,-1,-1,1,0,0
"Frauenrechte sind Menschenrechte und Menschenrechte sind unteilbar! Use your Voice to be their Voice.      @chrstaeblein 
@ChristinaBammel",1,-1,-1,0,0,0
Nigeria Flutkatastrophe-Hilfe https://t.co/0u1w4RA6xX,1,-1,-1,0,0,0
"oh nein, der Glaube an die säkular-Religion des postchristlichen Westens ist jetzt schimmelig geworden, droht gar verloren zu gehen, das ist ja schrecklich!",1,-1,-1,0,0,1
"Welche Zukunft? 
Ist die Zukunft zu Lasten der arbeitenden Steuerzahler weiter Panzer liefern, eine Rüstungswirtschaft, weiter Kriege anzetteln und unterstützen - ist das die deutsche Zukunft? Wo sind die Visionen von euch korrupten Politikern? @Bundeskanzler @spdde",1,-1,-1,1,1,1
"1/2:Wie ich es schon geschrieben habe, macht sich zum Olaf - Opfer - Schaf. https://t.co/G1d5Vnm7fZ  Lassen Nato-Verbündete Scholz bei Panzern im Stich? Bundeskanzler Olaf Scholz scheint derzeit der einzige zu sein, der tatsächlich Leopard-2-Panzer liefert. Bei westlichen..",1,-1,-1,0,0,0
"Ferner ist das natürlich Neusprech.

Tatsächlich müsste es heißen:

Jede Frau soll selbst, ohne sozialpsychologische Beratung und viel länger als bisher entscheiden, ob ihr Kind getötet werden soll.

Abtreibung tötet nämlich ein menschliches Lebewesen.",1,-1,-1,1,1,1
So einfach ist es nicht Herr Bundespräsident denn die SPD hat die Nazis an der Macht verholfen. Punkt!!! Wie immer. https://t.co/DPQEx5sqon,1,-1,-1,1,1,1
Wir waren letztes Jahr sehr sparsam mit dem Heizen und haben erst im Dezember überhaupt ein wenig geheizt. Haben wir uns da für den Gaspreisdeckel (80% des bisherigen Verbrauchs) ins eigene Fleisch geschnitten?,1,-1,-1,0,0,0
Es gehören noch viel mehr Kreuze abgehangen,1,-1,-1,0,1,1
"Alle anderen Parteien, auch CSU und FW, müssen ihre Befehle aus  empfangen und machen dadurch Bayern zur ""Provinz"".

Noch haben unsere Bürger die Wahl:
Sie entscheiden ob Bayern unsere Heimat bleibt, oder zu Berlin-Süd verkommt.

Wir müssen ! https://t.co/oJ2DdA1GoU",1,-1,-1,1,0,1
"Die Fassade des ""Polit-Star"" Baerbock bröckelt.
Seit ihrer ""Kriegserklärung"" an Russland ist es stiller geworden um Baerbock. Sie selbst und ihre Fans, die Medien schweigen sich aus.  Aber auch sie wird sich vor einem Tribunal für ihre Ukrainepolitik verantworten müssen. https://t.co/pxTez2zDQM",1,-1,-1,1,0,1
Blues-Konzert des Culturkreises Gelderland: Doppelpack im Gasoline Blues Club https://t.co/78Pc9LXWlE,1,-1,-1,0,0,0
"Entgegen allen anderslautenden  hat  in diesem Krieg  nie gedroht - das bestätigt nun auch Bundeskanzler Olaf .    

https://t.co/Nx9sBp4mgl",1,-1,-1,1,0,0
Noch bevor sie überhaupt arbeiten: Gender-Pay-Gap bremst Frauen aus https://t.co/uOQIk5iu6S,1,-1,-1,1,0,0
"“…deshalb machen wir immer weiter, statt zu streiken, wie die Frauen im Oktober 1975 in Island. […] Heute ist in Island der Gender Pay Gap am niedrigsten auf der ganzen Welt.”
⁦@Mareicares⁩ schreibt übers Muttersein, Arbeiten und zitiert mich. https://t.co/7wqWhMd3Jk",1,-1,-1,0,0,0
Nach Flutkatastrophe: Rahmedebach weitestgehend fertig überbaut https://t.co/LbGacYzO8q,1,-1,-1,0,0,0
"Unsere heutige : 50 Prozent der Deutschen halten die Gründung des „|s“ unter -Staaten, mit dem Ziel, den -Ausstoß in der  zu reduzieren und  umzubauen, für sinnvoll zur Bekämpfung des |s: https://t.co/RZX7YF51JB https://t.co/YTXwhjFnGO",1,-1,-1,1,0,0
Meine Rezension über Hotel Rodderhof in Ahrweiler wo ich letztes WE übernachtete (und das erst seit einige Wochen wieder geöffnet wurde nach der verheerende Flutkatastrophe 2021) https://t.co/SSLxAiDkfZ,1,-1,-1,0,0,0
"CSU verantwortlich für höhere !

Langsam kommt die Wahrheit ans Tageslicht.
Die neue  (ImmoWertV) ist eine Idee aus der Führungsriege der @CSU:
Innenminister Horst Seehofer!

Heute ist die CSU scheinheilig gegen eigene Politik. https://t.co/P5HPFJ0FVt",1,-1,-1,1,0,0
Pakistan erhält nach Flutkatastrophe 8 Milliarden Euro internationale Hilfe:  https://t.co/85YgeTXpes,1,-1,-1,0,0,0
"IHRA

IHRA2019





https://t.co/jtV6egLU7L",1,-1,-1,0,0,0
"Wie wird eine  denn durchgesetzt werden?
Bußgeld? Erzwingungshaft? Arbeitsverbot und Streichung des Arbeitslosengeldes bzw. der Rente?
Entzug des Führerscheins?
Freiheitsstrafe? Entzug des Sorgerechts?
Durchsetzung unmittelbarer Gewalt, Zwangsimpfungen?",1,-1,-1,1,0,1
let's talk abt taekook gasoline part https://t.co/kYOuNChP3w,1,-1,-1,0,0,0
2003-2009 TOYOTA 4RUNNER 4.0L GASOLINE FUEL FILLER TANK RESERVOIR BOTTLE OEM https://t.co/ozjyphyZYp eBay https://t.co/2q6WRWjhxJ,1,-1,-1,0,0,0
Man darf so ein wichtiges Ministerium wie Bildung halt auch nicht der FDP überlassen https://t.co/YS40uOn5ik,1,-1,-1,0,0,0
Nach der  nun die  | Preisgrenze für russisches  beschlossen: https://t.co/TMGmCLJWsC,1,-1,-1,1,0,0
"[21:44] Dave Grusin - Gasoline Alley

[radiko]
https://t.co/WVHPFXRlzt",1,-1,-1,0,0,0
"Carburetor, Downdraft, Gasoline Carb Model 33 ZFS-0-14141 https://t.co/8czqyTZFTS eBay",1,-1,-1,0,0,0
Das -Treffen der  in  ist gestern zu Ende gegangen. Was da so alles passiert ist (via @RUMS_Muenster) https://t.co/NSOYz50Ta5,1,-1,-1,0,0,0
"Der Mann is Mitglied von IRGC  hilft aber der Dorfbewohnern in  Flutkatastrophe.

 https://t.co/ewCNYO1dww",1,-1,-1,0,0,0
"Damit Kinder trotz der  das begehrte Frühschwimmer-Abzeichen ""Seepferdchen"" machen können und schwimmen lernen, wurde auf Initiative des Ehepaares Ulrike und Paul Nett aus Landershofen das Schwimmprojekt ""AHR-Kids"" ins Leben gerufen. https://t.co/9OX9OpHxhn",1,-1,-1,0,0,0
Angebliche Lohndiskriminierung: Der heutige Gender-Pay-Gap ist frei erfunden https://t.co/IHVEmdieCn,1,-1,-1,1,0,0
"Wie enttäuscht Liberale sein können, wenn sie merken, dass man nicht demselben - also liberalen - Freiheitsbegriff anhängt. Sonst treten sie immer für das Verschiedene und Plurale ein, nur wenn es um Freiheit geht, dann wollen sie eigentlich Gleichheit.",1,-1,-1,0,0,0
15 Fragen von der Opposition - CDU legt Malu Dreyer Fragenkatalog zur Flutkatastrophe vor - https://t.co/i2dL0LgJCH https://t.co/jhOY4Cgost,1,-1,-1,0,0,0
"Weltweit in den industriellen Metropolen werden 
die  als  und potenziale  eingestuft.
Ob im , 
durch öffentlichen  und durch den Gebrauch bisher zugelassener
 zB Kontaktbeschränkungen, Ausgangssperren, Arbeitsverbot https://t.co/eTgEnyriZI",1,-1,-1,0,0,0
"Die Morgendliche ""Presseschau"". 

Claudi hofft subtil, nicht übersehen worden zu sein? Wie soll man einen Berg übersehen? Des Weiteren hofft sie auf eine Karma Bestrafung. Schon passiert. Schau in den Spiegel.
Und 13-Fragen-keine-Antworten Olaf, sucht händeringend 'n Job!  https://t.co/yODgyCvmMm",1,-1,-1,0,0,0
"XtremepowerUS 7HP 4-Stroke Gas Engine OHV Industrial Grade Gasoline Engine Recoil Start Go Kart Log Splitter Lifan Type Engin L02RZ4L

https://t.co/oxnmFcyvGX https://t.co/Wr4HEGQfwV",1,-1,-1,0,0,0
Wir können jetzt natürlich gerne 18 Wochen lang dämliche Metadebatten über Integration führen oder wir schützen Einsatzkräfte und Bevölkerung mit der Abschiebung und Bestrafung der Täter. Wie schwer kann es sein eine so einfache Lösung für ein klares Problem zu finden?,1,-1,-1,1,1,1
"""Wenn wir nicht aufwachen und erkennen, wie absurd das motivierende Narrativ ist, wird dies wahrscheinlich nur der Anfang der Katastrophen sein, die auf die irrationale Verteufelung von CO₂ folgen werden.",1,-1,-1,1,0,0
Absolut wir brauchen ein Berlin das für alle Funktioniert! Blöd nur das dabei die @cduberlin @spdberlin @dielinkeberlin @gruene_berlin &amp; andere liberale sowie Faschisten keine Rolle spielen.  gib den kleinen eine Chance @PiratenBerlin @Volt_Berlin ezpp,1,-1,-1,0,1,1
"Nach etlichen hundert Seiten lesen ist klar, bei den Statistiken zum «Gender Pension Gap» ist es das gleiche wie beim «Gender Pay Gap»: Wenn man nicht alles misst, kommt zu wenig raus.",1,-1,-1,0,0,0
"Großartige Neuigkeiten für alle, denen Frauenrechte in Iran und der Kampf gegen Antisemitismus wichtig sind: Ilhan Omar wurde aus dem Auswärtigen Ausschuss des US-Repräsentantenhauses ausgeschlossen.",1,-1,-1,0,0,0
"Ich möchte auf die verheerende Flutkatastrophe in Pakistan aufmerksam machen. Bei der Geberkonferenz am 09.01.2023 wurden hohe Summen für den Wiederaufbau bewilligt, u. a. vom BMZ, der EU und von UNDP. Eine Fundgrube für Ihre Fördermittelakquise.
   https://t.co/IqkGNUTxlj",1,-1,-1,0,0,0
"Es wird Zeit  Ökofaschisten mit falschen Ansätzen zuverhindern
Jutta Ditfurth verhindern und den geordneten Rückzug aus der Natur wählen. Geburtenkontrolle und Aufforstung. https://t.co/8FL29IoUna",1,-1,-1,1,1,1
Wacker Neuson GP 5600A Backup Gasoline Generator https://t.co/BfjAThicxQ   https://t.co/7eMWXCbhYz,1,-1,-1,0,0,0
"Der Gender Care Gap liegt aktuell bei 52%, der Gender Pay Gap bei 18%. Warum  nur gelingen kann, wenn die Lücken geschlossen werden und wie dies gelingen kann, darum geht es u.a. morgen bei der internationalen Konferenz von @UNWomen_Germany, @FESonline und @ilo.",1,-1,-1,0,0,0
"Wer genau von den  soll sich nur weil man aus unterschiedlichen religiösen Hintergründen stamme, von einem historischen Kreuz aus 1540 angegriffen fühlen? Wohl eher mal wieder eine Kampfansage gegen unsere christliche Kultur seitens der Grünen.",1,-1,-1,1,1,1
"Gendern und Frauenrechte mit Füssen treten
Gendern und Vergewaltigungen
kleinreden
Gendern und Kindesmissbrauch fördern
 https://t.co/04iLM20tzJ",1,-1,-1,1,1,1
"Eine  Frauenministerin will eine jüdische Vorkämpferin für Frauenrechte, die von den Nazis ermordet worden ist, einfach wegstreichen. Das werden wir nicht zulassen!",1,-1,-1,1,0,0
"warum ist mein vater so peinlich pro auto und dann noch dieses fdp ""freiheit ist auto fahren"" und ""so ein breites auto fahren das man auf gehsteig parkt"" peinliche pro auto",1,-1,-1,0,0,1
"1/x: Hipster-Migrant hetzt und belegt den Bevölkerungsaustausch

 Schon wieder bekennt sich ein Aggro-Migrant stolz und offen den Bevölkerungsaustausch als Instrument zur Bestrafung, Umerziehung und Auslöschung der Deutschen (seine Worte nicht meine). https://t.co/OQmzJI97iF",1,-1,-1,1,1,1
Ausbremsen. Gutes Thema   vor  aber @fdp hat leider nur die Interessen der höheren Einkommensschichten und Unternehmer im Blick.,1,-1,-1,0,0,0
"– Vernehmung Mitarbeiter @ADD_rlp: Fehlende Vorbereitung, schlechtes Krisenmanagement &amp; Urlaub der Vizepräsidentin in heißer Phase. @Michael_Frisch: Verantwortung für Versagen liegt beim Präsidenten!  muss zurücktreten! https://t.co/YrYESptYkG",1,-1,-1,0,0,0
"Was wird aus der manipulierten Bundestagswahl 2021 im Stadtstaat Berlin? Der jetzige Bundestag und die jetzige Bundesregierung sind nicht demokratisch legitimiert.

Unser Wahrecht wurde verletzt.
Den Medien ist das egal.",1,-1,-1,1,0,0
Sandalen von Lofina in Gasoline Perla Akoya - dagmarfischer mode | Ausgefallene Designer Mode - Online kaufen | https://t.co/7DzqWBh9us https://t.co/eENmmTWB5L https://t.co/stWQTvfW2h https://t.co/s2Kuvtz7nF,1,-1,-1,0,0,0
Die Deppen und der Gaspreisdeckel https://t.co/t5CdaTqTta via @YouTube,1,-1,-1,0,1,1
Von Gasoline,1,-1,-1,0,0,0
"Laut CDU, Springerpresse und Querdullies bin ich schon 6-mal gestorben, habe 23 totale Blackouts meines Stromnetzes erlebt und in diesem Winter 67 Tage kalt gesessen, weil das Gas fehlte.

Was davon ist passiert? Nüscht. So wie es keine Arbeitslosenwelle beim Mindestlohn gab.",1,-1,-1,1,0,1
Ich habe ein @YouTube-Video von @myselfsufficien positiv bewertet: http://t.co/dOm2yCsN Gas Shortage After Hurricane Sandy,1,-1,-1,0,0,0
"Die AFD die einzige Demokratische Partei im Bundestag die sich für Deutsche Bürger einsetzt und deren Nöte kennt. Davon wollen die anderen nichts Wissen.16 % der Wähler werden verarscht, durch CDU,Ampel und Kommunisten.",1,-1,-1,1,1,1
"| Gesperrte Straßen, ein massives Polizeiaufgebot, geschlossene Geschäfte: Die Durchführung des -Treffens in  bedeutete eine extrem große Herausforderung - war es den ganzen Aufwand wert?  https://t.co/bzLV1htK5Q",1,-1,-1,0,0,0
"MOTOALL Valve Pump Petcock Gas Tank Fuel Switch for Chinese Gasoline Generator 5 5hp 6 5hp 7hp 8hp 9hp 11hp 13hp 14h 15hp 16h OLZK38D

https://t.co/kjAVizXkUC",1,-1,-1,0,0,0
„Bundesregierung und Bundestag: Rauf mit dem Mindestlohn - 12EURO+!” - Jetzt unterschreiben! https://t.co/mTH93WX78n via @ChangeGER,1,-1,-1,1,0,0
GROßE MEDIENHÄUSER BESORGT UND BESTÄTIGEN ANDREAS POPP´S GEWALTIGE PROGN... https://t.co/Sgq6vstU3c via @YouTube,1,-1,-1,1,0,0
Innenstaatssekretär Randolf Stich geht in Ruhestand – Nachfolgerin wird Juristin Simone Schneider aus der Staatskanzlei      https://t.co/COXdQMqrss via @Mainzund,1,-1,-1,0,0,0
"Mein Highlight im ""Devil in me""-Let's Play: @Turtlepop3 muss eine Kluft überwinden. ""Hmm... Ich muss irgendwie über diese Gap hier rüber, aber die ist leider so groß wie die Gender-Pay-Gap.""

(Der Witz war dann auch amüsanter als der Rest des Spiels )",1,-1,-1,0,0,0
Bei  wurde über die stockende  diskutiert. Einmal mehr zeigte sich: Die  hat keinen gemeinsamen Plan. „Welt“-Journalist @robinalexander_ versetzte das „Polittheater“ von  und  regelrecht in Rage. @Ul_Thi  https://t.co/q5CelKQwLf,1,-1,-1,0,0,0
"Vier Monate nach der  in , bei der über 2 Millionen Häuser zerstört wurden, sind tausende Familien noch immer obdachlos. Jetzt sind sie der  schutzlos ausgeliefert. Spendenoptionen &amp; Infos über unsere  vor Ort: https://t.co/WToRccskDT https://t.co/YOZNIpMOYU",1,-1,-1,0,0,0
"Und das nennt sich  - naja, die Nerven liegen blank, wenn man so ein -Scherge ist und in der Seele spürt, dass das falsch ist - eine Ideologie gegen die Würde des Menschen.",1,-1,-1,0,1,1
"Nein? Doch. OH!
  

Und so einer ""berät"" uns zur Pandemie. Die endet wenn es nach @c_drosten geht am besten niemals, denn die  Schuldfrage kommt wie immer zum Schluss...

Noch 5 Monate Lockdown, Mutti.",1,-1,-1,1,1,1
Macro Translations: Die Deppen und der Gaspreisdeckel - Michael Mross https://t.co/Sl5EKiFNBb,1,-1,-1,0,0,0
(normale und vernünftige voice) der russe kontrolliert 3/6 parteien im bundestag,1,-1,-1,1,0,0
BTBT GBGB AND GASOLINE,1,-1,-1,0,0,0
Das  der  und . Sollten die nicht an der  sein?  hätte sie nicht besser in Szene gesetzt.        https://t.co/uw47QAoW61,1,-1,-1,0,0,0
Empfang von Besuchergruppen im @Landtag_BW und das direkte Gespräch mit den Bürgerinnen und Bürgern sind wie in den vergangenen Sitzungstagen immer besonders wichtige Termine. Zuletzt besuchten uns u.a. Landwirte und Rübenfahrer aus dem Kraichgau.   @fdplandtagbw https://t.co/bROQXYzU6o,1,-1,-1,0,0,0
"ist over. 
Überblick von @RoisinMichaux über den wachsenden Widerstand gegen die Gesetzgebung 
U.a. Einblick über @MarcoBuschmann, dem Frauenrechte egal sind. 
@fdpbt @fdpltby @DjirSarai @initiative_lfs 

https://t.co/l6nb97EQx5",1,-1,-1,0,0,0
"Wo einst das Ende des Dreißigjährigen Krieges besiegelt wurde, beraten die Außenminister der , wie sie der  im Winter helfen können. Für Putins Vorgehen findet @ABaerbock deutliche Worte. @pkr77 berichtet.   https://t.co/OCg1sEdxeq",1,-1,-1,0,0,0
"-Treffen in : Bundesaußenministerin @ABaerbock und US-Außenminister @SecBlinken fühlten sich in ihren Hotels wohl - die Hotel-Direktoren berichten, wie sie ihre prominenten Gäste erlebt haben.  https://t.co/hWDeLem8J5",1,-1,-1,0,0,0
"@c_drosten will mit seinen Lockdownfantasien nur die Klärung der Schuldfrage verzögern.

Noch 5 Monate Lockdown, Mutti.",1,-1,-1,1,0,1
"schließen, Arbeitsbedingungen in Care Jobs verbessern, Minijobs abschaffen und endlich weg mit Ehegatt*innensplitting... Dazu noch bessere Betreuungsmöglichkeiten. Guter Plan. Dann läufts auch mit der  
https://t.co/I3W7wwoocD",1,-1,-1,0,0,0
"Link: https://t.co/XktydVD0fk 
Die schreckliche  setzte vor allem den Menschen im  schwer zu. Die enormen Schäden merkte man auch in der . Nur 14 der 50 größten Anbieter machten 2021 noch Gewinn mit der Sparte. https://t.co/TOS3TfXiES",1,-1,-1,1,0,0
"Die Einführung des Gaspreisdeckel zeigt, die Ampel hat Deutschland auf europäischer Ebene geschwächt. Die Doppelwumms-Alleingänge haben unserer Verhandlungsposition in Brüssel geschadet. 1/3",1,-1,-1,0,0,0
"Was ha en wir erwartet? Dass Verwaltungsbeamte plötzlich zu Entscheidern und Machern werden? Oder fachkundigen aber leider ""gemeinen"" Untertanen zuhören? Krisenstäbe = Experten statt Beamte/Politiker
Flutkatastrophe: Zeugen erlebten ADD-Stab als ungeschult https://t.co/Gwc0YkevXQ",1,-1,-1,0,0,0
"/// DEN WAHNSINN STOPPEN: RAUS AUF DIE STRASSEN!

Hunderte Demobanner, wettertauglich, fertig geöst:  https://t.co/s1ggviYMiA
       https://t.co/6YKohX5t13",1,-1,-1,1,0,1
Für alle Habecks dieser Welt.  https://t.co/LzioGi7kk8,1,-1,-1,0,0,0
"Stellvertretend für viele unzählige ehrenamtliche Helfer der  werden Marc Ulrich, Christoph Zintel &amp; Markus Wipperfürth auf Initiative der AfD-Fraktion vor dem  aussagen, so @Michael_Frisch_. Sie gehören zu den großen Helden der . https://t.co/jzFpRtpwrF",1,-1,-1,0,0,0
"Gute Nacht,liebe Twitterlinge,schlaft gut und träumt fein!
 @Lesenistbesser @ArtVandelay1971 @tinkabelle2702 @Luzini1 @KPaprotta @DKrappe @scheerenberger @Taraliest Schlaft erholsam, bitte passt gut auf Euch auf! 
FriedenMenschen und Frauenrechte  https://t.co/NyY6cu7pf5",1,-1,-1,0,0,0
"""Schweizer stimmen über höheres Rentenalter für Frauen ab"" – über was 'Schweizer' (gen. Maskulinum so passend wie verheerend) schon alles über ihre Frauen abgestimmt haben: Kein Wahlrecht, keine Berufsausbildung etc. Daher Rente mit 65 NUR, wenn Gender Pay Gap abgeschafft wird",1,-1,-1,0,1,1
fdp KKKKKKKKKKKĶKKKKKKKKKK,1,-1,-1,0,0,1
"Wladimir Putin
Olaf Scholz
Wladimir Selenzkji

Sie sind aufgerufen, Ihre Kindergarten Streitigkeiten beiseite zu legen und zu Helfen, wo höhere Gewalt am Werke war.
@Bundeskanzler 
@RusBotschaft",1,-1,-1,0,0,0
"Abwählen der !

Im besten Deutschland aller Zeiten sollte man seine Regierung nach so vielen grotesken Fehlern abwählen dürfen. Noch nie hat eine Regierung in so kurzer Zeit so viel Schaden angerichtet wie ,  und 

  https://t.co/ZQyOIuYz9v",1,-1,-1,1,0,0
"WHO Chef zu dynamischer Entwicklung der Corona-Todesfälle:

""Do not underestimate this virus. It has, and will continue, to surprise us, and it will continue to kill unless we do more.""

Liberale Freiheitsschwurbler: Ende der  ist großartig!
https://t.co/HwhESg2P5Z",1,-1,-1,1,1,1
"Ihr seid in Gedanken bei  und schaut, wie ihr ein paar schnelle Likes abgreifen könnt. Der  war euch jahrzehntelang völlig egal, die unterdrückten Frauenrechte dort auch - das Kopftuch ist für euch immer noch ein Zeichen von Feminismus und Selbstbestimmung...",1,-1,-1,0,1,1
"Unglaublich!!! Der @Bundeskanzler verarscht uns ohne Rot zu werden. Puuuh
https://t.co/st9LSiQK2D",1,-1,-1,0,0,1
"Der Koordinierungsmechanismus, dient in erster Linie nur der , die den Krieg in der  für sich zu nutze macht. Der Philanthrop , weiss nicht in welcher Richtung er zuerst laufen soll!Hingegen der USA, die das Frühstück für die Industrie  vorbereitet!",1,-1,-1,1,0,1
wegen menschen wie dir sollte verspätete abtreibung erlaubt werden,1,-1,-1,1,1,1
"Tolles Session auf der  zur Entgeltgleichheit. Digitalisierung bietet die Möglichkeit den  zu reduzieren. @Alexscheele21 @elisarabe betonen, das ist kein Selbstläufer. Wir brauchen aktive Betriebsräte und eine Reform des EntgTranspG. https://t.co/nEKHzrGt3O",1,-1,-1,0,0,0
"Stellt Euch vor, es ist  
und keiner wählt die grünen Doppelmoralisten, Bevormunder, Klimahysteriker, Auto- und Fleischverbieter, Kinderindoktrinierer, Heuchler, Selbstbediener. Berlinwahl  Berlin  baerbock habeck scholz merz .",1,-1,-1,1,1,1
Das G7-Treffen in  ist auch Thema bei RTL Aktuell @rtl_aktuell. G7-Treffen in . @ABaerbock @G7 @SecBlinken     https://t.co/D4g6dpBruX,1,-1,-1,0,0,0
"Neue Studie der @ilo kommt zu dem Ergebnis, dass Frauen im Gesundheits- und Pflegesektor 24% weniger als Männer verdienen. Die bisher umfassendste globale Analyse belegt, dass in diesem Sektor eine größere  besteht als etwa in der Wirtschaft.

https://t.co/ofJWHZ6mwJ",1,-1,-1,0,0,0
"Liberale Degeneration ole, dieses Deutschland kommt nie wieder hoch.",1,-1,-1,1,1,1
Claudia  verdient fast das dreifache pro Woche im  im Vergleich zum Topverdienst ihres Mannes Stefan beim FC … -Respekt!,1,-1,-1,0,0,0
"34% Off!

Sportsman Gasoline 4000W Portable Generator 

https://t.co/MFv2eN26xo

   https://t.co/mn7lNZz1SW",1,-1,-1,0,0,0
"Erstaunlich, wieviele Nein/Non bezüglich der Genderpaygap-Ausgleichs Abstimmung anscheinend wegen Bersets Ehrgeiz als ""erster AHV Reformierende*r Bundesrät*in seit Dreifuss"" in die Geschichte einzugehen verloren gingen.

Wieviel leer/nicht Teilnahme wohl wegen des F35 waren?",1,-1,-1,0,0,0
Nach Flutkatastrophe: Rahmedebach weitestgehend fertig überbaut https://t.co/yDeGmAKO8S,1,-1,-1,0,0,0
"KeyBum Potter

  
 
 https://t.co/reque7M09P",1,-1,-1,0,0,0
"Sie gilt als """" und ist eine der prägendsten Frauen im Rockbusiness. Wie keine Zweite engagiert sie sich auch politisch, positioniert sich immer klar gegen Krieg und setzt sich für Frauenrechte ein.
Herzlichen Glückwunsch zum Geburtstag, !  https://t.co/97w9e5vawI",1,-1,-1,0,0,0
"Dass ist doch schon wieder einer mehr den man nicht wählen kann. Wer für Adenauer steht steht für genau die liberale, transatlantische Scheiße die uns hierhergebracht hat. Im Individualismus ohne Nationalstolz spalten und dem Ami folgen dafür stand Adenauer",1,-1,-1,1,1,1
"Pflicht-Isolation im Gesundheitswesen wird sich wohl nur auf Arbeitsverbot beziehen. 

Coronaferien: Keine Arbeitsunfähigkeit und ca. 8-9 Tage auf einen negativen Test warten.

Wer die traditionell hohen Krankenstände im Gesundheitswesen kennt, weiss was als nächstes passiert.",1,-1,-1,0,0,0
Und DAS soll ein Bundespräsident sein? Ein SPALTER der denkt Menschen erziehen zu müssen und die Weisheit mit Löffeln gefressen zu haben - EKELHAFT !!!!  muss weg! https://t.co/QwP6YddqlQ,1,-1,-1,1,1,1
"Ein US-Forschungsprojekt mit KI hat ergeben:
Mit 70% Wahrscheinlichkeit überschreiten wir bis 2060 das 2-Grad-Ziel, wenn wir so weiter machen.

Das wäre eine wahr-gewordene Dystopie! 

Und:
Warum wählt ihr so die FDP und CDU?",1,-1,-1,1,0,0
"14:45 CET TODAY: HRVP @JosepBorrellF in Münster, Germany for the  Foreign Ministers meeting.

Join: https://t.co/PGbtaeNvnX https://t.co/4LeTsTWYZs",1,-1,-1,0,0,0
"Nicht verifiziertes Video. 
 Durch das Erdbeben ,soll eine Gaspipeline beschädigt wurden sein.  Erdbeben ist eine Waffe. Es gibt Patente und Techniken dafür. https://t.co/gNDwKiiG33",1,-1,-1,1,0,0
",  in Europa,  wie im Ahrtal und in Pakistan, eine Viertelmillion verhungerte  am Horn von Afrika. 
Und Politiker*innen fast aller Parteien rücken die @AufstandLastGen in die Nähe von Terrorismus... What? 
https://t.co/S9ufenStm1",1,-1,-1,1,0,0
"Mit dem ab heute gültigen  (60$/barrel) und  auf Russisches  haben die  Stellung bezogen. Trotz abzuwartender Bewertung durch Marktteilnehmer empfehlen wir jetzt eine Heizölbestellung, wenn der Vorrat langsam zur Neige geht.",1,-1,-1,0,0,0
"´s ""Verdienste"":       +  ...alles kaputt! was dagegen von Merkel verbessert wurde:    Verteilung $$$ von Unten nach Oben     https://t.co/msEFRuJSWD",1,-1,-1,1,0,1
"Beratung zu EU-Gaspreisdeckel: Deutschland könnte überstimmt werden
https://t.co/qezg3tC4uA Die Verhandlungen darüber, ob das am besten mit oder ohne Deckel gelingt, ähneln jedoch der Quadratur des Kreises.   https://t.co/PI4MTd1cZT",1,-1,-1,0,0,0
"Wir brauchen in der  für 2035 keine weitere  für Neufahrzeuge, sondern ein Zulassungsverbot für Neufahrzeuge mit Verbrennungsmotor. 
schon vergessen @fdp?
https://t.co/IhqCsQVKSv",1,-1,-1,0,0,0
"Also die Menschen, die bei der Flutkatastrophe 2021 Heimat, Haus und Leben verloren haben, haben sich echt angestellt. Die hätten sich laut  doch einfach nur anpassen müssen. Wäre so einfach gewesen.",1,-1,-1,1,1,1
"Mit der  kann man nicht diskutieren, Total verbohrt.",1,-1,-1,0,1,1
"Emissionen entstehen wenn Autos im Stau stehen.   ich sage: nicht durch  entstehen , sondern durch Menschen.",1,-1,-1,0,0,0
"Jeder Mensch hat das Recht auf LEBEN!

Grüne wollen die Tötung von Kindern BIS ZUR GEBURT legalisieren!",1,-1,-1,1,1,1
"Pfui Teufel Kinderficker von den Grünen, zusammen mit dem Baerbock natürlich, Pfui Teufel, öffentlicher Kinderfick TV im Ersten, wie bei Hitler, schwule Ykinferfickerrunfe.",1,-1,-1,1,1,1
"1 Jahr, 109 Tage nach der Flutkatastrophe am 14./15. Juli 2021 im Ahrtal... https://t.co/FV95bXV003 via @YouTube",1,-1,-1,0,0,0
lieber @OlafScholz @Bundeskanzler Ich hoffe Sie können sich dann an alles erinnern! (Wann ist die @spdde so korrupt geworden?),1,-1,-1,1,1,1
"Feuer &amp; Flammen für Symbole des repressiven Systems!

Die Revolte für Frauenrechte, Freiheit &amp; gegen das Mullah-Regime ist nicht vorüber.

Seid solidarisch mit den Kämpfen der iranischen Bevölkerung!",1,-1,-1,0,0,0
"Christian  von der  glaubt tatsächlich, weil das 49€-Ticket nur digital erhältlich ist, wäre das nun der Durchbruch bei der .

Das kann er ja mal gerne dem Rentner in der Bahn mit dem Nokia 6210 erklären.",1,-1,-1,1,0,1
"Excellent material 6.5kw 8kva gasoline engine generator
Portable cheap 6.5hp open type gasoline generator set
High quality 3.5kva 5.5hp small gasoline generator
 generator

 generator
Chat/Whatsapp: 0086-13706967519( 24 hours online ) https://t.co/fK60WeiR89",1,-1,-1,0,0,0
Nach einem Monat unberechtigter Sperre wegen Verleumdungen durch linke Melde-Mongos bin ich jetzt dank der von Elon Musk hier eingeführten Gerechtigkeit wieder entsperrt. Es lebe die Meinungsfreiheit,1,-1,-1,1,1,1
In den Anhalter Bahnhof zu „Gimme Gasoline“ einfahren ist… anders. Guten Morgen.,1,-1,-1,0,0,0
Effenberg soll sich ein Beispiel neben an Pietro Lombardi. Wenn Menschen in Gefahr sind lässt er die Wohnen  wie Pocher und Amira.Wo die Flutkatastrophe war2021. Hoffe das Effenberg raus fliegt heute.,1,-1,-1,0,0,1
"ist Ausdruck politischer Hilflosigkeit.
 von 500 € ist genau wie die Erhöhung des Kindergeldes um 18 € ein schlechter Witz.
Der  fehlt der Mut, die Ursachen der explodierenden  zu bekämpfen. 
Die Regierung versagt. https://t.co/RdB6rQpfel",1,-1,-1,0,0,0
Ist das ein bereinigter oder nicht bereinigter ? Also werden Vollzeit - mit Teilzeitäquivalenten (Äpfel mit Bananen ) oder nur vergleichbare Positionen u Qualifikationen miteinander verglichen????,1,-1,-1,0,0,0
"Die EU-Staaten haben sich gestern Abend auf einen  geeinigt. Aufgrund der Unvorhersehbarkeit der Entwicklung an den Märkten ein riskantes Manöver. 
 Hier geht's zur : https://t.co/Y5uKOfsFV6 https://t.co/jmnHT9l2WU",1,-1,-1,0,0,0
Passenger Axle Shaft Gasoline 2.0L VIN 2 8th Digit Fits 12-18 FOCUS 219022 https://t.co/3G33LeciXJ eBay https://t.co/2T2kazyCc1,1,-1,-1,0,0,0
"Verdammt, das ist  ja völlig was neues",1,-1,-1,0,0,1
"Die Situation im  darf nicht aus dem Blickfeld geraten.. es ist ein repressiver Staat, der seine Bevölkerung mit Härte unterdrückt!

Seit über 3 Monaten kämpfen Menschen Tag &amp; Nacht für Frauenrechte &amp; ihre Freiheit und werden es weiterhin tun!

Vergesst sie nicht!",1,-1,-1,0,0,0
"Das hat nichts mit Frauenfreundlichkeit zu tun. Diese wären nur leichter unter Druck zu setzen. ""Los, treib ab, das ist NORMAL."" ""Hey, wozu Kondom? Wenn was passiert, lässt dus halt wegmachen."" Doch das Leid einer Abtreibung ist enorm...",1,-1,-1,0,1,1
"Würden wir FDP und Union komplett einsparen, wären alle Klimaziele unmittelbar erreicht.",1,-1,-1,1,0,0
"wer ist der fett verdienende Profiteur eines  für  aus ?
vor allem &amp;auch andere Erdölförderländer.
  greifen in Preispolitik des Weltmarktes ein.
warum tun die das nicht bei Bekämpfung von Hunger &amp; Not in der Welt?

https://t.co/wFvAoXngGs",1,-1,-1,0,0,1
Was wäre denn eigentlich die Folge des Erreichens der ? Dass die Menschheit dann von 10 auf bspw. 12 Mrd. anwüchse? Die Erde ist jetzt schon uberbevölkert. Mit dem Ganzen muss auch über Geburtenkontrolle diskutiert werden!,1,-1,-1,0,0,0
"Das liberale Feuer brennt!





Jetzt Liste 3 wählen.
Wir sind im Wahlkampfendspurt! Jede Stimme zählt.

FDP.Die Liberalen Bezirk Bülach

Sandro Gerber - FDP.Die Liberalen - Kantonsratskandidat ZH 2023 (Platz 6) https://t.co/zu3IzknyNt",1,-1,-1,0,0,0
"Statt Verkehrsträger gegeneinander auszuspielen, wollen wir eine vielfältige  stärken. Nur mit einer modernen  und  sorgen wir für sichere, saubere und bezahlbare Mobilität in Deutschland, so FDP-Generalsekretär Bijan @DjirSarai.",1,-1,-1,0,0,0
-  / GLE SUV (V167) - GLE 350 (255 Hp) 9G-TRONIC (Petrol (gasoline)) 2019/2023 https://t.co/qBC5MA9Qa5 -  GLE SUV (V167) - GLE 350 (255 Hp) 9G-TRONIC (Petrol (gasoline)) 2019/2023 \ GLE SUV (V167) \ GLE \ Mercedes-Benz - Fuel type: (Petrol (gasoline)) - Fu… https://t.co/3hRMokbQRe,1,-1,-1,0,0,0
"Hier die Themen der aktuellen Novemberausgabe unseres Webmagazins : Notizen aus der Redaktion, AM Hayashi beim -Außenministertreffen in ,  in  sowie das  des Monats.
 https://t.co/6Mp1Enba3S https://t.co/Wokycgo4Yf",1,-1,-1,0,0,0
"Genialer Schachzug !
Unser ""nicht mein Bundespräsident Steinmeier"" erfindet den Zivildienst neu. Nachdem ungeimpfte Pfleger mit einem Arbeitsverbot auf's Arbeitsamt geschickt wurden, gibt es, man glaubt es kaum einen Mangel an Pflegekräften.
Warum genau wurde der ZD abgeschafft ?",1,-1,-1,1,0,0
"Die Wahrheit steht hinter der Bezahlschranke. Aber sie existiert. 
    

https://t.co/16q9nUg7wk",1,-1,-1,0,0,0
"Autos stapeln sich nach einer Sturzflut in Saudi-Arabien .
 https://t.co/YBaZoMjlhh",1,-1,-1,0,0,0
"Sie ist jedenfalls endgültig raus, oder? 
 
 https://t.co/ssUXrEWxwB",1,-1,-1,0,0,0
"Die österreichische Zeitung schrieb über : In der Musik dieses Rappers geht es nicht um Drogen, sondern um grundlegende Menschenrechte, Frauenrechte und Meinungsfreiheit, aber er wurde verhaftet und gefoltert, sodass er eine Woche lang nicht sprechen konnte Essen https://t.co/7ZnU5TkfX0",1,-1,-1,0,0,0
"Wenn Politiker bestellen 
 @KlosterEberbach https://t.co/qNnNljUIUG",1,-1,-1,0,0,0
"Ich möchte bitte ein Gesetz, welches verbietet, dass Menschen ohne Uterus, öffentlich über Uterus Things wie Abtreibung und Menstruation schwadronieren dürfen.
Es fucked mich so dermaßen ab.",1,-1,-1,1,1,1
"Was für en !!!!
Fußballer  Amir Nasr-Azadani wegen »Kampagne für Frauenrechte« zum Tode verurteilt 

cc: @karlnehammer @k_edtstadler @a_schallenberg @MagratheanTimes @magnusbrunner 

 https://t.co/a5JoECGISl",1,-1,-1,0,0,0
Also wieder das Ammenmärchen vom  wiederholt? Politiker sollten Fakten zur Kenntnis nehmen,1,-1,-1,1,0,0
Ich freue mich schon auf das Arbeitsverbot für ungeimpfte,1,-1,-1,0,1,1
"Tagesrückblick (Montag, 30.01.2023) mit der Preisentwicklung ""meiner"" Tankstellen für Super E5 in .
     https://t.co/DWu3s8A70S",1,-1,-1,0,0,0
.@bundeskanzler  hat mit seinem  eine große Mitverantwortung für den  und für die  in der . Sein Zögern rückt Ihn und  in die Nähe der Beihilfe. Das ist widerwärtig.,1,-1,-1,1,0,1
"Neue Episode von Die Wochendämmerung: Gaspreisdeckel, Land des Jahres, Resturlaub, Immunsystem, Russland und ein Königreich https://t.co/ajn5bROsd7",1,-1,-1,0,0,0
"Sehr auffällig das da kaum  zu sehen ist,bei jeder maßnahmen  der  waren so viele  bis zur bühne,als  da,und verboten sogar das  hochzuhalten, man kann es nicht ,wer da Mal dabei war.unfaßbar@Bundeskanzler",1,-1,-1,1,0,1
"Bundestag: Die  hat einen Antrag für Waffenlieferungen, weil die  und die  Botschaft es fordern? 
Okay, eigentlich ist doch DE ein eigenes souveränes Land oder nicht?",1,-1,-1,1,0,0
Sexismus in der Werbebranche? Gemeinsam mit dem @adgirlsclub die Werbebranche verändern. Klares  vor Augen: Gender-Pay-Gap Adieu!  sollte selbstverständlich sein. Ist es bei uns. Wir bezahlen die Arbeit. Nicht das Geschlecht.  braucht ein Ende! https://t.co/uuXuFrKsOZ,1,-1,-1,0,0,0
"ERRINERUNG:

Jede -Regierung schickt ohne Zustimmung der Menschen im Land Unsummen an ukrainische Nazis.

Auch nicht gewählte EU-Bürokraten tun dasselbe, während dieser Kontinent nach und nach in eine schwere Rezession versinkt.",1,-1,-1,1,1,1
"ist auch Gewalt gegen (ungeborene) Mädchen!  Kindstötung ist KEIN ""Frauenrecht""!",1,-1,-1,1,1,1
2015 Ford F-350 F350 XLT Flat Bed 4x4 6.2L Triton V8 Gasoline Liftgate https://t.co/oWtQ3SfDjs eBay https://t.co/e3q2Vj3Ls9,1,-1,-1,0,0,0
Was wird auf diese Weise eher enden - die FDP oder die Zukunft?,1,-1,-1,0,0,0
"Viele Menschen sind nach der  in Deutschland nicht in der Lage, die Stromkosten zu bezahlen etwa für den Betrieb von Bautrocknern oder mobilen Heizgeräten. Die Diakonie Katastrophenhilfe unterstützt Betroffene mit Geld aus einem Härtefall-Fonds. https://t.co/bn7TdpHAbV",1,-1,-1,0,0,0
"Glaube es wird Zeit für einen Thread über all die männlichen  im . 

Schickt mir gern Beispiele! 

 |  statt legal fiction wie beim geplanten  | @SaveWomensSport",1,-1,-1,1,0,0
"Das  Sendungsmotto "" oder , Tempo oder Limit"" hätte man auch erweitern können:

Grün oder FDP/CDU
Rad oder Auto
Frau oder Mann",1,-1,-1,0,0,0
"Immer das gleiche Lied: Seit Jahrzehnten stemmt sich  mit den gleichen Argumenten gegen schärfere Abgasnormen in . Herr  von der @fdp u. Chef des @bmdv tut es sogar mit eher schwachsinnigen Argumenten:
https://t.co/uCOdxaT0Pe",1,-1,-1,0,0,1
"„In Iceland we treat gender equality as a human rights issue and it is one of the corner stones of our foreign policy.“ @KAArnadottir, isländische Botschafterin für Gender Equality - (was für ein toller Posten!)    @mfaiceland https://t.co/3EITguQfsG",1,-1,-1,0,0,0
"Diese Zahlen zum  sagen so viel über unsere Gesellschaft:
""In Branchen, in denen überwiegend  arbeiten, zB  und Sozialarbeit, fallen Gehälter niedriger aus.
1/2
https://t.co/wDZuCUiBjW",1,-1,-1,0,0,0
"Die Covid Impfungen sind gefährlich.

The covid vaccines are dangerous.

https://t.co/w35O5xDp9b",1,-1,-1,1,0,0
"Wie Carl Benjamin richtig feststellte, lassen die Antiweißen zunehmend die Wohlfühl-Rechtfertigungsnarrative für die Überfremdung Westeuropas fallen und geben immer öfter zu, daß es um Rache und Bestrafung geht.

Vielfalt/Buntheit als gerechte Bestrafung.",1,-1,-1,1,1,1
"EU RISKS 30 BCM GAS SHORTAGE IN 2023 STORAGE FILLING SEASON - VON DER LEYEN - REUTERS
$UNG",1,-1,-1,1,0,0
"Palästinensischen Kinder  die den Mord an 7 unschuldigen Israelis feiern, die heute Nacht ermordet wurden.
Bringt diese Kultur dem Kindern bei den Tod zu vergöttern?    https://t.co/RLsemGJpiN",1,-1,-1,1,1,1
"georeobwa wieom like a lion nunppichen geodaehan desire deo bueo gasoline on fire
bulgil soge dashi nara rising",1,-1,-1,0,0,0
"„Ich habe Bekannte, die sind immer noch traumatisiert und da wird es wesentlich länger dauern, bis die noch mal auf die Füße kommen. Es sind auch mehrere Leute im Nachhinein gestorben, die das einfach nicht ausgehalten haben.""",1,-1,-1,0,0,0
"Gas Engine Motor, 6 5 HP 4 Stroke Gasoline Engine for GX160 OHV Go Kart Air Cooled Pull Start Motor Gas Engine 160CC 3600 RPM D9A1UBW

https://t.co/FwoYEIThBQ https://t.co/1vnFCglhIe",1,-1,-1,0,0,0
"Ok, es werden 'Täter' gesucht.

Tatvorwurf:
Fürs Lebensrecht ungeborener Kinder Schühchen gestrickt und an ProAbortion SPÖler verschickt:
https://t.co/xBoQCerMfo

Mögliche Bestrafung:
Folgeaufträge (Bezahlung mgl. mau).

Bitte Hinweise per DM ('Täter' wollen wohl anonym bleiben).",1,-1,-1,1,1,1
"Herr Borrell 
Hier sehen Sie einpaar Bilder von Dr Farhad Meisamy, die zugleich Grausamkeit des iranischen Nazi - Killer und Besatzern’s Regime beim Foltern der Gefangenen zeigen. Brauchen Sie immer noch Gerichts Urteil, um zu verstehen dass  sind???
@JosepBorrellF https://t.co/b82RbVrGQb",1,-1,-1,1,1,1
"Neue Studie vom @destatis:  lag 2022 bei 18%. Ich verstehe nicht, wie wir in 2023 leben und es immer noch nicht gleiche Löhne für gleiche  gibt",1,-1,-1,0,0,0
"Eine Erinnerung daran, dass im  eine Revolution gegen ein Regime stattfindet, dass 'im Namen Gottes' die eigene Bevölkerung verschleppt, foltert, hinrichtet, erschießt..

Für Frauenrechte &amp; Freiheit – ""Frau Leben Freiheit""!",1,-1,-1,0,0,0
"MESSERANGREIFER IN BROKSTEDT: ""Entweder klare, schnelle Abschiebung oder klare, schnelle Bestrafung"" erst bestrafen und dann abschieben  https://t.co/vY7ZpU7sZq",1,-1,-1,1,1,1
"Die  hat Angriffskriege geführt. Und wie idiotisch nicht mein Kanzler @Bundeskanzler argumentiert, zeigt sich daran, dass man umgekehrt behauptet, Europa sei in Gefahr durch russ. Militär, auch wenn Russland das klar verneint.",1,-1,-1,1,0,1
"KAUM ZU FASSEN, DAS SIE EINE LIBERALE SEIN SOLL??? niemals… Die ist so Liberal wie ein Schwein beim Kotzen in einem Juwelierladen… so eine kriegsgeile Waffenlobbyistin @MAStrackZi gehört genauso nach Den Haag wie @ABaerbock   &amp; …  ALLE IN EINE ZELLE @ARD_BaB",1,-1,-1,1,1,1
Der österreichische Bundespräsident schliesst in einer angeblichen Demokratie schon vor den Wahlen eine Partei aus. Nazimethoden im Jahr 2023. Trauriges Österreich,1,-1,-1,1,1,1
"Also Union und FDP sind irgendwie vollkommen Faktenfrei unterwegs, könnte mich grade weglachen, wenn es nicht so traurig wäre. Unfassbar diese Leute",1,-1,-1,1,0,1
"271 Mio. für externe Beratung der !

Unfassbare 90 Prozent der Kosten entfallen auf das Innenministerium unter Faeser . Wann hört endlich dieser Wahnsinn auf?

  
https://t.co/6EKCPv0rid",1,-1,-1,1,0,1
"Ich bin sehr froh über das besonnene Handeln des @Bundeskanzler. 
Ich kann schon kaum noch schlafen, wenn ich an die liberale Moderne, die Grünen, CDU, Strack-Zimmermann denke und was die anrichten wollen.",1,-1,-1,0,0,0
"Pakistan erhält nach Flutkatastrophe Hilfe in Milliardenhöhe

Super. Hab selber ein bisschen gespendet. Wir sind mitverantwortlich  https://t.co/qi7wgmuEE8",1,-1,-1,0,0,0
RLP Landtag will Gutachten zum Management in der Flutkatastrophe,1,-1,-1,0,0,0
"Tagesrückblick (Sonntag, 05.02.2023) mit der Preisentwicklung ""meiner"" Tankstellen für Super E5 in .
     https://t.co/z7ganMYFYi",1,-1,-1,0,0,0
"Zur  2023 sehen Sie jetzt Wahlwerbung der Partei ""Freie Demokratische Partei - Freie Demokraten ()"". 

Für den Inhalt der Werbung sind die Parteien verantwortlich.",1,-1,-1,0,0,0
Das  in Deutschland ist genauso schlimm wie das Arbeitsverbot der Frauen in . Lasst die Frauen endlich in Ruhe tragen oder nicht-tragen was sie wollen!,1,-1,-1,0,1,1
"Detection of Messenger RNA COVID-19 Vaccines in Human Breast Milk
https://t.co/HPSo4MzZFU
Impfung  Nebenwirkungen",1,-1,-1,0,0,0
"-Gaspreisdeckel: Der große Wurf scheint nicht gelungen zu sein, denn von einem fixen Preis kann keine Rede sein, eher von einem Preiskorrekturmechanismus. So kompliziert wie dieses Wort klingt, sind auch die Bedingungen für den Gaspreisdeckel: https://t.co/90dUYMH0m6 https://t.co/mWEEhU2rDe",1,-1,-1,0,0,0
"Komisch, wenn man gegen die Ausbreitung von Krankheiten nichts unternimmt, dann verbreiten die sich einfach.",1,-1,-1,0,0,0
"29.10.22: Altenahr, Fahrt durch den Ort, Update Ahr Flutkatastrophe https://t.co/nvZCp7aaPU via @YouTube",1,-1,-1,0,0,0
"Wer jetzt noch nicht versteht, dass langsam alles bewiesen wird, was mal Verschwörungstheorie war, der ist nicht mehr zu retten. Dem Halbgott der  und  fliegt erneut die Wahrheit um die Ohren!!


 

https://t.co/8w9dqQfjte",1,-1,-1,1,0,1
derbrutkasten: Gender Pay Gap: Diese 10 Schritte können Startups dagegen setzen https://t.co/VdTrjNj29i,1,-1,-1,0,0,0
"An die Leute, die an die dutzende Geschlechter glauben: Was ist der Gender-Pay-Gap zwischen allen 109 Geschlechtern?",1,-1,-1,0,1,1
"Debt, Gas shortage beat down GVK Infra http://t.co/Woy64KijE1",1,-1,-1,1,0,0
"++EIL++EIL++EIL++
Nach Kriegserklärung gegen Russland   von den  Zwangseinweisung in die Klappsmühle rechtens. https://t.co/yhEahSWgup",1,-1,-1,1,0,1
"Drückt die Daumen das die Kasse morgen geliefert wird! Sonst wird das Donnerstag nichts…
Alles auf den letzten Drücker…
Ohne Heizung kein Ding, aber ohne Kasse gehts nicht",1,-1,-1,0,0,0
"Liberale haben sich durch Verbreitung von Fake-News der Blöd-""Zeitung"" schön zum Deppen gemacht.
Kann man natürlich machen, hilft nur nicht in Sachen Glaubwürdigkeit. Zur Klarstellung:  zieht nicht aus Mainz ab. Im Gegenteil.",1,-1,-1,1,0,1
"+++ Update: Fr., 15:45 Uhr +++ wird der Bereich rund um das  gesperrt. Die  wird ab der  gesperrt und auch der  wird rund um die Freifläche gesperrt.",1,-1,-1,0,0,0
"Die Taliban werden aufgefordert, Frauenrechte zu achten, lese ich. Kleiner Hinweis: Die Frauenrechte achten, das wollen die gar nicht, und das werden die auch nicht. Die denken nicht mal daran. Wie viele Männer weltweit, vielleicht auch hierzulande.",1,-1,-1,0,0,0
"Leitln! Euch ist schon klar, dass hier gerade was Grosses passiert: @WKOe Energiekosten runter &amp;
@SPOE_at Strom-/Gaspreisdeckel
Ziehen an 1 Strang für uns alle! 

Wer bremst am anderen Ende?
@volkspartei u @diegruenen 
 +
@neos_eu &amp; @FPOE_TV auf d Reservebank",1,-1,-1,0,0,0
Geburtenkontrolle versus faschistisch-völkischer Mutterkreuzideologie und versus das Ansehen der Frauen als reine Gebärmaschinen war mal linke Grundüberzeugung.,1,-1,-1,1,1,1
"Interessanterweise sagt - obwohl bei Alk Beweislage gegen Wirksamkeit von Totalverboten eindeutig ist -
NIEMAND, dass Staat absolut gar nichts zur Konsumreduktion tun kann.

Bei Abtreibung ProAbortion immer so:
Totalverbote funktionieren nicht =&gt; NICHTS funktioniert",1,-1,-1,1,0,0
"+++ G7-Außenministerkonferenz - Polizei erwartet viele Menschen in der Stadt - Appell an die Bürgerinnen und Bürger: Planen Sie für wichtige Termine Zeit ein +++
Mehr:
https://t.co/qTYjBsLQvz
   https://t.co/A5ackwnxez",1,-1,-1,0,0,0
"Der von der  und den  beschlossene Fixpreis bzw. ein Embargo für russisches Öl tritt demnächst in Kraft. Man kann darauf gespannt sein, wie der Weltmarkt reagieren wird. Öl exportierende Länder dürften wenig erfreut sein über diesen Schritt. https://t.co/UVIv5NSpnW",1,-1,-1,0,0,0
"Im Moment zwar noch Podcast-Pause, aber ich bin nicht untätig sondern mit zwei Hörbuch-Projekten fleißig im Studio: „Ludwig von Mises – Der kompromisslose Liberale“ von @ThorstenPolleit sowie eine noch geheime weitere Umsetzung. https://t.co/Rsw5Mt5Nlb",1,-1,-1,0,0,0
", große Teile der  und der  https://t.co/VPvmqbXQlD",1,-1,-1,0,0,0
Politiker fordern die Bestrafung Russlands und verheddern sich in eigener Desinformation. Den  Traum von einem Sieg über Russland bezahlen ukrainische Soldaten derzeit mit ihrem Leben. CDU-Politiker wie @RKiesewetter zeigen mangelndes ethisches und historisches Bewusstsein. https://t.co/WZujJRAtXZ,1,-1,-1,1,1,1
Esse Harden eh um fdp kkk,1,-1,-1,0,0,1
"Ich find's immer so lustig*, wenn bei Inklusions- und Gleichstellungspolitik nur von Frauenrechten gesprochen wird.

Klar, Frauenrechte sind extrem wichtig, aber wenn dann weiterhin queere und behinderte Menschen sowie BIPoC vor den Bus geworden werden, ist es keine Inklusion.",1,-1,-1,0,0,0
"""2% des Bruttoinlandsproduktes der G7 Länder für die soziale Infrastruktur"" - -Koordinatorin @Caroline_Aus zur Frage nach einer abschließenden Forderung von @Women7official an die .  https://t.co/lVUwo6glyw",1,-1,-1,0,0,0
"2020 Warntag failt
Deutsche: wer warnt uns wenn wirklich was passiert??

2021 Flutkatastrophe
Deutsche: wir wurden nicht gewarnt

2022 Warntag
Deutsche: mimimi hab mich erschrocken mimimi der Ton nervt mimimi",1,-1,-1,1,0,0
"""Im Oktober 2014 verhängte das Kabinett Obama ein Moratorium für Finanzierungen von Forschungsarbeiten, die ein Virus tödlicher oder ansteckender machen. Derartige Forschungen werden als gain-of-function experiments bezeichnet"" 
https://t.co/FglDArG12x",1,-1,-1,0,0,0
Da willst du mit dem Zug zu  und deutsch-amerikanischem  fahren und dann das  Ich nehm‘ dann mal den  ⁦@stadtwerke_ms⁩ … Wir reden über 6 Kilometer ! Stets meine größte Challenge… https://t.co/5mZKnVY7R6,1,-1,-1,0,0,0
"Runde ohne neue Erkenntnisse und somit Gewinn 
Liegt sicherlich auch an der Zusammensetzung der Teilnehmer. Dabei haben CDU Grüne fdp durchaus kompetentere Mitglieder - aber es dürfen wohl nur die erste Reihe teilnehmen.",1,-1,-1,0,0,0
Junge liberale in diesem tweet aber ich weiß nich ganz wo,1,-1,-1,0,0,0
"Pandemie-Deutschland: 
LockDown! Arbeitsverbot!
Finanzamt: Steuern!
Therapeuten: 
Termin 2025 hätte wir noch.

Krankenkasse: 
Sie atmen noch? 
Kein Geld für Sie! 

Arbeitsamt-Jobcenter: 

Zuständig? 
Unterlagen? 
Welche 
Unterlagen? 
Füllen Sie den Antrag für den Antrag A38 aus!",1,-1,-1,1,0,1
"Trotz der  vor 1,5 Jahren sind die Beschäftigungschancen im Landkreis  gut!
771 freie Arbeitsstellen
Sozialversicherungspflichtige Beschäftigung steigt zum Vorjahr um 0,5% auf 36.827 Personen
355 gemeldete Ausbildungsstellen ab Sommer https://t.co/Uplksjzhco",1,-1,-1,0,0,0
"Danke an die Organisation der UKI und an Gerhard Ruiss, IG Autor:innen-  Der Abend war groß: Frauenrechte, Gleichberechtigung und Menschlichkeit im Iran.foto von christopher glanzl ( 7. dez 2022, gartenbaukino) https://t.co/vIAmCxmW1M",1,-1,-1,0,0,0
"Hätte der  bereits im Herɓst Panzerlieferungen in die  zugestimmt, dann hätten die ukrainischen Zivilisten und Soldaten eine bessere Überlebenschance gehabt.
Wie kann der @Bundeskanzler mit dieser Mitschuld nur ruhig schlafen?!",1,-1,-1,1,0,1
"Wehrhafte liberale und weltoffene  Demokratie! So und nicht anders!
Herr  , ich wünsche Ihnen viel Erfolg im neuen Amt!",1,-1,-1,0,0,0
"Kein Kreuz im  bei : Historiker Thünemann warnt vor Verhärten der Diskussionsfronten. „Anliegen der Konflikt- und Krisenbewältigung an diesem Ort“ nicht konterkarieren. 
@religionpolitik @AuswaertigesAmt 
https://t.co/wlL3nveQJB",1,-1,-1,0,0,0
Deutscher Fussball und Gender Pay Gap: Eine Erfolgsgeschichte. https://t.co/hnmjSHadCJ,1,-1,-1,0,0,0
Gas Shortage? [x-post r/Waco],1,-1,-1,0,0,0
"Die  an der  ist ein Jahr her. Unser Fotograf hat kurz nach der  die Lage dokumentiert. Und ist ein Jahr später an die Orte zurückgekehrt. Was hat sich getan? 

https://t.co/7LsYcjE1uf",1,-1,-1,0,0,0
"Sehr geehrter Herr Bundeskanzler. 
Die Regierungsparteien haben Frau Merkel kritisiert. Die Opposition kritisiert die Regierung. Aber im Gegensatz hat Frau Merkel Entscheidungen getroffen. Viele Flüchtlinge nutzten unseren Sozialstaat aus, da sie auch gut im Hinterland leben kann",1,-1,-1,1,1,1
"Die Politik des zionistischen Regimes gegenüber palästinensischen Kriegsgefangenen hat zur Ausbreitung von Krankheiten unter Gefangenen geführt, insbesondere unter Kindern, und einige dieser Kinder wurden infolge dieser Krankheiten getötet.

 https://t.co/gUJksnSAoz",1,-1,-1,1,1,1
Diesel Vehicles/Diesel Versus Gasoline https://t.co/mjdOfMIjk1,1,-1,-1,0,0,0
sind ! Menschenrechte sind Unteilbar.,1,-1,-1,0,0,0
"Sieht so unsere demokratische Zukunft aus?

Man muss nicht immer der gleichen Meinung sein, Diskurs bedeutet . Konten sperren, einfrieren oder Kündigen kennt man aus .
 

  
https://t.co/XA3H64SMOm",1,-1,-1,0,0,0
"Die Personalausfälle in Krankenhäusern haben natürlich ausschließlich mit Corona zu tun und nicht mit der  und dem daraus resultierenden praktischen Arbeitsverbot für ungeimpfte Pflegekräfte.  

Was nützt da die Impfung?",1,-1,-1,1,1,1
"in .
Die @Gruene_Muenchen versuchen in orwellscher Manier ihre wirre  durchzusetzen:
https://t.co/a6AaQvwHMr",1,-1,-1,1,1,1
"- schon immer. 
https://t.co/cRHs5IcWsz",1,-1,-1,0,0,0
"Alexander zieht mit seinem Fahrtenbuch alles ins Lächerliche. Es ginge auch mit sparsameren und kleineren Dienstwagen. Wenn CDUCSU/FDP so weiter machen und alles blockieren, werden sich immer mehr Menschen auf der Straße festkleben.",1,-1,-1,0,0,0
"Die Regierung verteilt Unternehmensgewinne mit der Gießkanne, Haushalte bleiben hingegen auf den maßlos überhöhten Kosten sitzen  jetzt!https://t.co/o0qhY5LHZX",1,-1,-1,1,0,0
TAYLOR  -  Der Lauf der Zeit (Musikvideo) https://t.co/T0dAz8tXZE via @YouTube  @ABaerbock  ! Dafür ich stehe ich!,1,-1,-1,0,0,0
Antragsfrist für Wiederaufbauhilfen im Ahrtal wird um drei Jahre bis Ende Juni 2026 verlängert – „Zeitdruck kontraproduktiv“     https://t.co/977LkEOqfA via @Mainzund,1,-1,-1,0,0,0
"""Die «woken» Linken wollen eine diskriminierungsfreie Gesellschaft, die Islamisten sind gegen Frauenrechte, Juden und Homosexuelle. Das sind doch konträre Weltanschauungen.“
https://t.co/8pSEpRg0qx",1,-1,-1,1,1,1
"Die Klimadebatte geht jedem denkenden Mensch auf den Senkel!
Wirksamer Klimaschutz heißt:
Verzicht!...
-auf Wirtschaftswachstum 
-auf steigende Mobilität 
-auf weiteren Raubbau an d.Natur 
Desweiteren sind Geburtenkontrolle und Wiederaufforstung notwendig. 
Kein Lobbyismus!",1,-1,-1,0,0,0
"„Fazit der Sendung: Die Verkehrswende steckt nicht im Stau; die FDP erweckt den Eindruck, als wolle sie sie fahrlässig verzögern.“

https://t.co/Fp8ZNRj2ds",1,-1,-1,0,0,0
"Baerbock: Klimaneutrale Bestrafung.

Die kann keine Rede ordentlich verständlich zu Ende bringen.",1,-1,-1,0,0,1
"BRD/Demo... Die Zukunft gehört dem Islam. 
Dank auch den Multikulturalisten und Grünen (Helfershelfern).
""Deutschland ist nicht mehr Deutschland"", wie vor 20 Jahre.(lt.CSU-Politiker vor 2 J.)",1,-1,-1,1,1,1
Das wünsche ich mir zu Weihnachten und zum Neuen Jahr: Den Erhalt geschlechtsbasierter Frauenrechte und Frauenräume. Nein zur Erosion der Frauenrechte durch die Genderidentitätsideologie und ein internationales ! Dafür werde ich auch 2023 kämpfen. https://t.co/q03cDx04kr,1,-1,-1,0,0,0
"Fick dich. In so einem Drecksland darf nie wieder irgendwas stattfinden außer vielleicht Kamelrennen oder Shemag - Weitwurf.  Komplett geisteskrank, das auf irgendeine Art und Weise zu verteidigen! Ihr seid rückständig &amp; lernbedürftig!",1,-1,-1,1,1,1
"Sehr inkompetent diese Raab. Sobald die irgendetwas angreift kommt nur Blödsinn raus. Mediengesetz u -förderung, ORF Gesetz, Frauenrechte,
Integration usw",1,-1,-1,0,0,1
ALBUM ZIP: Key – Gasoline (Zip File) https://t.co/Klz7abt9Wm,1,-1,-1,0,0,0
"Heute vor 4 Monate wurde Jina Mahsa Amini wegen falschen Tragens ihres Kopftuch vom iranischen System gefoltert &amp; ermordet.

Seitdem findet trotz starker Repression eine Revolte für Frauenrechte &amp; Freiheit statt!

Frau – Leben – Freiheit!


 https://t.co/b7EqbufB8O",1,-1,-1,0,0,0
"+++ - - Sicherheitsbereiche werden ab Mittwochmittag eingerichtet
Die Einrichtung der Sicherheitsbereiche startet am 2.11. ab 12 Uhr. +++
Mehr Informationen: https://t.co/OOu5FN83WC
   https://t.co/Ro687nxlzP",1,-1,-1,0,0,0
"Super. Liebe @ManuelaSchwesig und Landesregierung MV, was in Berlin geht, sollte auch für MV ins Gespräch genommen werden. Immerhin besteht seit 14 Monaten Arbeitsverbot. Ebenso lange besteht die Unterstellung, 1:1-Kontakte wäre epidemiologisch besonders gefährlich.",1,-1,-1,0,0,0
"Nur raus aus .  Heute schon massive  wegen dem  Gipfel morgen. Juchuu, mein  fährt!",1,-1,-1,1,0,1
Zusammen mit den Jungen Liberalen Lichtenberg-Marzahn stand die @FDP_Lichtenberg heute am Ringcenter an der Frankfurter Allee und warb für die liberale Sache. Mit unser @FDPFraktionLbg  haben wir schon zahlreiche Erfolge erreicht. Das werden wir fortsetzen.   https://t.co/w98beTqL4d,1,-1,-1,0,0,0
"Wenn eine Küchenhilfe UNS ÜBER GESCHICHTE AUFKLÄRT:
Dresden und die Frauenkirche Wurden durch BOMBEN DER US amerikanischen BOMBERFLOTTE und englischen Bomben
ZERSTÖRT! Aber die Frau  Vicepräsidentin LÜGT auf IHRE Propaganda fortzusetzen!!!",1,-1,-1,1,1,1
"FLUTKATASTROPHE IM AHRTAL: Versagen von Malu Dreyer? ""Ich erwarte, dass Frau Dreyer sich entschuldigt und lückenlos aufklärt ...“
https://t.co/KbtyJ2CIeo",1,-1,-1,1,0,0
GRAMMY FDP,1,-1,-1,0,0,0
"Die Politik des zionistischen Regimes gegenüber palästinensischen Kriegsgefangenen hat zur Ausbreitung von Krankheiten unter Gefangenen geführt, insbesondere unter Kindern, und einige dieser Kinder wurden infolge dieser Krankheiten getötet.


 https://t.co/eFOetm3aTx",1,-1,-1,1,1,1
"Ein weiterer Stapel von JCVI-Protokollen wurde veröffentlicht + wie immer sind sie faszinierend.
Die Entscheidung, Schwangere zu impfen, wurde OHNE Sicherheitsdaten getroffen!
„Derzeit gab es keine belastbaren britischen Daten zu den Ergebnissen der COVID-19-Impfung in der Schwan",1,-1,-1,1,0,0
2013-2016 MERCEDES GL550 GL450 X166 4.7L V8 GASOLINE FUEL TANK RESERVOIR OEM https://t.co/MQV00yPLAa eBay,1,-1,-1,0,0,0
"""Proteste in Iran: Die unstillbare Wut auf die scheinheiligen Greise"" 
Mit brutaler Gewalt und Hinrichtungen geht das  in  gegen die Demonstrationen für Frauenrechte und Freiheit vor. Es wird ihm nichts helfen. Von 
https://t.co/sJbVZ27mGp  @derspiegel",1,-1,-1,1,0,1
"Nein, Sie Lügnerin,er hat nicht per se das AT Abtreibungsrecht infrage gestellt.

Sondern er hat Desinteresse des AT Staates an Gründen für Abtreibung bzgl. der Gründe infrage gestellt, die mgl. durch Sozialpolitik reduzierbar sein könnten.

ProAbortion kaum Argumente außer Lügen",1,-1,-1,1,1,1
"Ich, wenn irgendwelche Religions-Dullis mir mal wieder erklären, ich solle doch mal die Welt betrachten. 

Ob ich dann nicht auf auf die Idee komme, das muss ein Gott gemacht haben?",1,-1,-1,0,1,1
rkgk https://t.co/OgQByG84qq,1,-1,-1,0,0,0
"Das war es. Eine Impfempfehlung dürfte nicht mehr ausgesprochen werden!

Vaccine Narrative Collapses as Harvard Study Shows Jab More Dangerous than COVID

https://t.co/eluqktV2s6",1,-1,-1,1,0,0
"NITRIP Rocker Arm Set, Gasoline Generator Rocker Arm, Iron Durable Cylinder End Accessories for 188F/190F GX390/GX420 SVLPOYW

https://t.co/dYXL1PBAAm https://t.co/QoDoVcm0zl",1,-1,-1,0,0,0
Passenger Cylinder Head 3.0L Gasoline Fits 13-15 AUDI Q7 727355 https://t.co/SS3Yrt4KEZ eBay https://t.co/eoK9lbfK7c,1,-1,-1,0,0,0
"Der Real-Sozialismuss kann nur eines ganz gründlich: zersetzen, hetzen, stehlen, töten und lügen. Die neuen Realsozialisten finden Sie bei , , ,  und . Und die  hat keinen Plan.",1,-1,-1,1,1,1
"Wo wir schon dabei sind: kann die   einen Grund nennen, warum es kein Tempolimit geben soll. „Weil es im Koalitionsvertrag steht“ gilt übrigens nicht!",1,-1,-1,0,0,0
"Treffen der G7-Außenminister:innen: Protest gegen russisches Uran  

https://t.co/NGkovHVwq8",1,-1,-1,0,0,0
"HAISHINE Crank Case Crankshaft Oil Seal Gasket for Honda GX160 GX200 168F 5 5HP 6 5HP Gasoline Engine Motor Trimmer Generator THSNNLR

https://t.co/wzVSpZ4AtL https://t.co/nFlL4V7REd",1,-1,-1,0,0,0
"Sein Geisteszustand muss unbedingt überprüft werden! Dieser @Bundeskanzler gehört angeklagt und verurteilt, wegen mitschuldigkeit, an den Massenmorden, Folterungen, Vergewaltigungen und vieles mehr, gegen ukrainische Menschen!
@UN @POTUS    @NATO  @POTUS @dpa",1,-1,-1,1,1,1
"FDP will mit dem Bau eines Fusionsreaktors beginnen, als wäre das eine Technologie die in den nächsten 10 Jahren anwendbar ist. Die haben zu uviel vom Musk Saft genippt",1,-1,-1,1,0,1
UNFASSBARES VOR DER EINFÜHRUNG ! ANDREAS POPP SEHR BEUNRUHIGT : SEI VORB... https://t.co/jnUULLCToh via @YouTube,1,-1,-1,1,0,0
Wacker Neuson GP 5600A Backup Gasoline Generator https://t.co/MyBuLx0MSJ   https://t.co/ITXRoBgmi8,1,-1,-1,0,0,0
"Melbourne: Arbeitsverbot, Impfpflicht und Lockdown – Protest gegen Maßnahmen der Regierung
16.132 Aufrufe 21.09.2021

https://t.co/SFuZpsljkt",1,-1,-1,1,0,0
"diesmal ganz in  Weiß…

   https://t.co/i81br6A6lA",1,-1,-1,0,0,0
"So allgemein:
Je schlimmer ein Verbrechen, desto unverhältnismäßig sanft die Bestrafung.",1,-1,-1,0,0,0
"Die EU setzt mit ihrem Gaspreisdeckel das Wohlstandszerstörungsprogramm fort und die schwarz-grüne Regierung schaut zu!  
 Drücken wir den politischen Resetknopf: Neuwahlen und Schluss mit dem Knieschuss-Sanktionsregime!
  https://t.co/Y9kSUEuvyy",1,-1,-1,1,0,1
"heute Abend. Ampel beim Einsatz CO2-neutraler Kraftstoffe weiterhin extrem uneinig.  dafür,  irgendwo zwischen „ja aber“. 

      https://t.co/PsxXSEHJJU",1,-1,-1,0,0,0
The Lohner-Porsche Mixte Hybrid was the first gasoline-electric hybrid automobile . https://t.co/ob0L0Rqgqm,1,-1,-1,0,0,0
Kiew stellt Bedingungen für Verhandlungen mit Russland https://t.co/6riCmOZDI8 Bestrafung aller KRIEGSVERBRECHER der Ukraine muss er sagen. Russland soll diesen KORRUPTEN-Selenskyj u. seine Oligarchen VERNICHTEN.Aus MACHTGIER schickt er Zivilisten u. Soldaten in den TOD,1,-1,-1,1,1,1
Warum strickt der  die längst widerlegte Legende vom  weiter @OERRBlog?,1,-1,-1,1,0,0
"Die G7-Justizminister wollen nächste Woche in Berlin über die Verfolgung von Kriegsverbrechen in der Ukraine beraten. Weitere Entwicklungen in unserem Newsblog zum Krieg in der . 
https://t.co/S5gsHGgEsA",1,-1,-1,0,0,0
"GASOLINE GUEST MIX: DUB KILLER 31/10/2022 de Gasoline Radio en  
https://t.co/OYfwOUAPl7",1,-1,-1,0,0,0
"seit zwei Jahren. 
Die Frage ist nun, ob die Politik auf ihn reingefallen ist, oder er Mittel zum Zweck war.",1,-1,-1,0,0,0
"„Und wenn dereinst sich dieses Modell bewährt hat, was spricht dann dagegen, dass auch die Beitragszahlerinnen und Beitragszahler in die zukünftige Stabilität der Rente mitinvestieren?“

@c_lindner  über die Aktienrente, 29.01.23 bei Bericht aus Berlin     https://t.co/fmfQEOqkXb",1,-1,-1,0,0,0
"Nitrous Express 60040JP 50-300 HP Gemini Twin Gasoline Jet Pack 6CSF4K5

https://t.co/3sFt6WKsND https://t.co/4ZYvW7oJQc",1,-1,-1,0,0,0
"Wir leben im besten Deutschland, das es jemals gegeben hat.

Mit freundlichen Grüßen
Ihr Bundespräsident
https://t.co/MyzKUHVTmX",1,-1,-1,0,0,0
"Liebe  - Einladungsvorschläge für Verkehrsdebatten:

Von der  statt Thorsten Frei den Enak Ferlemann. Wissen statt Ahnung - und unterhaltsamer. 

Von der Welt statt @robinalexander_ den @Matthias_Kamann. Wie oben.

Für FDP reicht leider die Zeichenzahl nicht mehr",1,-1,-1,0,0,0
"Verlogene Schweizer Parlamentarier, Parteimitglieder und Sympatisanten von SP, Grüne und FDP Liberale  wollen mittels ELEKTRONISCHE ID Politische Meinungen von Schweizer Twitter Nutzer Kontrolieren, Zensurieren und Blockieren!
  
https://t.co/Dmzf1wBk0T https://t.co/TIp8qch4FV",1,-1,-1,1,1,1
"Aus Gründen frei nach George Carlin:
There is no god, never will be, never has been. Religion is just plain Bullshit.",1,-1,-1,0,0,1
"Die  an der ist ein Jahr her. Unser Fotograf hat kurz nach der  die Lage dokumentiert. Und ist ein Jahr später an die Orte zurückgekehrt. Was hat sich getan?
 
https://t.co/Fff8xTCWOe",1,-1,-1,0,0,0
"Warum schaffen es CDU und FDP nicht, sich eine Welt vorstellen, in der die Menschen vorwiegend (!) Fahrrad und ÖPNV nutzen. Es geht hier doch nicht (!) um die Totalabschaffung der Autos",1,-1,-1,0,0,0
"Kalifornien Bill zur Bestrafung der Ärzte für 'False' Covid-19 Information Inkrafttreten. ""Die Ärzte können nicht mehr die alte Information kommunizieren, null-Risiko bei mRNA-COVID-Impfstoffe für Ihre Patienten, ohne  Ihre Lizenzen zu verlieren.""  
https://t.co/xoUGERqcIt",1,-1,-1,1,0,0
"Kindmütter, die Kinder im Stich lassen.
Bildung Geburtenkontrolle:Frauenrechte,Kinderrechte auf Nahrung und Fürsorge. Rechte und medizinische Hilfe gegen traditionelle Übergriffe von Männern, die selbst und für die Söhne nur eine Zukunft als Freischärler sehen,TerrorKrisenherde. https://t.co/mhbPwcvcNm",1,-1,-1,1,1,1
Die @FDP und Ihre E-Fuels! @christianduerr,1,-1,-1,0,0,0
"WER SEINE GRENZEN, KULTUR UND WERTE AUFGIBT, HAT SICH SELBST AUFGEGEBEN!

Linke Parteien in Deutschland fördern diese Entwicklung
@jreichelt  @jaegerthomas2 @Bundeskanzler @spdde @Die_Gruenen @buendnisde  @CDU @kaiwegner @WerteUnion @FranziskaGiffey @HGMaassen https://t.co/nwieVE1UVN",1,-1,-1,1,1,1
"Schmiedet neue Allianzen für den guten Zweck!

Gemeinsam mit @FelixLaden, @msigaming_de und @AktionDHilft unterstützen wir den Wiederaufbau der durch die Flutkatastrophe 2021 zerstörten Wohngebiete. Und ihr könnt helfen – mit jeder noch so kleinen Spende! https://t.co/ngfkeoBUq9 https://t.co/TI5xiRFrI6",1,-1,-1,0,0,0
"""Oder wie kannst du sagen zu deinem Bruder: Halt, ich will dir den Splitter aus deinem Auge ziehen! – und siehe, ein Balken ist in deinem Auge?""
-der Verhüllte vom  -

Politisch hat @berndulrich in der ZEIT alles zur LG gesagt.
@csu_bt , pls Aktion/Konzepte z. Klimaschutz!!!",1,-1,-1,0,0,0
2024 soll es einen gemeinsamen Plan zur Finanzierung von  geben.  2020 Warntag der alle Mängel offenlegte  2021 Flutkatastrophe mit mangelhafter   Die Länder haben im Versuch ihre Aufgaben an den Bund abzugeben viel zu spät reagiert.,1,-1,-1,0,0,0
"redet die  schön, ohne die  und  zu erwähnen &amp; behauptet   sind wirklich noch  ohne  durch  zu erwähnen.",1,-1,-1,1,0,1
"es ist wie im Krieg: Profit mit Waffenproduktion,
Profit mit Zerstörung, Profit mit Wiederaufbau !
So auch bei BigPharma - hier Pfizer:
Profit mit Nanopartikeln für Gerinnung bei den covid-Abspritzungen, Profit mit Gerinnungs-Hemmern !
Die Bank gewinnt immer ...",1,-1,-1,1,0,1
"NOKBEW's Blog • Benzin Preis • Gasoline price • 1973 - 2022 und mein neues Buch!

  



 

 

  

https://t.co/Ny9dfGFLcz via @konvweb",1,-1,-1,0,0,0
Fundstücke / Flutkatastrophe 2021: Gemünd - Der Weg zurück zur Normalität - 2022 (https://t.co/7PpvCCv3e3) https://t.co/b1SHIq1oxB,1,-1,-1,0,0,0
"Bestrafung oder Abschiebung gleich 0,dann heißt es Täter Traumatisiert, die Angehörigen sind auch Traumatisiert von diesem Verbrechen",1,-1,-1,1,1,1
"ICH BIN NICHT IM KRIEG MIT RUSSLAND 
                 https://t.co/BoYg6EclIq",1,-1,-1,0,0,0
"Die meisten  und  wünschen doch dem @Bundeskanzler Scholz das allerschlimmste an den Hals. Nur aussprechen tut es fast niemand, weil diese Angst haben vor Bestrafung !
Das gleiche gilt für Schipfwörter, bei diesen mir etliche einfallen würden !
@dpa @faznet",1,-1,-1,1,1,1
"Anstatt über  am Rande des  in  oder die imperialistische Politik, wegen derer Millionen von Menschen hungern müssen, regen sich Leute über ein Kreuz auf.",1,-1,-1,0,0,0
Transaktivismus  vs Frauenrechte  https://t.co/Ka0KO9vs5A,1,-1,-1,0,1,0
"Überall entstehen Brüche, die Gruppierungen verlieren ihren inneren Zusammenhalt, egal ob sich um Linke, Rote, Grüne, Konservative, Liberale, Nationalisten, Internationalisten oder wen auch immer handelt. Manche Feindbilder verschwinden, neue entstehen. Die  ist da",1,-1,-1,0,0,0
Post von der FDP bekommen. Hups... irgendwie gleich im Müll gelandet,1,-1,-1,0,0,0
Auf Wiedersehen Kloster Eberbach! Die Ergebnisse der -Konferenz und gemeinsame Abschlusserklärung der Innenministerinnen und Innenminister finden Sie unter https://t.co/dsNCcmQC35 https://t.co/XMZkdGmrlt,1,-1,-1,0,0,0
"NEIN heißt NEIN ….als andere wäre Diktatur !
Ich hoffe das Dorf hält durch und verhindert den Bau @Bundeskanzler @Regierung17",1,-1,-1,0,0,0
"Ja die Frauen im Iran sind mutig, Demonstranten werden getötet und sie leben in einem Frauenfeindlichen Regime. 
Du beschwerst dich gegen mansplaining, manspreading und einen nicht existierenden gender pay gap. 
Sei froh, dass du in DE lebst",1,-1,-1,0,0,1
Assistierter Suizid: Prävention darf nicht aus dem Blick geraten. Liberale Gesetze - und doch nehmen Brutalsuizide zu. https://t.co/4yNWlBBXbV,1,-1,-1,0,0,0
Posttraumatische Belastungsstörung wird immer noch zu wenig berücksichtigt.,1,-1,-1,0,0,0
"Weitere Akten sind mit Verspätung an den Untersuchungsausschuss zur Flutkatastrophe geliefert worden. Es handelt sich um rund 900 E-Mails aus dem Lagezentrum, einige betreffen die Flutnacht an der . https://t.co/z5Kb9lYZAM",1,-1,-1,0,0,0
Egbin: Gas Shortage Hurting Power Generation - https://t.co/6eO88jxa0j,1,-1,-1,0,0,0
Wann wird dagegen agiert???? @NancyFaeser @Bundeskanzler @spdde,1,-1,-1,0,0,0
"Kinder töten, um andere zu ärgern.

Was Antifanten doch für Menschenfeinde sind.

Ich hätte übrigens noch vor paar Jahren gesagt, dass Spenden für Abtreibung nie als positiv gesehen würde.

Aber ich fürchte, da täusche ich mich. Bei Linken gilt das mehr und mehr als positiv .",1,-1,-1,1,1,1
"An alle  , die  bereits im  bekämpfen- und tatsächlich etwas gegen die  unternehmen wollen:

 https://t.co/6SoERmr1YR",1,-1,-1,0,0,0
"Flutauto heute im Ahrtal.

Die stehen da immer noch rum.

Die Flutkatastrophe ist bereits voll in Vergessenheit. Außer den woken Klimaktivisten die noch politische Stimmung machen, jedoch selbst nie zwecks Hilfeleistung selbst vor Ort waren denkt niemand mehr daran.",1,-1,-1,1,1,1
Flutkatastrophe 2021: Fast alle Geschädigten in der Wallonie wurden vergütet https://t.co/UGASS9RJbz,1,-1,-1,0,0,0
Die Woke-Links Eliten fördern mehr Frauenrechte was schon falsch ist (wir sind alle gleich) aber offenen Grenzen zu Islam und dritte Welt. Ideologie wird und zu Grunde treiben!,1,-1,-1,1,1,1
"Wo sie schon zusammen sind, warum setzen Sie sich nicht in den nächsten Flieger und sprechen mit Putin direkt?   https://t.co/wERDPtlqav",1,-1,-1,0,0,0
"Jeder Mord an einem ungeborenen Menschen ist eine seelische Bankrott-Erklärung. Eine Gesellschaft, die Abtreibung als gute Praxis ansieht, ist seelisch bankrott. Sie verachten ihre Seelen und kennen keine Barmherzigkeit mehr. Der Moloch, dem sie opfern, ist ein falscher Gott.",1,-1,-1,1,1,1
Ideologie statt Lösungen: Die EU und ihr gefährlicher „Gaspreisdeckel“ https://t.co/4KcdbrXYZc,1,-1,-1,1,0,0
Premium gasoline is under $3.75/gal,1,-1,-1,0,0,0
"Yamix 60cc Inline Double-Cylinder Gasoline Engine for 1/5 RC Model Car HPI Baja LOSI 5T BTGE1UH

https://t.co/pxQqrL8B56 https://t.co/SnQ4uhqDhR",1,-1,-1,0,0,0
"Diesel&amp;Gasoline Generators set from chinese factory,whatsapp,wechat:008613512159475,David.bai@yunyao-china.com
https://t.co/Tvc2tJ3e3g https://t.co/Yvi4aEJFaP",1,-1,-1,0,0,0
"Warum nicht Nein, @lgewessler ?",1,-1,-1,0,0,0
"USA kündigen Pläne an, Europa mit Truppen und Waffen zu überschwemmen

             
https://t.co/AjyYAfTHAU",1,-1,-1,1,0,0
Meine Mitarbeiterin sagt: „Gender-Pay-Gap stinkt. Alle sollten gleich viele Schmeckies verdienen!“ https://t.co/Dlr9LuPg78,1,-1,-1,0,0,1
"Sogar die Russen in Kenia kennen sich besser in der deutschen Geschichte aus, als die Dumpfbacken Göring-Eckardt oder Baerbock.",1,-1,-1,1,1,1
"Das Kind ist entsetzt und kann es nicht fassen, dass die Damen viel weniger verdienen.",1,-1,-1,0,0,0
"Mit der Eröffnung einer neuen  von @DeutschePostDHL in Bad -Ahrweiler wird nach der  ein weiterer Schritt in die neue Normalität gegangen, so der Bürgermeister. Lesen Sie in der Online-Zeitung https://t.co/pLmwHeWnK3 mehr: https://t.co/mPcSZaFRD4 https://t.co/IUZSZyh1NW",1,-1,-1,0,0,0
"Dieses mimische und gestische Overacting fällt mir bei vielen  und -Kindern auf. 

Hatten die alle den gleichen Trainer?

Wer beim Reden rumfuchtelt erzählt meist großen .

       https://t.co/bnhTWjeeyV",1,-1,-1,0,0,1
"Post Über die G7 und die EU, die eine weitere Preisobergrenze für russisches Öl setzen      https://t.co/lgknY5dKwD",1,-1,-1,0,0,0
"Russland, China, Iran, Belarus: Welche Maßnahmen haben die Außenminister der  bei ihrem Treffen in Münster für den Umgang mit den Rivalen des Westens beschlossen? https://t.co/HpEvcE7QXu",1,-1,-1,0,0,0
"Friendly reminder, dass es mit wenigen Ausnahmen um den Zugang zu Abtreibungen in AUT insgesamt düster aussieht - in T, Vbg. und Bgld. besonders zappenduster. Frauenrechte = Menschenrecht und gehören nicht ins Strafgesetzbuch, nicht in die Hände der ÖVP, ihrer Koalitionspartner",1,-1,-1,0,0,0
"Die rheinland-pfälzische Ministerpräsidentin Malu  spricht im Interview über ihre zehn Jahre im Amt, viele Begegnungen und die Flutkatastrophe als Zäsur. Sie wünscht sich, dass das  ein Zukunftstal für nachhaltige Entwicklung wird. [GA+] https://t.co/NFrQJslV5U",1,-1,-1,0,0,0
COVID-19 Vaccine Boosters for Young Adults: nicht sinnvoll bei 19-29 Jährigen erhoben. mehr Risiken als Nutzen https://t.co/Zg2wz7f1qj,1,-1,-1,1,0,0
Ja der Eiertanz des  @Bundeskanzler geht weiter!  Verkauf an  !Herr Kanzler was ist das schon wieder?   … Etc!  Rausverkauf an   Ihre Masche!?!,1,-1,-1,1,0,1
"-Außenministertreffen: Kein bisschen Frieden in  https://t.co/8N0DWcfJzY 
Viele Worte und keine Lösung für die Ukraine beim G7-Außenministertreffen..",1,-1,-1,0,0,0
"Unsere Körper - Unsere Sprache - Unsere Räume
Offener Brief zu Self ID an die Fraktionsvorsitzenden 

Appell der Fachtagung „Frauenrechte“ dokumentiert auf:
https://t.co/STd3huKGNd https://t.co/upVMZK7SFo",1,-1,-1,0,0,0
Passenger Axle Shaft Gasoline Automatic Transmission 12 FORD FOCUS BV6Z3B436B https://t.co/CEgRFoFywc eBay https://t.co/FxujkJHb5a,1,-1,-1,0,0,0
"Gäbe es in unserem Land den Demokratie-Dämpfer ""Listenwahl"" nicht, wäre die unten zum Beispiel gar nicht im Bundestag... der dann doch erheblich anders aussehe. Daher haben wir ja die LISTenwahl (wortwörtlich gemeint)... 
Glückwunsch z. ""nicht so bekannten"" Zirkel... https://t.co/5YJYpLyH8U",1,-1,-1,0,0,0
"Rechte heulen rum, dass mit einer  die Ukraine aufgebaut werden soll und nicht das Ahrtal.

In Wirklichkeit ist ihnen die Flutkatastrophe vom Ahrtal egal. Sie scheißen ja aufs Klima. Was soll diese Heuchelei also?",1,-1,-1,1,1,1
"Die  neutralisiert sich in ihrer Wirkung

(ca 26%SPD minus ca 15%Grüne = ca 11%FDP)",1,-1,-1,0,0,0
"Bei Waffen waren Kosten immer egal. Wie ist es mit Hilfe um Leben zu retten? @Nato @UN      Internationale Hilfe ohne Rücksicht auf Konflikte, ohne Wirtschaftlichkeits Gedanken, packt die Flugzeuge!  

https://t.co/Vvw3SJDJT0",1,-1,-1,0,0,0
https://t.co/CeU28RVkz0 Frauenrechte !!,1,-1,-1,0,0,0
"Wir haben gerade Gläser gekauft. Für die Hälfte des Listenpreises.
Von Schotts Wiesel.
Hätte nicht gedacht, dass sich der Gaspreisdeckel bei den Glasherstellern so schnell auswirkt.",1,-1,-1,0,0,0
"Wer den Menschen per Mogelpackung sogenannter „Technologieoffenheit“ , ,  &amp;  als Zukunftstechnologie verkaufen will, sollte gleich dazu sagen, dass er ihnen Müll schmackhaft machen will: Müll der . https://t.co/94tzylSXoy",1,-1,-1,1,0,1
"Frau @NancyFaeser Herr @Bundeskanzler was tun Sie uns an? Hassen Sie dieses Land und seine Bevölkerung? Ich habe langsam das Gefühl. @ZDF @ARD Hier leben KEINE , hier leben Menschen in Angst.",1,-1,-1,1,1,1
"Hier bedrängt Transaktivist Monro einen Politiker, weil die Aussagen von der FDP nicht gefallen. Warum hat ein Mann so viel Mitspracherecht beim Thema Frauenrechte?",1,-1,-1,1,1,1
"Habe mir etwa die Hälfte von  angesehen, aber dieses Thema ist mit CDU und FDP Leuten einfach zu frustrierend. Sie werden eine wahre Verkehrswende noch lange verschleppen, aber die wird trotzdem kommen, genau wie ein Tempolimit und vieles mehr.",1,-1,-1,0,0,0
"Das ist aus der Zeit gefallen!

Waffenlieferungen in Kriegsgebiete, Kriegstreiberei und Wählertäuschung sind aus der Zeit gefallen.

Friedensverhandlungen sind NICHT aus der Zeit gefallen. Helmut Schmidt wusste es besser.

  
https://t.co/2T8QAr7jAA",1,-1,-1,0,0,0
"Aufarbeitung und gerichtliche Konsequenzen, welche mit diesen korrupten Richtern unmöglich sein dürfte!
Dafür aber die Wirkung von mRNA Bestrafung genug sein!",1,-1,-1,1,1,1
Halbschuhe von Lofina in Gasoline nero - dagmarfischer mode | Ausgefallene Designer Mode - Online kaufen | https://t.co/AxDa7PkDqh https://t.co/4xa7mlDu0a https://t.co/rJQNmxUCGq,1,-1,-1,0,0,0
"Hä? Eine im Bundestag hat gerade gesagt, dass die Flutkatastrophe 2021 in NRW, RLP und Bayern (???) war. Wüsste nicht, dass irgendwo bei uns Flut war.",1,-1,-1,1,0,0
"Es gibt ganz wenige Menschen, denen man das Böse wirklich ansieht. Khomeini ist für mich so ein Mensch. Leere, emotionslose Augen, starrer Blick.",1,-1,-1,0,1,1
"Zum 1.1.2023 übergibt Deutschland die @G7-Präsidentschaft an Japan. Wir konnten in diesem Jahr zahlreiche wichtige entwicklungspolitische Initiativen auf den Weg bringen, die nicht nur im Kreis der  , sondern darüber hinaus Wirkung entfalten.  https://t.co/du7uVwe6u9",1,-1,-1,0,0,0
"Es sollte nicht""Zeitenwende""sein, sondern ""ich kann mich an nichts erinnern"". Das ist das Wort des Jahres, weil Scholz es nicht nur wegen dem Bankenbetrug gesagt hat, sondern auch nach einem Jahr der Flutkatastrophe im Ahrtal kann er sich daran erinnern den Menschen zu helfen  https://t.co/p7oZdo3Q1M",1,-1,-1,1,0,0
"Die Fratze des Hasses mordet mit Messern Frauen, Mädchen, Zugreisende, Passanten. Und die taz macht sicb mit den Tätern gemein anstatt härteste Bestrafung und konsequente Abschiebung wohin auch immer sowie Inhaftierung bis zur Durchführung zu fordern.

https://t.co/tdGtTFEUPs",1,-1,-1,1,1,1
Veranstaltungshinweis: Am Donnerstag gehts bei w3_Hamburg um globale Perspektiven zu Equal Pay. Mit dabei unsere Equal Pay Day Kampagnenleitung Uta Zech. Anmeldung: https://t.co/hZORD8pU1i,1,-1,-1,0,0,0
"https://t.co/JSnIbqwmZn
Böhmermann verglich „Terfs“ mit Scheißhaufen und benutzte „Terf“ dabei de facto synonym mit Nazi – und zeigte, dass der Sinn dieser Kampfvokabeln in der Feindmarkierung steckt. Die zudem auf Frauen gemünzt ist, die sich für Frauenrechte einsetzen.",1,-1,-1,1,1,1
"Ich würde mir als Bundespräsident überlegen, warum eigentlich die Blauen stärkste Partei seien wird. Warum der Ö blau wählen wird und nicht sofort den Kickl drücken. Die Ö wollen ja blau! Man muss doch demokratisch bleiben. Das Recht geht vom Volke aus oder??? Oder vom Präsi??",1,-1,-1,0,0,0
"Der Lügen Baron Alain Berset (SP) gehört nicht in den Bundesrat
Ein Lügner als Bundespräsident ist eine Beleidigung für jeden rechtschaffenen Bürger in der
Wenn der Lügner von der SP ein wenig Anstand besitzen würde, dann würde er zurücktreten!!
Ein nicht geimpfter Wähler",1,-1,-1,1,1,1
"Frederimo Gas Engine, 6 5HP 160CC 4 Stroke Gasoline Engine Motor Power 3600RPM OHV Air Cooled Pull Start Motor for H-o-n-d-a BBHR6E1

https://t.co/UI4ulxW5W6 https://t.co/6f9kfA2qRY",1,-1,-1,0,0,0
"fordert die -Nationen auf, die  an die  in diesem  zu erhöhen.
Ukraine braucht „etwa zwei Milliarden Kubikmeter“ zusätzliches .
eine Bestellung an , darf nicht fehlen …
    https://t.co/8xklgfAsSg",1,-1,-1,1,0,0
Eilmeldung: Baerbock vor Gericht angezeigt! https://t.co/RAFNpHpa34 via @YouTube,1,-1,-1,1,0,0
"1933 haben Konservative und das liberale Bürgertum den Nazis den Steigbügel gehalten in der irrigen Annahme, sie könnten Pferd samt Reiter anschließend führen. Der Gaul ist dann 12 Jahre durchgegangen und hinterließ Tod und Zerstörung. Jede Wette, sie würden es wieder tun.",1,-1,-1,1,1,1
Annalena  hat  200 Millionen Euro an zusätzlichen Hilfsgeldern zugesichert. Dadurch stützt und stabilisiert sie letztlich Zwangsheirat von Kindern.,1,-1,-1,1,1,1
"Liebe Frau @lisapaus.

Welche Frauenrechte wurden denn gestärkt?

 Mit dem geplanten  werden auf alle Fälle nur Männerrechte gestärkt.",1,-1,-1,0,0,0
"Diesel/Gasoline Generators set from chinese factory,whatsapp,wechat:008613512159475,David.bai@yunyao-china.com
https://t.co/ZHBk2AZU4l https://t.co/GP4AOLJWki",1,-1,-1,0,0,0
"Elon Musk hat nach seiner Übernahme von Twitter interne geheime Dokumente veröffentlicht (Twitter Files genannt). Die Dokumente belegen Zensur im Internet und unter anderem auch Korruption im Zusammenhang mit der Biden Familie. 

https://t.co/971ISvZX7R Empfehlung",1,-1,-1,1,0,0
Präsident  ist auf seinem Rückflug aus den  mit |s Staatspräsident  zusammengetroffen. Die  schicken eine Warnung an . Und: Putin reagiert auf den Ölpreisdeckel. Weitere News im Ticker. https://t.co/d51cLl7RRS,1,-1,-1,0,0,0
"Wir haben nicht Jahrzehnte für  gekämpft, damit eine Minderheit sie uns jetzt mit dem  wieder nimmt",1,-1,-1,1,1,1
"Im  steht ausdrücklich NICHT der Neubau von Autobahnen für Beschleunigung durch das Aussetzen von Umweltverträglichkeitsprüfungen drin.  Aus guten Gründen.

Es ist schlicht ein weiteres Querschießen der FDP.",1,-1,-1,0,0,0
"HH-AutoParts Fuel Pump Assembly For Toyota Innova 77020-0K030 Gasoline Supply System Module Assy
WhatsApp: +8613385851033
Email: sales04@hh-autoparts.com
Skype: hh-autoparts804
https://t.co/cOkGu9N8xp
https://t.co/kt2LJ9pfZp
    https://t.co/x9AUHxvgdT",1,-1,-1,0,0,0
1 MINUTE FOR GASOLINE OFKEHHJEKDOFOO,1,-1,-1,0,0,0
"Wer, wie Baerbock, glaubt, dass die Laender auf der Erde 100000 km auseinander liegen, hofft offenbar, einen ""begrenzten Atomkrieg"" zu ueberleben.",1,-1,-1,1,1,1
35 Minuten bis gasoline Ich hab so lang auf diesen Moment gewartet,1,-1,-1,0,0,0
"Frauen, die sich für Frauenrechte einsetzen und nicht „Menstruator“ genannt werden wollen, sind böse.",1,-1,-1,1,1,1
"Offenbar hat @c_lindner und seine @fdp versucht zu verhindern, dass Frauen in ganz Europa ihr Grundrecht auf  wahrnehmen können. @BMF_Bund @lisapaus",1,-1,-1,1,0,0
"Das sind die Typen die sie in unsere Räume lassen wollen. Ich denke jeder der Frauen und Kinder nicht ans Messer liefern will, ist dagegen. Das ist Wahnsinn.

Das  darf nie in Deutschland eintreten. Das wäre der Untergang für Frauenrechte",1,-1,-1,1,1,1
"In  gab es Aktion . -Stadtrat meint, das sei „Terror“. Ich bin froh, Kolleginnen wie @maurer_katja zu haben,die solidarisch ist: „Wenn die Ziele des Pariser Klimaabkommens nicht eingehalten werden,wird der Stau heute Morgen unser kleinstes Problem sein.“",1,-1,-1,0,0,0
"Was denken die Damen u. Herren der  Runde über diese Blasphemie einer deutschen Außenministerin.Dem Land mit einer langen Kultur,einem Land der Denker u. Dichter.einem Land mit Produktiven  ,der ? Moslems werden solches Handel verachten.",1,-1,-1,1,1,1
"https://t.co/5UIsq4Qa0U via @TOnline_News-Tönnis hat das wahre Problem Afrikas angesprochen die Überbevölkerung, korrupte Eliten + kein Wille zur Geburtenkontrolle. Das ist kein Problem Europas+kann auch von diesen nicht gelöst werden, es ist die Aufgabe Afrikas",1,-1,-1,1,1,1
Passenger Right Axle Shaft Gasoline Model 2.0L Fits 14-19 SOUL 2002224 https://t.co/HtcKbAGeEZ eBay https://t.co/nDcCcFaZIt,1,-1,-1,0,0,0
"Nach dem historischen Sieg des Liedes ""Baraye"" von Hajipur und der Einführung einer neuen Kategorie ""Sozialer Wandel"" bei der Grammy-Verleihung verschweigen die deutschen Medien verdächtig diesen Sieg.

 
 
 
 
@tagesschau 
@SZ",1,-1,-1,1,0,0
"Gute Nacht, meine lieben Twaltons, schlaft gut und tief und träumt fein.  @Pfantomaus @Peine01 @newborl @DubeAteo @IgorIgorlabs @InfraRiotGirl @ThoMan4711 @silence12232  Nachti, ich denke an Euch! Frauenrechte Iran + Afghanistan, Frieden in Ukraine",1,-1,-1,0,0,0
"Die @FDP mahnt an das E-Autos mit Strom aus Kohle nicht klimaneutral seien, wie der Strom ihrer E-Fuels produziert werden soll hinterfragen wir besser nicht, gibt sonst nur Kopfschmerzen.",1,-1,-1,1,0,1
"(hier: BVerfG):
""...dass an dieser Stelle ein:e Bundesrichter:in gewählt werden müsste...
Die Vereinbarung verteilt die Vorschlagsrechte in beiden Senaten nach der Formel 3 - 3 - 1 - 1 auf CDU/CSU, SPD, Grüne und FDP."" https://t.co/krdx9FvslW",1,-1,-1,0,0,0
„Bemerkenswerter Aufruf vom Kreis Warendorf ()! Bürger sollen zur -Vorsorge jetzt „wichtige Informationen“ aus dem Internet ausdrucken!“  Ohne  kann auch nicht telefoniert werden. Kommunikation trotz Liste unmöglich.  https://t.co/kBKxYLkVlJ,1,-1,-1,1,0,0
"Übrigens diese Woche die Specs zu meiner Beförderung bekommen. Angebot sind 2000€ weniger als das, was mein männlicher Kollege als Gehalt bekommt in der gleichen Stelle/Voraussetzung. Es sind dann mit Gehaltsbändern schön geredet und nicht als Gender Pay Gap angesehen",1,-1,-1,0,1,0
Der neue EU-weite Gaspreisdeckel kurz und prägnant zusammengefasst.,1,-1,-1,0,0,0
"Wenn Fauci in den USA dran ist, dann wird auch Drosten dran sein   https://t.co/d3rNfJCaeA",1,-1,-1,0,0,0
"Umso weiter ein Ereignis in der Zukunft ist um so schwerer ist es zu sagen ob es überhaupt eintritt. 

Außer das letzte Ereignis im Leben, der Tod. Der kommt auf jeden Fall 

Und damit Guten Morgen liebe Gemeinde !",1,-1,-1,0,0,0
Brüder4Brothers - Smell The Gasoline.  home of the best    @Smileradio3 @SmileBarVenue,1,-1,-1,0,0,0
in  fühlt sich surreal an.,1,-1,-1,0,0,0
"IM SALE ! Sandalen von Lofina in Gasoline rosso - LIMITED EDITION - ein verstellbarer Riemen, hohe Sohle, weiches Leder &gt; &gt; &gt; &gt; &gt;            &gt; &gt; &gt; &gt; … https://t.co/YsqQNHrHpv https://t.co/uJptfvYSZs",1,-1,-1,0,0,0
"Heute um 20 Uhr geht unsere  weiter.    

Mit dabei: @nachtschneider @WretchedIEgg @Yajirobi82 Saik und Lex

[DSA5] Die Attentäter -12- Die Stadt der hundert Tempel

https://t.co/WiBPQXLJnE https://t.co/cNFCrd4kEu",1,-1,-1,0,0,0
Ein wahres Wort Herr Bundeskanzler. Alle gleich korrupt.,1,-1,-1,1,1,1
"So kennen wir die @fdp Politiker seit Jahren. Lügen und betrügen was das Zeug hält. Wahrheiten so lange verdrehen, bis die eigene Klientel es glauben kann. Statt Straßen und Brücken zu reparieren lieber Geld für Neubau verschwenden.",1,-1,-1,1,1,1
"Die stille Mehrheit in Deutschland ist gegen Waffenlieferungen und pro Russland. Kaum jemand ist bereit das liberale Deutschland zu verteidigen. Es gab und gibt keine pro westliche Mehrheit im Land.

Das ist so meine Erfahrung.",1,-1,-1,1,1,1
". Oh Mann, als wenn es nichts Wichtigers gibt, als deren Spinnereien.  gründet Klima-Klub. Kein Witz.",1,-1,-1,1,0,1
"Die Bayernpartei wäre eine gute Alternative zur AfD. Dann aber bundesweit.

Die Analyse ist auf jeden Fall richtig. Die Menschen ziehen übrigens aus Baden Württemberg weg und gehen nach Bayern.",1,-1,-1,0,0,0
Ein interessanter Ansatz  - ich bin gegen Abtreibung aber lebe auch ohne Tiere auf dem Teller,1,-1,-1,0,0,0
"NITRIP Rocker Arm Set, Gasoline Generator Rocker Arm, Iron Durable Cylinder End Accessories for 188F/190F GX390/GX420 9AACNFS

https://t.co/8mn2bWfRtt https://t.co/qCMOgTvucb",1,-1,-1,0,0,0
Mir fehlen angesichts  nicht vergessen.,1,-1,-1,0,0,0
"Arbeitsverbot für korrupte Politiker, wann?",1,-1,-1,0,0,0
und  brauchen die  in . https://t.co/4lAkltfQDq,1,-1,-1,0,0,0
"Deswegen heißt sie Bayernpartei weil sie so ""deutschnational"" ist.",1,-1,-1,0,1,0
"Was mich am Papstberuf am meisten stört, ist diese  https://t.co/YK9tS3BNPs",1,-1,-1,0,0,0
Tsai FDP,1,-1,-1,0,0,0
"Wie egoistisch und herzlos oder verzweifelt müssen Mütter ungeborener Babys sein, wenn sie eine Abtreibung veranlassen. Väter, welche Schwangere zu einer Abtreibung drängen machen sich bei diesem Mord mitschuldig. Dieses Lebewesen ist kein Zellhaufen! 

https://t.co/LeGUcQGNvr",1,-1,-1,1,1,1
"Darf's noch ein bisschen schlichter sein?

Nach -Abnahme bei -Gipfel:
Hamburger CDU-MdB de Vries 
bezeichnet die  als „die modernen “.
.
Womöglich besser ""Antichrist"" als dämlicher Populist.
.

https://t.co/pgoRUHIOru",1,-1,-1,0,1,1
"In Amerika ""dürfen"" unter dem katholischen Präsidenten Kinder, die man durch Abtreibung nicht getötet hat, umgebracht werden.
Mir hat es die Sprache verschlagen.
Auf jeden fall ""morden"" auch wenn es nicht durch med. Einschnitt gelang?
Ungeheurlich im Land der unbegrenzt..Möglichk",1,-1,-1,1,1,1
"TBVECHI OHV Gasoline Engine 3KW Gasoline Motor Engine 3600R/Min for Garden Irrigation (Type 170, 3000W) FGRSQWE

https://t.co/ouw6QNubLp https://t.co/1F81oUH9ed",1,-1,-1,0,0,0
"Blutiges Geschäft: Abtreibung für mRNA-Spritzen

Für die Entwicklung des Covid-19 Impfstoffes verwendete der Pharma-Gigant Pfizer humane Stammzellen aus embryonalem Gewebe. 

https://t.co/Zg8kjlDgqw

@DrPuerner 
@veit_markus",1,-1,-1,1,1,1
"30% Gender Pay Gap in Kunst und Kultur: So kann es nicht weiter gehen!  Das finden auch Sängerin Annika Mendrala und die  Bühnenmütter, die sich für familienfreundliche Strukturen in Theaterberufen einsetzen.  Werde selbst Testimonial: https://t.co/JbKakCwf3G   https://t.co/8u2FjjSk3F",1,-1,-1,0,0,0
"Da offenbaren die Klebe-Fetischisten ihre geheimen Wünsche -nach legaler Abtreibung bis zur Geburt die Ausweitung zum Infantizid. Sie möchten wohl ihren Klima-Gott durch Menschen-Opfer, in diesem Fall Kinder, gnädig stimmen.",1,-1,-1,1,1,1
"“Das geht so nicht” -  @RegierungBW ist wie viele Länderchefs verärgert mit  @Bundeskanzler &amp; @MarcoBuschmann, da sie nach Flutkatastrophe Pflichtversicherung für Großschäden hinauszögerten: “Unwetter warten nicht auf die Politik” @Tagesspiegel https://t.co/d6WMtPMzdx",1,-1,-1,0,0,0
"420CC 15HP Petrol Engine Benzinmotor Standmotor Schwerlastmotor Kart Motor Ohv Horizontal Gasoline Engine Go Kart Starter 4-t 0S0AQP8

https://t.co/UbrXZzESnJ",1,-1,-1,0,0,0
"Tag 2. des -Treffens im  und  neigt sich dem Ende zu.
Ein kurzes Fazit zum heutigen Tag zieht unser Polizeisprecher hier.
  https://t.co/Mind8hrC03",1,-1,-1,0,0,0
"UK hat eine Zuckersteuer auf ungesunde Lebensmittel eingeführt. Bei uns geht das wegen CDU und FDP nicht, bzw wegen Nestlé, Coca-Cola, etc...",1,-1,-1,1,0,0
"Wenn ich am Rand mitbekomme, wie viele Liberale und Freisinnige eine FDP-Frau behandeln, die es gewagt hat, für eine Arbeitszeitverkürzung beim Staatspersonal zu stimmen, dann bin ich mal wieder froh, der SP-Fraktionsdisziplin ausgesetzt und kein Liberaler zu sein.",1,-1,-1,0,0,0
"Frau Baerbock fordert das
Islamistenpack in Afghanistancauf ein-
fachste Frauenrechte zu be-
achten. Ob die das überhaupt
zur Kenntnis nehmen, oder
gar umsetzen, dürfte sehr
fraglich sein. Ist leider kein
Einzelproblem. Der Iran hat
ein gleichgeartetes Problem Islam lässt grüssen",1,-1,-1,1,1,1
": Ein großer politischer Fokus lag in diesem Jahr auf dem G7-Gipfel in Deutschland. Anke Kurat, Bereichsleiterin Globale Gerechtigkeit und nachhaltige Entwicklung, gibt einen Überblick über den zivilgesellschaftlichen Begleitprozess @civil7official zur -Präsidentschaft. https://t.co/ksbxEyrbKg",1,-1,-1,0,0,0
"Nach C Roths Intervention um den Bibelspruch beim Humboltforum wurde nun auf Bitten des Auswärtigen Amts das historische Kreuz im Münsteraner Friedenssaal abgehängt.

Etwas kognitive Dissonanz ist Politikern auf diesem Level in einem Land mit christlichen Wurzeln zuzumuten.",1,-1,-1,0,0,0
Leider die politische Wille existiert nicht,1,-1,-1,0,0,0
VOLKSWAGEN TIGUAN 2009-2017 Right Front Passenger Axle Shaft FWD Gasoline 230234 https://t.co/OP4BvObCiK eBay https://t.co/DWsZbKQEMy,1,-1,-1,0,0,0
"-  / X-Trail IV (T33) - 1.5 VC-T (163 Hp) MHEV Xtronic (Petrol (gasoline)) 2022/ https://t.co/4nxoUAeGOM -  X-Trail IV (T33) - 1.5 VC-T (163 Hp) MHEV Xtronic (Petrol (gasoline)) September, 2022/ \ X-Trail IV (T33) \ X-Trail \ Nissan - Fuel type: (Petrol (gaso… https://t.co/sK9ABRXsWw",1,-1,-1,0,0,0
"34% Off!

Sportsman Gasoline 4000W Portable Generator 

https://t.co/MFv2eN26xo

     https://t.co/PFMflBOc3t",1,-1,-1,0,0,0
"Gesellschaften und Staaten berauben sich der Hälfte ihres Potenzials und ihrer Zukunft, wenn sie  einschränken. Was für eine Angst müssen diejenigen haben, die das tun?    und nicht nur dort …",1,-1,-1,0,0,0
"jasonguilbeau:

Gasoline station - Sachsen Anhalt - Deutschland https://t.co/5vpEW9aENm",1,-1,-1,0,0,0
"Die Auszeichnung Human Rights Press Awards ist eine große Ehre für mich, ist auch die Anerkennung, wie wichtig die Pressefreiheit ist und sein muss. Dank an The Foreign Correspondents' Club HK, HK Journalists Association und Amnesty International HK, und an Opinions@CommonWealth. https://t.co/dNmWInzLY6",1,-1,-1,0,0,0
"ich bin OBSESSED mit Måneskins neuem Album, es ist soo gut! Fav songs bis jetzt ist Gossip &amp; Gasoline",1,-1,-1,0,0,0
"Wann immer Konservative und Liberale das Wort von der Wissenschaftsfreiheit führen, darf man sich sofort dazu denken, dass es um die Freiheit geht, die Wissenschaft zu erfinden, die einem politisch gerade passt.",1,-1,-1,0,0,0
"Zum heute in  beginnenden Außenministertreffen der -Staaten sagt unser Bischof Felix Genn: 
  https://t.co/65clj57bAd",1,-1,-1,0,0,0
"Frauenrechte - Abteibungsverbot in den 1960ern in Rumänien

https://t.co/ecWI8cVFZi",1,-1,-1,0,0,0
"$659.99  
Excellway 2200W Gasoline Generator Power Station Fuel Generator 2000 Running Watts/2200 Starting Watts Inverter Stromerzeuger - 2200W
https://t.co/ewyQSTN41J
https://t.co/tiCsre05zu",1,-1,-1,0,0,0
"sind so klimaschädlich wie der gesamte innerdeutsche Flugverkehr!

https://t.co/qGv9nTsxXs",1,-1,-1,1,0,0
stop gasoline is aoty,1,-1,-1,0,0,0
"Da hätte sich @ChBaldauf wohl eine andere Antwort gewünscht: Auf seine Fragen an Ministerpräsidentin Malu  (SPD) zur  im  bekam der CDU-Fraktionschef zwar einen Brief, aber keine Antworten.
https://t.co/sXxhz0KXNT",1,-1,-1,0,0,0
"Wenn sich ein NDH Mann ein Remus-Doppelrohr an sein Auto schraubt, hat er einen kleinen Penis. Wenn Liberale wochenlang über 5 Meter lange 120mm Glattrohrkanonen auf 12 Zylinder Panzern fantasieren, heißt das Zeitenwende.",1,-1,-1,1,1,1
"wollmaster80: grit-n-gasoline:  Kann ich nicht nein sagen…, https://t.co/tObNVcgtZq",1,-1,-1,0,0,0
"„Sozialliberale“ werden nie Sozialdemokraten oder Grüne von der FDP überzeugen, aber sehr viele Liberale von der FDP abschrecken.",1,-1,-1,0,0,0
2013-2016 MERCEDES GL450 X166 GASOLINE FUEL TANK RESERVOIR W/ HEAT SHIELD OEM https://t.co/MGg1SRjC5t eBay,1,-1,-1,0,0,0
sz mag heute mit fire &amp; gasoline  https://t.co/HtcV0T9vrB,1,-1,-1,0,0,0
"Die heuchlerischen Niederlande sprechen Erdogan ihr Beileid aus, aber nicht Assad oder die syrische Bevölkerung in Tartous oder Latakia, selbst in Zeiten von Katastrophen bleiben sie kriegerisch, wie die sogenannten Beileidsbekundungen der Medien und Politiker belegen!",1,-1,-1,1,1,1
"Ich bin völlig deiner Meinung!
Mehr Frauen braucht die Welt! Weniger Männergewalt und totale Gleichberechtigung auf dem ganzen Globus.
@SawsanChebli",1,-1,-1,0,0,0
"Tag der Unschuldigen Kinder: Vor 2.000 Jahren tötete Herodes kleine Kinder aus Angst, seine Macht zu verlieren. Auch heute werden Kinder getötet, ausgebeutet, missbraucht. Allein ca. 73 Millionen Kinder pro Jahr sterben durch Abtreibung. Helfen wir Müttern und retten wir Kinder. https://t.co/PqUmnYNKDh",1,-1,-1,1,0,0
Was versteht man unter dem Begriff ? https://t.co/swgOidcYFn,1,-1,-1,0,0,0
"Sie verstehen, dass Angst Negativität anzieht.
Die Ausbreitung von Krankheiten wird also
durch Ihre Angst davor verursacht.
Wenn Sie dieses Virus nicht fürchten,
werden Sie dagegen immun. Angst senkt Ihren Widerstand.",1,-1,-1,1,0,0
Baerbock Scholz und Co. lassen wieder deutsche Panzer gen Russland rollen um Menschen zu töten.ein Gebot Gottes sagt du sollst nicht töten.Das ist ihnen egal. Gott wird sie zur Rechenschaft ziehen,1,-1,-1,1,1,1
Super peinlich: Deutschland immer noch ganz hinten beim gender pay gap https://t.co/U9Ld0gSiwm,1,-1,-1,0,0,0
Sind @Die_Gruenen so skrupellos naiv? Leider sind die Fähigen längst tot. Nun sind die Stümper am Ruder. Es wird in Katastrophen enden. @dieLinke @AfD @spdbt @Luisamneubauer @NZZaS @RZitelmann @boarischgredt @dpa @RolandTichy @BILD,1,-1,-1,1,1,1
"Das "" Erbe"", dessen Markenzeichen &amp; Insignie der Macht † aus Sicht von @VriesChristoph @CDU_Hamburg und @welt zum Treffen der  in  weder beschämen noch abgehängt werden sollte, war Tage zuvor um eine  bereichert worden.
https://t.co/XSfcdRRogy",1,-1,-1,0,0,0
"Hallo ihr lieben. Ich sammle Leute die unzufrieden mit
unserer Politik in Deutschland sind. Wir stuern in eine dunkle Grube und die Politiker machen sich die Taschen voll. Was soll man dazu sagen das ein Mensch der für den Mindestlohn arbeitet sich keine Wohnung leisten
kann.",1,-1,-1,1,0,0
"Die rheinland-pfälzische  Malu  sollte im Untersuchungsausschuss zur  im Ahrtal nochmal aussagen. Doch das verzögert sich. Das hat vor allem etwas mit den Beweismitteln zu tun.

https://t.co/3kJ0V4IHEE",1,-1,-1,0,0,0
"In NRW haben vermutlich mehr Betroffene der  vom 14. Juli 2021 die Möglichkeit,  für zusätzliche Hochwasserschutzmaßnahmen zu erhalten, als bislang bekannt ist. https://t.co/ezOU1IOW51",1,-1,-1,0,0,0
"Die haben Bauchschmerzen vor lachen, der Islam kennt keine Frauenrechte....wann wollt ihr Naivchen das verstehen?",1,-1,-1,1,1,1
"Pfeifen im Walde. Faktor 1:10 bei den Panzern. Aber das wissen Sie ja eh...
Dieser Krieg ist nicht zu gewinnen. Das sollten auch ehemalige Liberale inzwischen verstehen können. https://t.co/AXCybCD6rn",1,-1,-1,0,0,0
"Versteht einfach das die  eine neue Art der Kriegsführung ist, welche nicht jeder Mensch durchschaut. Es fing mit Nawalny 's angeblicher Vergiftung an  https://t.co/A7H8ZqJs6r",1,-1,-1,1,0,0
"Ich sympathisiere sowohl mit der FDP als auch mit der Ukraine, aber bei dieser Aktion geht es nur um Selbstinszenierung. Ein anderer Grund dafür, dass die Bildungsministerin in die Ukraine reist, ist nicht ersichtlich. Sie hat offenbar nichts Sinnvolles in ihrem Ressort zu tun. https://t.co/Sj8ZuE2eS7",1,-1,-1,0,0,0
"Narges Tavakkoli: „Auch als Mädchen oder Frau kannst du alles machen, das ist unglaublich.“ 

Später möchte sich unsere Stipendiatin mit Themen wie Frauenrechte, Migration oder Flucht in der Politik befassen und etwas bewirken: https://t.co/yx1Agmb10c

Foto: sdw https://t.co/0C4xTLzJrg",1,-1,-1,0,0,0
"Sie touren um den Globus, der @Bundeskanzler und Bundesminister  und wollen ihre debilen -Produkte loswerden.
Und keiner folgt dem deutschen Vorbild der Dummheit, die  abzuschalten. Keiner nimmt Deutschland mehr für Ernst.
Das ist die Wahrheit.

 https://t.co/1RwvrMKp2w",1,-1,-1,1,1,1
"... Medizintechnik, Genstar Technologies, INSPITAL Medical Technology ... Medical Gas Alarm Management System Supply Demand and Shortage https://t.co/SXtFHUUB0s",1,-1,-1,0,0,0
"Fauci’s Partner Peter Daszak’s Fingerprints Are All Over Covid Fiasco 
 
https://t.co/Bfl3XrBceu",1,-1,-1,1,0,0
"Ob monetäre Entscheidungen Menschenleben kosten? Ganz sicher. 
In Pflege, Medizin, Betreuung, Therapie. 
Hier wurde Personal durch die Behörden halt durch Türen ersetzt. Blöd, dass Türen nicht von selbst evakuieren. 
   
https://t.co/eBKVy2GeZD",1,-1,-1,1,0,1
"Als FDP muss man es positiv sehen!

Die  Wähler sind so intelligent, dass diese merken, wenn sie verarscht werden, was man von  Wählern nicht behaupten kann.

  https://t.co/w3PXYJRYnQ",1,-1,-1,0,0,1
Driver Axle Shaft Gasoline 2.0L VIN 2 8th Digit Fits 12-18 FOCUS 1453107 https://t.co/oqxVcQONUk eBay https://t.co/m6pHICh9dN,1,-1,-1,0,0,0
"Egal ob Deutsche oder sonstige Zuwanderer:
 gehört zur !

Wir Bayern müssen unsere Sprachen schützen, bewahren und UNTERRICHTEN! https://t.co/uxz4hzAJZU",1,-1,-1,0,1,0
"Hey @Bundeskanzler @Karl_Lauterbach @dwnews  @BMG_Bund @Nature 

Danke für die  Windräder 

Sie machen alles Tot 

Ich danke Euch von meinem Totes  Heart !!!

Deutschland fällt um.
Pleite 2023/2024
Amen",1,-1,-1,1,0,1
"Organisationen stellen Arbeit in Afghanistan wegen Frauen-Verbots vorerst ein
https://t.co/rzA57j4h5Y ""Bis wir Klarheit über diese Ankündigung haben, setzen wir unsere Programme aus""     https://t.co/Ve3udl4oVq",1,-1,-1,0,0,0
"Sollte @FPOE_TV mit @HerbertKicklNR aus den Wahlen in  als stärkste Kraft hervorgehen, will der  sich weigern, die Regierung anzugeloben? Steht Van der Bellen noch auf dem Boden der Verfassung, auf die er den Eid geleistet hat? https://t.co/vurmomYODe",1,-1,-1,0,0,0
Die Deppen und der Gaspreisdeckel https://t.co/xMIo99GvYB via @YouTube,1,-1,-1,1,1,1
Die westlich-liberale Wertegemeinschaft in ihrer ganzen Perversität,1,-1,-1,0,1,1
"Die EU-Energieminister haben nach großem Verhandlungsdrama einen Gaspreisdeckel beschlossen, der kaum noch etwas deckeln dürfte. Die wirklich klugen Beschlüsse des Tages finden dagegen leider kaum Beachtung. https://t.co/bBRXTVOMSI",1,-1,-1,0,0,0
"IT-Spione und Saboteure von  in der  HERZLICH WILLKOMMEN !!! Vorzugsweise in der ""kritischen Infrastruktur"" arbeiten lassen, danke! https://t.co/FofKIooGmV",1,-1,-1,1,1,1
Die Flutkatastrophe im Ahr-Tal hatte gezeigt das sich die Politiker einen scheiß für dieses Land interessieren und in Süd Frankreich Urlaub machen während die eigenen Leute abschauen. Bis heute ist dem Ahr-Tal nicht geholfen worden.,1,-1,-1,1,1,1
Hilfe für Flutkatastrophe im letzten Jahr: Deutschland erhält Millionenbetrag für von der EU https://t.co/gjGTnGsCKE https://t.co/u7SmN4ndpK,1,-1,-1,0,0,0
"&lt;Ironie&gt;Yo, lasst es auch gut gehen!&lt;/Ironie&gt;

 https://t.co/VatyorsjQr",1,-1,-1,0,0,0
AUDI A5 2013-2014 2.0L Automatic Transmission ID NDV FWD CVT Gasoline 238653 https://t.co/JsNo96ue9h eBay https://t.co/5gMmzAn96C,1,-1,-1,0,0,0
"Frauen erhalten immer noch geringere Löhne als Männer - ganze 18 Prozent weniger! Die Gleichstellung ist lange nicht vollzogen. DIE LINKE setzt sich dafür ein, dass Erwerbs- und Familienarbeit gleichermaßen anerkannt werden und Löhne steigen! https://t.co/N7IMNaQIGH",1,-1,-1,0,0,0
"Überblick über die Abstimmung wichtiger Gesetze im .
    uvm
https://t.co/LatlAbjkkS",1,-1,-1,0,0,0
Schuhe von Lofina in Gasoline Lamborghini - dagmarfischer mode | Ausgefallene Designer Mode - Online kaufen | https://t.co/7DzqWBh9us https://t.co/LjvQVB2dBB https://t.co/stWQTvfW2h https://t.co/guksuQKi4L,1,-1,-1,0,0,0
Deutschland:  frei - hat mich  nichts mehr zu tun!    https://t.co/2Nj4Zt7pML,1,-1,-1,0,0,0
"Die sog. Liberale @starkwatzinger zündet die nächste Prokrastinationsstufe! Wer  für d. richtige Mittel dieser Zeit hält, hat nichts verstanden &amp; nichts gelernt! Unser Land &amp; die Welt braucht  jetzt &amp; nicht irgendwann!",1,-1,-1,0,0,1
"Ursache sei nicht der Klimawandel…“

So ein Mist aber auch das unsere Klimahysteriker das nicht politisch missbrauchen können.

Die Flutkatastrophe war da besser geeignet um mit Massen- Hysterie Wahlen zu gewinnen. https://t.co/0Uq5jMd9H2",1,-1,-1,1,1,1
"gasoline, wet asphalt, nail polish",1,-1,-1,0,0,0
"Für die FDP ist es wahrscheinlich schon ""enge Agenda"", wenn man auf die naturwissenschaftlichen Grenzen hinweist... 

Lebt denn die komplette  in einer ""alles ist möglich - technologieoffen - Wunderwelt-Blase""??",1,-1,-1,0,0,0
"Ich mein das gar nicht böse (ok evtl ein kleines bisschen) aber liebe menners, informiert euch! Googlet gender pay gap deutschland, Armutsrisiko nach Geschlecht usw. bevor ihr sowas von euch gebt https://t.co/1npWX8Mm2E",1,-1,-1,0,0,1
Bleibe ! Eine  löst keine .,1,-1,-1,0,0,0
"Kleiner Hinweis an die grün-liberale Bubble... Nicht jeder, der  kritisiert ist AfD, Nazi oder Putinversteher. Hört mit euren dämlichen ""Querfront""-Rufen auf, mit denen ihr linke, antifaschistische (Friedens)Politik diskreditiert und nebenbei den Faschismus relativiert.",1,-1,-1,1,1,1
"Der Buergermeister von  ist so inkompetent! Laesst uns alle haengen, spielt lieber Tennis. Toll. Zwei Menschen tot, alles klar! 

Hoffen wir mal, dass die Vulkane sich erstmal benehmen werden!",1,-1,-1,1,1,1
"Bei der Gelegenheit darf ich auch noch mal erinnern:

Elon Musk hatte im August (?) 2022 einen eigenen Friedensplan für die Ukraine vorgelegt. Hatte eindeutige Zustimmung.

Vom US Establishment absichtlich totgeschwiegen.",1,-1,-1,1,0,0
"Gute Nacht,liebe Twitterlinge,schlaft gut in den Donnerstag und träumt süß! 
 @Lesenistbesser @ArtVandelay1971 @tinkabelle2702 @Luzini1 @KPaprotta @DKrappe @scheerenberger @Taraliest Kommt gut u. gesund durch den Tag
FriedenMenschen und Frauenrechte  https://t.co/SZvslFlODX",1,-1,-1,0,0,0
"Nach der Flutkatastrophe in  sagen Geberstaaten 8 Mrd. € zu, ua. damit die Folgen des Klimawandels bewältigt werden können. Während viele Flutopfer noch keine Hilfe bekommen haben &amp; im Freien leben, erwarten unsere Kollegen ab Februar Hitzewellen mit Rekordtemperaturen.",1,-1,-1,0,0,0
"Sheetz 564 US-1 N Youngsville, NC
￼ https://t.co/EWx4pjhz1h",1,-1,-1,0,0,0
"„The world is watching us and doing nothing,"" Es geht halt nur um Frauenrechte. Wo bleibt der Aufschrei? Wo die öffentliche Kritik? Wo diplomatische Mittel des Protestes?  https://t.co/E9AuZsyRvA",1,-1,-1,0,0,0
"Nitrous Express 60040JP 50-300 HP Gemini Twin Gasoline Jet Pack GISTRXF

https://t.co/8wiVykP6xA https://t.co/ZIrffMH1kw",1,-1,-1,0,0,0
Anzeige gegen   https://t.co/fBhv2L4hbM,1,-1,-1,0,0,0
"COP27-Gipfel trägt nicht zur Bekämpfung der Klimakrise bei 

          
https://t.co/MRG8Kb6p3r",1,-1,-1,0,0,0
"Nach Erdbeben: Türkischer Botschafter dankt für „immense Welle der Solidarität der Deutschen“ https://t.co/kHRjbFlqUx via @welt 

Ja, bitte, gern geschehen. Bei der Flutkatastrophe im  war die  ja auch fest an unserer Seite, nicht wahr?!",1,-1,-1,0,0,1
"Verändern WINDRÄDER das KLIMA? (Teil 1) |  Energie und Klima https://t.co/YhdM2qfntY 
wir wissen nicht was wir tun
 
@cem_oezdemir 
@HolzheuStefan 
@rahmstorf 
@quarkswdr 
@VQuaschning 
@Bundeskanzler",1,-1,-1,0,0,0
"Falls es Christian  von der  noch nicht weiß: man kann in die 46mio Verbrenner von heute nicht einfach ab morgen  hinein schütten. 

Gern geschehen.",1,-1,-1,0,0,0
Uiuiui @fdp  https://t.co/2cBhhOTbVq,1,-1,-1,0,0,0
Jens Spahn und die Hebammen: Geburtenkontrolle à la CDU https://t.co/kB6PmmKOwI,1,-1,-1,0,0,0
"29.Okt
 &amp;  reached a deal to restart gas supplies after an energy shortage lasting several days
https://t.co/m1QlutiFB7
↨
SpON dagegen schiebt Panik

Moldau:
Mit Gazprom zeichnet sich keine Einigung ab – und Alternativen sind kaum absehbar
https://t.co/1SrQy4XQ5I https://t.co/GuR0I5ZEXg",1,-1,-1,1,0,0
"Strom- und Gaspreisdeckel: ""Reicht einfach nicht aus"" - WDR 5 Morgenecho Interview - WDR 5 - Podcasts und Audios - Mediathek - WDR https://t.co/I68CJDwtt7",1,-1,-1,0,0,0
Kleiner Fragebogen bzgl. Frauenrechte,1,-1,-1,0,0,0
"Carburetor, Updraft, Gasoline Carb Model 68 ZFS-0-12098 https://t.co/lyPaFNte28 eBay",1,-1,-1,0,0,0
"Hast du eigentlich auch damals den Kopf geschüttelt, als Armin Laschet bei einer Ansprache über die Flutkatastrophe 2021 gelacht hat? Und seine Entlassung gefordert? Oder ist es nur dann ein Skandal, wenn so ein peinliches Verhalten von jemanden aus ner anderen Partei kommt?",1,-1,-1,0,0,0
"Super, wenn auch noch die Dummheit im Parlament verboten wird, geht es wieder bergauf. Bundestag://m.bild.de/regional/stuttgart/stuttgart-aktuell/strafe-bis-zu-100-000-euro-ab-jetzt-sind-messer-in-stuttgart-verboten-82773580.bildMobile.html?wtmc=twttr.shr",1,-1,-1,0,0,1
"""Aber woher wissen DIE Wissenschatler das?"" Was für ein Satz von ! Jetzt grade leiden 33Mio Pakistani unter den Folgen einer irren Flutkatastrophe.

Einer der prominentesten Talkshow-Moderatoren gibt den Wissenschaftsleugner. @zdf, was sagt ihr dazu?
https://t.co/tiCuscuwqR",1,-1,-1,1,1,1
"Yäi, endlich E-Fuels. Die sauteure magische Zaubertechnologie, auf die die FDP so steht. /S",1,-1,-1,1,0,1
"888 das Erdbeben in der Türkei sieht wie eine Bestrafungsaktion (mit Haarp) der NATO bzw. USA gegen Türkei aus. Das Video zeigt Blitze, die bei Erdbeben nicht normal sind, aber bei Haarpeinsatz immer auftreten. Türkei spielt bei Sanktionen gegen Russland nicht mit. https://t.co/8XspdbAUJo",1,-1,-1,1,1,1
"Zum G20- auf : Dass die  die  und die  abgelöst haben, geht auf eine Initiative von  und seinem  zurück. 
https://t.co/L6qRZInNWd https://t.co/FQMK2nb4QF",1,-1,-1,0,0,0
"""Ich dachte ihr seid alle Internationalisten"" stellt meine Ethikprofessorin enttäuscht fest, nachdem sie feststellen musste, dass bei einigen der Realismus die liberale Dominanz an deutschen Universitäten hinsichtlich Schulen internationaler Beziehungen überlebt hat.",1,-1,-1,0,0,0
"Gute Nacht, liebe Twitterlinge, schlaft erholsam und träumt fein. Die Welt bleibt unruhig in 2022!
 @Lesenistbesser @ArtVandelay1971 @tinkabelle2702 @Luzini1 @KPaprotta @DKrappe @scheerenberger @Taraliest
Frieden  und Menschen- und Frauenrechte im Iran   https://t.co/wadr7Si4FN",1,-1,-1,0,0,0
khellven fdp,1,-1,-1,0,0,0
"Wenn du erfährst dass dein Nachfolger für exakt die gleiche Arbeit mit einem weniger passenden Abschluss ne Gehaltsstufe höher eingestuft wurde, wo du für deine Gehaltsstufe noch mit dem LKA 9 Monate kämpfen musstest.
Fick die @evlks und ihren beschissenen",1,-1,-1,1,1,1
"Also wenn man die Ideologie raus nimmt. So rein sachlich, Atomkraft und Kernfusion würden durchaus helfen...
E-Fuels und CCS hingegen nicht wirklich (zumindest dann nicht wenn man wie die @fdp die anderen Punkte Windkraft, Photovoltaik, Batterien,Fahrräder und Bäume nicht angeht)",1,-1,-1,0,0,0
"Heute offenes Plenum zu dem  Außenminister*innentreffen in Münster &amp; Protestvorbereitung!
Kommt dazu! https://t.co/tySMooMXIr",1,-1,-1,0,0,0
"Wenn die Kriegstreiber im Bundestag so weiter machen, könnte es auch bald in Deutschland knallen. Wo es dann zuerst besonders ungemütlich wird, verrät diese Auflistung amerikanischer Stützpunkte im besetzten Deutschland.

Kostenlos abonnieren: https://t.co/7w0O6FCVX7 https://t.co/oeHbRxj6Dm",1,-1,-1,1,0,1
Fun Fakt Salmonellen Vergiftung muss gemeldet werden und in einigen Bereichen gilt dann Arbeitsverbot,1,-1,-1,0,0,0
"Gender-Pay-Gap? Bei @appswithlove kein Thema da unser Lohnmodell faire Lohnkriterien sicherstellt. Dieses Modell haben mittlerweile auch etliche andere Unternehmen für sich adaptiert da es viele weitere Vorteile bietet, auch finanziell und administrativ. https://t.co/uaAPVv7smp",1,-1,-1,0,0,0
D 2023: 43 % aller Alleinerziehenden gelten als einkommensarm. 88 % aller Alleinerziehenden sind Mütter. Gender Pay Gap= 18 %. Im Frauenhaus leben 2/3 aller Frauen im Transferleistungsbezug. Fast 3/4 aller FH-Bewohner*innen haben Kids unter 12. Noch jemand  Fragen?,1,-1,-1,0,0,0
den ganzen Tag und die ganze Nacht.,1,-1,-1,0,0,0
Ob EU-Land oder nicht: Die Schweiz ist vom Gaspreisdeckel ebenso betroffen. Dementsprechend sorgt sich auch die hiesige Gasindustrie um die Versorgungssicherheit. https://t.co/8IhHTwAbt9 via @AargauerZeitung,1,-1,-1,0,0,0
"Heute und morgen findet das -Außenminister:innen-Treffen in  statt. Technisch gesehen gibt es kaum einen ungeeigneteren Ort als unbedingt dort. BTW, passt auf die Sniper auf den Dächern auf.",1,-1,-1,1,0,1
"Malu Dreyer am Morgen nach der Flutkatastrophe zu ihren Mitarbeitern: ""Ich
brauche ein paar Worte des
Mitgefühls""....einfach pein-
lich und herzlos.
Rheinland-Pfalz hat eine empatische Ministerprä-
sidentin verdient und keine
abgebrühte... Sie sollte
schnell zurücktreten.",1,-1,-1,0,0,1
Jep! Vor ca. 20 Jahren wurde unser Wertesystem und Freiheit am Hindukusch verteidigt. Und wie ist es ausgegangen? Die Taliban haben die Macht erlangt und treten Frauenrechte mit Füßen. Und Sie wollen uns erklären Europa wird jetzt am Don Bas „verteidigt“!,1,-1,-1,1,0,0
"Da ist viel schief gelaufen bei  und . Aber diese  ist kein Problem. Solche Dinge machen Führungskräfte in der Regel nicht selbst. Das liegt zu 99 % beim Stab und sagt nichts über eine neg. Haltung aus.

     https://t.co/AJJTSOdtqy",1,-1,-1,0,0,0
"https://t.co/qQUTgkO9mj Das die Tschechen so dumm sind und einen Kriegstreiber wählen, hätte ich nicht gedacht! Aber vielleicht folgt bald die Bestrafung. I never thought that the Czechs would be so stupid and vote for a warmonger! But maybe the punishment will follow soon",1,-1,-1,1,1,1
"""Deutsch-Amerikanisches-Zukunftsforum"" vor Beginn des G7-Außenministertreffens im Atlantic Hotel in . @ABaerbock @SecBlinken @G7 @Ingo_Zamperoni     https://t.co/bWV1NNMhND",1,-1,-1,0,0,0
"Der Rummel um das -Treffen in  ist groß. Wir haben gefragt, wie Münsteraner und Münsteranerinnen darüber denken. Weitere Themen des Tages in Münster: Konzertabsagen, Polizistin wieder im Einsatz und ein TikTok-Trend.  https://t.co/QE1Re731YI",1,-1,-1,0,0,0
"Ich habe einen spannenden Artikel gefunden. https://t.co/GRPY9TE84r via @tonline 
Die Bundesregierung prüft ?  wie das denn ? Wer ? Baerbock ? Die würde jede Wolke für einen Ballon halten und sofort ne Atombombe los jagen !",1,-1,-1,1,1,1
Dieser Mensch soll Bundespräsident sein? Gehört in die Irrenanstalt.  ist wirklich verloren. Die jenigen die was können haben keine Macht. Die jenigen die Macht haben können einfach nichts.,1,-1,-1,1,1,1
"denkt sich, getrennt marschieren, gemeinsam, mit den anderen Sozen, zuschlagen, GEGEN konservativ-liberale Positionen.
Viele lehnen die   ab, wg. bestimmter Personen, aber es ist sie einzige Partei, die halbwegs vernünftig deutsche Interessen vertritt.",1,-1,-1,0,0,0
"U-Ausschuss zur Flut: Fehlende Akten, fehlende Kontrollen, fehlende Warnungen https://t.co/4PxfzYIs4n via @wdr Stand: 14.01.2023",1,-1,-1,0,0,0
"34% Off!

Sportsman Gasoline 4000W Portable Generator 

https://t.co/MFv2eN26xo

     https://t.co/MpI22Ki2qI",1,-1,-1,0,0,0
was soll das pemex hat den ganzen laden dicht gemacht weil bisschen gasoline ausgelaufen ist https://t.co/IuYjCMofK6,1,-1,-1,0,0,0
"keine frauenrechte 
keine lgbtqia+ rechte
keine meinungsfreiheit
keine pressefreiheit
totale überwachung
und 15.000 tote arbeiter:innen 
wurden in kauf genommen
für 6.000 minuten fußball",1,-1,-1,1,1,1
"Gestern wurde ich für die  der @fdp_ag  nominiert. Es ist mir eine Ehre, die @JFAargau im Nationalratswahlkampf vertreten und zusammen mit den Jungfreisinnigen und der FDP für eine liberale, erfolgreiche und  einstehen zu dürfen!

Fotos: Patrick Wehrli https://t.co/LfWdF04uuY",1,-1,-1,0,0,0
"Warum eine Familie aus  die letzten Monate im Zweiten Weltkrieg in  verbracht hat, welche Eindrücke sie von der Saalestadt hatte und was sie zuvor in  und  erlebte.   https://t.co/twEKiUkvz7",1,-1,-1,0,0,0
Für die Opfer der Flutkatastrophe in Nigeria.,1,-1,-1,0,0,0
"Pakistan: Fast vier Millionen Kinder von medizinischer Versorgung abgeschnitten | PCLMedia https://t.co/ZugjwOKtya

       https://t.co/it5OqYo5WW",1,-1,-1,0,0,0
": Best of  (2.8.2022)
Zum Jahrestag der Katastrophe hatte ein Team des KIT untersucht, wie Niederschläge, Verdunstung, Gewässer- u Abflussverhalten die  in der Eifel, v. a. an der , begünstigten. https://t.co/02tRjQo4m5 https://t.co/F1f4s8xW4R",1,-1,-1,0,0,0
"in 

- Eintreffen der Delegationen.

Dazu werden großzügig Kreuzungen gesperrt,
die Menschen*
 daran hindern,
zum Nachtdienst zu fahren.

* mich.",1,-1,-1,0,0,0
"Ein Unternehmen bekommt kaum Bewerbungen, auch nicht bei höherem Gehalt. Dann stellt es auf 30h/Woche um. Seitdem haben sie nicht nur mehr, sondern zufriedenere Mitarbeiter_innen, die Produktivität erhöht &amp; keinen GenderPayGap. https://t.co/QEubZAxiY8",1,-1,-1,0,0,0
"Das Laschets Inzidenzplan Blödsinn ist, wissen wir alle. 
Aber ich habe einige Gedanken, die Fragen aufwerfen. Vielleicht kann sie jemand fachkundiges beantworten. 
1. R Wert. Wird dieser, durch die Wochenenden und das ""behördlich Verordnete Arbeitsverbot für den Virus nicht 1/x",1,-1,-1,0,0,0
"Gerade ist der  erhöht worden, aber viele Geringverdienende haben trotzdem Schwierigkeiten, über die Runden zu kommen – wie Tanja und Nina.
https://t.co/7tOFzNR37Y",1,-1,-1,0,0,0
"""Diese MRNA Technologie lässt sich  steuern. Das weis die Regierung seit Anfang an""...

Jetzt wirds kriminell. Beendet das endlich!
 @Bundeskanzler @Karl_Lauterbach 
 @rudi_anschober
@WolfgangMueckst @karlnehammer @WKogler @BgmLudwig",1,-1,-1,1,0,1
"Die größte Gefahr für die  sind Personen wie Sie, Frau , die unbegrenzt Migranten aus fernen Ländern ohne Anpassungsmöglichkeit an unsere Kultur, unser , hierher holen wollen!",1,-1,-1,1,1,1
"Frauenrechte, Iran und Palästina: Die WM bleibt politisch https://t.co/TB7YURgWaJ",1,-1,-1,0,0,0
"So geht das, Angehörige der Streitkräfte der NATO Staaten quittieren ihren Dienst (der Dienstherr muss natürlich zustimmen), ziehen die Uniform aus und bedienen dann fachgerecht NATO Kriegsgerät in der Ukraine 

Wir sind also wirklich nicht im Krieg @spdbt @Bundeskanzler ? https://t.co/udzhpYemJm",1,-1,-1,1,0,1
"» = «

 am 25.02.2022: „Ich muss da nicht kämpfen und ich werde da auch nicht sterben in diesem Krieg, aber wenn es passiert werden viele Menschen sterben.“
  

https://t.co/TEQ6d6hJ7Q",1,-1,-1,0,0,0
WELT: So schnell könnte der EU-Gaspreisdeckel nutzlos werden. Der geplante Gaspreisdeckel der EU könnte den Börsenhandel mit dem Brennstoff weitgehend zum Erliegen bringen. Der Betreiber des wichtigsten europ. Handelsplatzes prüft bereits den Umzug nach UK https://t.co/78QSwUnxL8,1,-1,-1,0,0,0
Apluschoice 1000W 32.7cc Gasoline Hammer Drill 2in1 Demolition Petrol Tool EPA https://t.co/1nk9zLfoZC eBay https://t.co/gcGxdEXugb,1,-1,-1,0,0,0
Zweites  nach der  entlang der  - wie geht es den Menschen jetzt?  in Bad -. @SWRpresse (red) https://t.co/NvE3zFRVuN,1,-1,-1,0,0,0
frauen sollen demnächst dank selbstbestimmungsgesetz einfach ihr geschlecht wechseln und das gender pay gap existiert nicht mehr,1,-1,-1,1,0,0
"GEOREOBWA WIEOM LIKE A LIONNNN
NUNPPICHEN GEODAEHAN DEZZAYURRRR
DEO BUEO GASOLINE ON FIRE
BULGIL SOGE DASHI NARA RAYZUNNNNN
https://t.co/7za2fA8k7O",1,-1,-1,0,0,1
"Die größte  seit dem Krieg!

Erfunden von  und , zementiert von ,  und 
(Tagesschau 2004)

 
https://t.co/UUMbiWfUip",1,-1,-1,1,0,0
""" ist keine Weltmacht. Die  würden es mit einem Finger zerquetschen ...
Die Deutschen wollen  als Stelzen benutzen, um sie viel größer erscheinen zu lassen""
-Chef J.  sieht sich neben den 
-Führern stehen ...
:
https://t.co/6ApCXwON34 @ntvde",1,-1,-1,1,1,1
"2/3 der ""Fachkräfte""  die unsere Regierung bevorzugt, haben weder eine Ausbildung noch einen Abschluss!  

… unsere nächste Generation im Bundestag! https://t.co/Grfcjm6w0n",1,-1,-1,1,1,1
Wieso werden nicht Programme aufgelegt die eine Geburtenkontrolle ermöglichen? Wenn das so weiter geht - na dann GUTE NACHT.,1,-1,-1,1,0,1
"Ich finde es unglaublich, dass diese Frau, die in der Flutkatastrophe total versagt hat und für hunderte Tote verantwortlich ist, sich so unverschämt selbst lobt.",1,-1,-1,1,1,1
"Ich wünsche mir, dass die FDP (wieder) so wird, wie es hier behauptet wird.",1,-1,-1,0,0,0
"Urlaub der ADD-Vizepräsidentin Hermann während der Flutkatastrophe im  : „Instinktlos, unsensibel, unverantwortlich“ - Volle 2 Wochen Urlaub in der Krise - Opposition: Führungsversagen der  Rücktritt Linnertz ""unausweichlich"" https://t.co/BONQNMlGAk via @Mainzund",1,-1,-1,1,0,0
Wenn die Warnung ausbleibt – die Flutkatastrophe im Ahrtal https://t.co/wniXSNNlCe,1,-1,-1,0,0,0
"Mehr Debatte über Altersdiskriminierung? Gerne! 

Jedes Jahr werden 100.000 Menschen ihres LEBENS beraubt, weil sie noch nicht alt genug sind! Die grüne Fam-Ministerin @lisapaus möchte das sogar legalisieren! Dabei wird exklusiv auf ältere Menschen (Frauen) geschaut!",1,-1,-1,1,1,1
"Boah, n paar borderliner und narzissten zu kennen ist schon manchmal das heftigste. Hoffentlich erholt ich mich wieder.",1,-1,-1,0,0,1
"Thailand werde den Vertrag für den Pfizer-Impfstoff gegen Covid-19 für ""null und nichtig"" erklären, alle Zahlungen zurück fordern und die thailändische Bevölkerung entschädigen. https://t.co/4Rj06VU8Dd",1,-1,-1,1,0,0
"1)Herr Bundeskanzler:Viele lesen BILD+viele NICHT!Was nun die Integration von Asylanten+Migranten angeht,auch die Integrationsbeauftragte Ihrer Regierung:Je mehr islamische Asylanten/Migranten/Zuwanderer in UNSER DEUSCHLAND kommen,um so mehr schüren Sie den Antisemitismus,",1,-1,-1,1,1,1
In der Tat eine wichtige Initiative von @c_lindner und der @fdp: Liberale Demokratien müssen jetzt enger zusammenrücken  https://t.co/jm2p6TUYzN,1,-1,-1,0,0,0
"Hoimar von Ditfurth 1978: einziger Ausweg aus Klimakatastrophe - schon damals absehbar - ist Geburtenkontrolle! Heute würde man ihn wg. angeblichem ""Rassismus"" medial schlachten:

Der Ast auf dem wir sitzen 2/2 - 2017 https://t.co/HbTWT9EBWp via @YouTube",1,-1,-1,1,1,1
"COVID-Widersprüche: Asymptomatische Tests, fehlende Gefährdung von Kindern – COVID-19, die finstere verborgene Agenda

https://t.co/fimCXrq2H2",1,-1,-1,1,0,0
Flutkatastrophe: Warum flog die Bundeswehr erst am nächsten Tag? https://t.co/BeNZIMyVDp,1,-1,-1,1,0,0
Sieh dir dieses Instagram-Video von @ali.javanmardi an https://t.co/bmYvgTm9ua @ABaerbock @n_roettgen @TobiasBillstrom @MinColonna @JosepBorrellF @SafaiDarya @ilkhanipour @JamesCleverly @OlafScholz @RishiSunak @larsklingbeil @El_KaWeh_ @YeOne_Rhie @arminarefi,1,-1,-1,0,0,0
"Da fällst Du nach 11 Stunden aus dem Untersuchungsausschuss   / und kriegst (wieder) nicht mit, dass Du nen Drüko über einer Falschmeldung rausgehauen hast (via &amp;) https://t.co/qMLjRIAvj1",1,-1,-1,1,0,1
Wer für Frauenrechte ist kann dieses Regime nicht unterstützen @ABaerbock @GrueneBundestag @k_langensiepen @SPDEuropa https://t.co/3Kpsv1Ijxv,1,-1,-1,0,0,0
Dieter Nuhr über Baerbock Kriegserklärung https://t.co/Imabw1PJRy via @YouTube,1,-1,-1,0,0,0
"Die ÖVP rechnet ihre erfolglose Politik schön:
1. Deutschland hat eine niedrigere Inflation als Österreich;
2. Deutschland bekämpft die Teuerung an der Wurzel. Die Inflation wird dort gesenkt (Gaspreisdeckel). In Österreich bleibt die Teuerung unnötig hoch.",1,-1,-1,1,0,0
"October 28 fuel prices: diesel under €1.90, gasoline is stable https://t.co/Pnp0cVgk7B",1,-1,-1,0,0,0
"Allein in der  drei Beiträge zum  

1) Kein Schnee in Österreichs Skigebieten.
2) Ein Dorf in D soll geschliffen werden, um Braunkohle(!) zu fördern.
3) Eine Flutkatastrophe verwüstete große Gebiete Pakistans.

 Wer wundert sich da noch über  ?",1,-1,-1,1,0,0
"Der EU- ist ein befristeter Notfall-Mechanismus, um BürgerInnen und Wirtschaft vor verrückten Marktpreisen zu schützen. 

Er ersetzt jedoch nicht die europäische Solidarität, den gemeinsamen Energieeinkauf, die Strommarktreform und die Schaffung einer Energieunion.",1,-1,-1,0,0,0
"Wenn wir Gender einfach abschaffen würden, gäbe es dann noch einen Gender Pay Gap?
(Ich find allein raus)",1,-1,-1,0,0,0
Holley Gasoline Carburetor Jet Kits 122-240 Sizes 70-79.                      | eBay https://t.co/5zFjQYQqcg,1,-1,-1,0,0,0
"https://t.co/Yye9t3g1D2 
Innerhalb von zwei Monaten nach einer Covid-19-Impfung ist das Risiko, eine Gürtelrose zu entwickeln im Vergleich zu ungeimpften Personen fast verdoppelt.",1,-1,-1,1,0,0
BS7500 gasoline generator https://t.co/jcbaMvL5My,1,-1,-1,0,0,0
"Ich nenne das: „In Liebe vereint“
@ABaerbock = @Die_Gruenen
@MAStrackZi = @fdp
@larsklingbeil = @spdde @spdbt
Für mich ist das die Einheitspartei Deutschland = EPD 
Gesehen auf dem Facebook-Account von Strack-Zimmermann. 
Veranstaltung: Orden wider den tierischen Ernst, Aachen  https://t.co/JGrcYFnp1Q",1,-1,-1,0,0,0
Seuchenminister in Aktion .. as usual ..   wurde ausgeblutet ..,1,-1,-1,1,0,1
"Zu Herrn  fällt mir ein, daß  tatsächlich der Schlüssel für die Probleme in  ist. Und Kondome verteilen funktioniert dort seit Jahrzehnten nicht",1,-1,-1,0,0,0
"Als ich aus dem  ins Freie trat und zu den blauen Wäldern hinüberblickte, musste ich an das traurigste der Kaps, , denken und daran, wie hart es ist, immerzu von Kriegen und Katastrophen berichten zu müssen.
Dieser -Fokus ließ mich frösteln.
cap(e)com",1,-1,-1,0,0,0
"Liebe Feminismen und alle Menschen, die an Menschen-und  glauben, möchte ich  Ihnen auflisten, welche Einschränkungen seit der Machtübernahme der Taliban in Afghanistan  gegen  bisher durchgesetzt wurden.1/5
  https://t.co/wyjOOSnRMF",1,-1,-1,0,0,0
"in Deutschland trägt stärker zum Treibhauseffekt bei als der gesamte innerdeutsche .

https://t.co/IyWOLLLhun",1,-1,-1,1,0,0
Rund eineinhalb Jahre nach der Flutkatastrophe im  in  haben Ministerpräsidentin Malu  und Innenminister @michaelebling mit Bürgermeistern über den weiteren Wiederaufbau beraten. Dabei sagten sie ihnen mehr Unterstützung zu. https://t.co/FqYT57U0Tx,1,-1,-1,0,0,0
"kinders.. emissionsfreie welt besser gestern als heute. verbrenner aus oder CO2-emittier-verbot? was ist mit biomethan zu methanol konversion, das nimmt form an. mit der agrarfläche für die tiermast könnten wir gas und gasoline so locker ersetzen?",1,-1,-1,0,0,0
Bundesweit verdienen Frauen im Schnitt 18 Prozent weniger als ihre männlichen Kollegen. In Brandenburg sieht das völlig anders aus. Hier schrumpft der sogenannte Gender Pay Gap ganz erheblich. Bei Vollzeitjobs beträgt die Lohnlücke nur 1 Prozent. https://t.co/4bxDqPdylH,1,-1,-1,0,0,0
"Die verheerende Flutkatastrophe ist gerade mal ein Jahr her, da reduziert die  die Mittel für den Katastrophenschutz um mehr als 1/5. Dies ist für die Opfer der  ein Schlag ins Gesicht. 1/2",1,-1,-1,1,0,0
Und im einzigen Nicht-Dürre-Jahr hatten wir eine Flutkatastrophe im Wert von ca. 30 Milliarden Euro.,1,-1,-1,1,0,0
"„Ich muss das Kopftuch tragen, weil ich dazu gezwungen werde…..“

Diese und ähnliche Antworten werden erwartet, wenn ich gefragt werde, warum ich das Kopftuch trage!

Nein - es ist nicht so! 

  
     https://t.co/M40YhRy2vA",1,-1,-1,0,1,0
Die Deppen und der Gaspreisdeckel https://t.co/moAoXAz8ik via @Politikstube,1,-1,-1,0,1,1
JAEMIN GASOLINE PFP NO MORE,1,-1,-1,0,0,0
"Zahl der Aktionärinnen ist nach wie vor deutlich niedriger als die Zahl der Aktionäre. Dieses Ungleichgewicht in auch eine Folge des  &amp; : wer weniger übrig hat,muss bei geringerer Risikotragfähigkeit auch bei Finanzanlagen konservativer agieren. https://t.co/Dr42NoDOfL",1,-1,-1,0,0,0
wire gasoline,1,-1,-1,0,0,0
"Habeck will Energiekosten-Zuschüsse ausweiten!

Der  ist  vollkommen egal, sollen halt nichts verkaufen, aber gerade dieser ist unser Rückgrat. Die Zuschüsse für erfolgreiche Konzerne wurden gleich auf den Weg gebracht.  

  https://t.co/AY9x4F5AAL",1,-1,-1,1,0,1
"In 3 Sendungen im laufenden Jahr waren bei @annewill folgende PV zu Gast:
: 2, jeweils @Ricarda_Lang
: 1
: 1
, , ,  (zusammen): 0
Braucht es noch mehr Hinweise darauf,dass die  sich durch eine ungesunde Nähe zu  auszeichnen?  https://t.co/P3hE83kjnF",1,-1,-1,0,0,0
".@Women7official, @civil7official, @y7summit versammelt zur gemeinsamen Pressekonferenz zum Rückblick und Resume der deutschen  Präsidentschaft.  https://t.co/RMAIwHY73P",1,-1,-1,0,0,0
"-Außenminister werden die Lage in der   diskutieren 

    @MFAJAPAN  

https://t.co/DPAXX5k6Qb",1,-1,-1,0,0,0
"""DAS HABEN SIE UNS INS LAND GEHOLT: „Islamisten“-Demo in Hamburg""

@Bundeskanzler @OlafScholz @NancyFaeser @BMI_Bund @CDU @cducsubt 
https://t.co/oqkqO7hiHI",1,-1,-1,1,1,1
"2018 kündigte Elon Musk an, er wolle Tesla von der Börse nehme. Ein Rechtsstreit mit Anlegern, die sich betrogen fühlten, endete erst jetzt. https://t.co/UgXViWqSJ9",1,-1,-1,0,0,0
Lederboot von Lofina in Gasoline Underground - dagmarfischer mode | Ausgefallene Designer Mode - Online kaufen | https://t.co/7DzqWBh9us https://t.co/qLacl5osRF https://t.co/stWQTvfW2h https://t.co/qjUGcTVWef,1,-1,-1,0,0,0
"Eine Frau, die für viele starke Frauen steht. In Afghanistan und überall dort, wo Frauen systematisch unterdrückt werden.   @IFFF_WILPF @medicamondiale @Frauenrat @freiheitsrechte @KOK_eV @lsvd @profamilia_bv @amnesty_de @FMenschenrechte",1,-1,-1,0,0,0
Klimaschutz = Geburtenkontrolle!,1,-1,-1,1,1,1
"""Tiere zu töten schmeckt mir nicht;
-Gegner schmecken mir nicht ...""

Diesen Irrsinn hypt  @ZDF-@heutejournal!

Tier töten = pfui.
Menschen töten = hui!",1,-1,-1,1,1,1
"Kein Wunder das Andrew Tate kein Wert auf Frauenrechte legt, wenn er mit den handelt, und in die ganze Welt verkauft! Nice try an der Stelle…",1,-1,-1,1,1,1
Driver Axle Shaft Front Axle Gasoline 4 Cylinder 2WD Fits 06-12 RAV4 5298239 https://t.co/ov9fRscXhD eBay https://t.co/kRaxP1QnYq,1,-1,-1,0,0,0
"Gas shortage intensifies in Sindh, Balochistan http://t.co/3sDsOPX3uu",1,-1,-1,0,0,0
"Ohhhh..... auch schon mal aufgewacht?????

EU-Kommissar will Gespräche mit Afrika über Geburtenkontrolle | MMnews https://t.co/fmRkCq7My4",1,-1,-1,0,0,0
"Nach der vorletzten Jahrhundertwende, hätte die  die Zukunft der Mobilität im mechanischen Pferd gesehen.",1,-1,-1,0,0,0
Die für den morgigen Freitag ursprünglich vorgesehene Befragung der   im Untersuchungsausschuss zur  zum Stand der Ermittlungen muss verschoben werden. Das geht aus der aktualisierten Tagesordnung für den Sitzungstag hervor.,1,-1,-1,0,0,0
"(mdr) „Thüringer Pflegeheime können Fachkraftschlüssel nicht einhalten“.

Kommen sie als Pflegefachkraft nach Thüringen, wo sie so schön ausgebrannt werden. Als Belohnung gibt's den Mindestlohn?! und später einen langen Aufenthalt in Thüringens besten Psychiatrien.",1,-1,-1,0,0,1
Used Fuel Tank fits 2010 Volkswagen Golf Sdn gasoline 2.0L Grade A https://t.co/ChCI6FvAFP https://t.co/qMoDHmd2In,1,-1,-1,0,0,0
"Schaut an ⁦@c_lindner⁩ ⁦@MarcoBuschmann⁩ ⁦@Wissing⁩. Und dann schaut mal hin, wer eure potentielle Wählerschaft ist. 
Dreckiges Lachen. Ich sticke schon mal gelb-pinke Taschentücher für den Auszug der Asozialen aus dem Bundestag, hm?  https://t.co/p4XtIOMTnT",1,-1,-1,1,1,1
In einem Saal im -Tagungsort hängt eigentlich ein Kruzifix aus dem 17. Jahrhundert. Auf Fotos ist es nun verschwunden. Warum wurde es abgehängt? https://t.co/V8Yq6LLUvK,1,-1,-1,0,0,0
"Frau, Leben,  - Der  Talk

@MunaDuzdar1, Behrouz  (@IfS_wwu), @sirmirzaei &amp; @SchulzeRein analysieren die aktuelle Lage im  &amp; die Chance für eine nachhaltige Veränderung des politischen Systems.
https://t.co/3VdcC50IMd",1,-1,-1,0,0,0
"? Was machen die da?
Ist das eine schwarze Messe? https://t.co/6ogoyAiXwL",1,-1,-1,0,1,0
"Unsere Gesellschaft ist echt zum kotzen. Klima/FFF-Demos werden kontrovers diskutiert, aber die OFFENSICHTLICHEN Drohungen der Islamisten in Hamburg werden toleriert...
@NancyFaeser @Bundeskanzler",1,-1,-1,1,1,1
"zahlt –  und  kassieren!

CSU/FW Regierung verschenkte sage und schreibe knappe 10 Mrd. € an . 

Wir sagen: Schluss damit!
Wir müssen 




 https://t.co/aW6uGMyYxu",1,-1,-1,1,0,0
"HH-AutoParts Fuel Pump Assy In Tank Gasoline Pump Unit For BMW 16117159604 E8526M P76675M FG1585 SP5059M 16117159604 16146766157
WhatsApp: +8613385851033
Email: sales04@hh-autoparts.com
Skype: hh-autoparts804
https://t.co/cOkGu9N8xp
https://t.co/kt2LJ9pfZp
  https://t.co/ZOqqPrjVDS",1,-1,-1,0,0,0
"Die ⁦@lailaschmandi⁩ hat ein Interview mit dem Onkel des verhafteten iranischen Rappers Toomaj Salehi geführt, der sich mit und in seinen Texten immer für Freiheit, Selbstbestimmung und Frauenrechte einsetzt.    https://t.co/H81FGif4gY",1,-1,-1,0,0,0
"'Total-Eskalation gegen Ungeimpfte: Mücksteins brutale Ansage: Ohne PCR-Test herrscht bald Arbeitsverbot!' 
https://t.co/8G3so4nHvk",1,-1,-1,1,1,1
Die Rechnung ist einfach: Ungleiche  = schlechter bezahlte Positionen für Frauen. Ungleiche Verteilung der  = weniger Zeit für bezahlte Erwerbsarbeit.  = weniger Geld für gleiche Leistung. In Summe: der . https://t.co/GcyQnGa95B,1,-1,-1,0,0,0
Ein Gaspreisdeckel wäre ökonomischer Unsinn. https://t.co/0Ir81kJ5Wx,1,-1,-1,0,0,0
"Übersichtsseite bei Prime Video noch nicht scharf, aber für 0,99 € werden nach einem groben Blick folgende Filme geliehen:

- ""The Roundup""
- ""The Killer - Someone Deserves to Die""
- ""Pfad der Vergeltung""
- ""Gasoline Alley""
- ""Last Looks""
- ""Christmas, Bloody Christmas"" https://t.co/XGbidVv81u",1,-1,-1,0,0,0
Solange nicht bewiesen ist dass  sollte auch für ihn die Unschuldsvermutung gelten. Ich vermisse allerdings dass bei den ganzen Indizien und seltsamen Zufälen Ermittlungen gibt!,1,-1,-1,0,0,0
"Mit einem  für russisches  wollen die , die  Staaten und  ab heute  im  gegen die  unter Druck setzen.

     https://t.co/62PxLF8sA9",1,-1,-1,1,0,0
"https://t.co/oao3c41Z5f

dieBasis zeigt Außenministerin Baerbock beim Internationalen Strafgerichtshof an

    04.02.2023Redaktion (sn)Allgemein, Pressemitteilung

Pressemitteilung der Partei Basisdemokratische Partei Deutschland dieBasis",1,-1,-1,0,0,0
GASOLINE | Global Citizen https://t.co/R06T47LKu7,1,-1,-1,0,0,0
"In  kommt heute eine Helferin zu Wort und auch  der  im . Nadia Ayche ist die Frau hinter „Einfach machen! – Patenschaften“, die unermüdlich Hilfe organisiert. Jetzt auf https://t.co/Xpc73iS1cI und überall, wo es  gibt.  https://t.co/rAQJ9LanHr",1,-1,-1,0,0,0
"Sachbeschädigung durch , schon mal davon gehört, Herr @MarkusBlume ? Pakistan braucht mehr als 33 Milliarden Dollar für die Bewältigung der Flutkatastrophe. Jedes Jahr eine solche Summe könnte auch Deutschland kaputt machen. /1",1,-1,-1,0,0,0
Frau @ABaerbock hat eben mal den deutschen Spionageballon losgeschickt! Pssst niemand soll wissen dass der von uns kommt! https://t.co/9S2kdVBRpo,1,-1,-1,1,0,0
"Die kleine Show am frühen Morgen @dflkultur:   . Und sonst noch so alles, was Ihr von eurem Radio so erwartet. 

Spoiler 1: Ich bin noch dran.
Spoiler 2: Ich muss auch noch Wäsche ab- und aufhängen.",1,-1,-1,0,0,0
"[21:45] Dave Grusin - Gasoline Alley

[radiko]
https://t.co/mJ9WWuZb6R",1,-1,-1,0,0,0
"Nach dem langen und beschwerlichen Kampf für Frauenrechte - und nun sollen wir nicht einmal mehr ein Recht auf unsere eigene Toilette haben? 
Es reicht ein für alle mal!!

Siehe   https://t.co/WVLU6Kf3iC",1,-1,-1,0,0,0
"Weil alles nur zu ihrem  des   gehört , mit allem was zur Zeit ....deshalb wird  und  zur Zeit Mehr als in den letzten  hat überhand genommen....vermischt mit vergeßlichkeit @Bundeskanzler",1,-1,-1,0,0,0
"Die Verzögerung, eigentlich die Vermeidung Ihrer Seite, im Bezug der  der iranischen , macht Sie automatidch mitschulig an all die Terrorakten der genannte Garde auf der Welt!!
Wir verlangen unbedingt die Terrorlistung!
@RishiSunak
@Bundeskanzler",1,-1,-1,1,1,1
"„Pakistan wurde von einer der größten Naturkatastrophen und tödlichen Überschwemmungen heimgesucht, von denen Millionen von Menschen betroffen waren.“

https://t.co/JPa4yJY2ZZ",1,-1,-1,0,0,0
"Was immer wir die Bürgerinnen+Bürger der BRD sagen,schreiben,ist von keinerlei Interesse für unsere Politikerinnen+Politikern,allen voran Bundeskanzler Scholz.Wir sind nur die,die alle paar Jahre mal ein Kreuzchen machen dürfen!Ansonsten dürfen ein paar ausgesuchte Experten /1",1,-1,-1,0,0,0
"Die  weigert sich also aktiv etwas gegen den Klimawandel zu unternehmen.

Das erklärt auch, warum Herr  Autobahnen schneller ausbauen will.
/PM",1,-1,-1,0,0,0
"Straßen blockieren ist für die kein Protest, sondern ein gut bezahlter Beruf. 

@Bayernpartei @bayernparteimuc 
  https://t.co/ZFAZU0ojQP",1,-1,-1,0,1,1
"Die  wurden wie die  zu Staub zermahlen vom  wir sind nur noch Sklaven, wenn ein paar Hetzredner und Verleumder uns Geisteskrankheit beleidigen und beschuldigen. Wen interessiert schon die   im Euthanasie Holocaustgutfinderstaat?@spdbt",1,-1,-1,1,1,1
"""Mama, Du bist doch überhaupt nicht witzig.""
(Tochter von Annalena Baerbock)

 -  bekommt ""Orden wider den tierischen Ernst"" in  https://t.co/qi2K1j8n4W https://t.co/46r7qWis3l",1,-1,-1,0,0,1
"Hätten Sie es gewusst?

Der US-General Patton urinierte in jeden Fluss, den er im Kampf überquerte. 

Er schrieb u.a. an Eisenhower: „I have just pissed into the Rhine River. For God‘s sake send some gasoline!“

Mehr: https://t.co/RR8eIxrj6G https://t.co/MTfyDQTI7i",1,-1,-1,1,0,0
Gehalt - Der Gender Pay Gap ist eine Unverschämtheit - Süddeutsche Zeitung https://t.co/qHAgtwZ2Ok https://t.co/6ODY4kOUar,1,-1,-1,1,0,0
"Oh wir haben übrigens seit letzter Woche eine neue Tür! Briefkästen hängen auch nicht mehr so tief!
         https://t.co/6dzHJfxg3D",1,-1,-1,0,0,0
"Nach der  in  und -Pfalz sollen die Deutschen in Zukunft früher gewarnt werden. So funktioniert  Broadcast, das neue  der .

https://t.co/qhTn7IVHIG",1,-1,-1,0,0,0
"34% Off!

Sportsman Gasoline 4000W Portable Generator 

https://t.co/MFv2eN26xo

     https://t.co/vkAHzfW0lB",1,-1,-1,0,0,0
"Wisst Ihr,wie Baerbock in Afghanistan die Frauenrechte durchsetzen will? Sie will die humanitäre Hilfe für die hungernden Afghanen weitgehend stoppen. Motto: Mal sehen,ob die Taliban den Frauen mehr Rechte geben, wenn wir deren Familien noch mehr aushungern als bisher. Teuflisch!",1,-1,-1,1,0,1
"Heute im Talk: Sibylle von Heydebrand
Die FDP-Frau aus Arlesheim setzt sich an vorderster Front für Frauenrechte am UNO Kongress nächste Woche ein. Wir wollen wissen, wo sie noch Nachholbedarf sieht.
@Telebasel Talk – ab 18.45 oder dann hier: https://t.co/CO93aEQ9Bk https://t.co/5o56qRXTC3",1,-1,-1,0,0,0
"Er vergleicht gerade Frauen, die ihre Räume und ihren Frauensport behalten wollen, mit den Taliban. Und die Linke wundert sich, warum sie nicht gewählt werden. Taliban wollen keine Frauenrechte, Marco auch nicht.",1,-1,-1,1,1,1
"Genau solch hasserfüllte, ideologisch verblendete und fanatische Personen in der Politik, wie       + ihr Propaganda-Funk haben Deutschland schonmal richtig in die Scheiße geritten !",1,-1,-1,1,1,1
"""Innenstadt: Betretungsverbot für Müllsammler während ""

Ich lasse es einfach so stehen, damit ihr etwas über meine Stadt, mein Land und meine Kultur erfahrt.",1,-1,-1,0,0,0
"Wer schon Gender Pay Gap scheiße findet, sollte sich die Zahlen zu Motherhood Panelties im internationalen Vergleich anschauen: https://t.co/8icJ5vNR2Y",1,-1,-1,0,0,1
kairi fdp,1,-1,-1,0,0,1
"Der über alles verehrte Herr Mag. Herbert Jörg Kickl wird neuer Bundeskanzler?
Und wird die ""Corona-Great-Reset-Sekte hinter ""schwedische Gardinen"" befördern?

https://t.co/j7LVe0Obpp",1,-1,-1,1,1,1
": Das Bergamt in  hat bis heute kein vollständiges Bild, wie es um den Hochwasserschutz an Tagebauen steht. Der Wall vor der Kiesgrube in Erftstadt-Blessem wurde nie selbst geprüft. Erkenntnisse aus dem U-Ausschuss im @Landtag_NRW.  https://t.co/F0j1gNAqK9",1,-1,-1,0,0,0
"Ich befürchte morgen bekommen wir einen sehr lauten Jahreswechsel. Wenn das der Auftakt für eine bessere Zeit, Gerechtigkeit und die Bestrafung der Regierungsverbrecher wäre, dann hätte ich absolut nichts dagegen.",1,-1,-1,0,0,0
"Der liberale Denkanstoß:

Wenn Sie die Bundesregierung für die Sahara verantwortlich machen würden, würde es in 5 Jahren Sandknappheit geben.

 Milton Friedmann https://t.co/jymcSaoGPf",1,-1,-1,1,0,0
"Richtig. Aber der grösste Teil der -Klientel hat das  nicht , sondern den andern aus der Tasche gezogem.",1,-1,-1,0,0,1
"„Rettet Dr Farhad Meysami” - Jetzt unterschreiben! https://t.co/xXxj5c8mDE via @ChangeGER  ist inhaftiert und wird gefoltert, weil es sich für Frauenrechte im Iran und gegen den Kopftuchzwang einsetzt",1,-1,-1,0,0,0
"Keine roten Linien für unseren neuen Kanzler?
Was bedeutet das,Umerziehungslager,Arbeitsverbot?Rationierte Lebensmittel?
Ein Kanzler erklärt Teilen der Bevölkerung den Krieg!",1,-1,-1,1,1,1
"Wir wünschen ein frohes neues Jahr und hoffen, dass 2023 ein erfolgreiches Jahr im Kampf um Frauenrechte sein wird.",1,-1,-1,0,0,0
"Das Interview im Cicero mit Frau Engelken vom 27.10.2022.
Das Thema erachte ich ebenso als hochgradig wichtig:

Interview mit Ben Krischke – „Das ist ein Angriff auf Frauenrechte“ – Cicero Gesellschaft https://t.co/FOPYseC07Q",1,-1,-1,0,0,0
"Kükenschreddern verbieten.
Abtreibung nach der Geburt erlauben.",1,-1,-1,1,1,1
"An dieser ""Verrohung"" habt ihr selbst den größten Anteil @NancyFaeser
Holt ihr doch die ""Verrohten"" zu Millionen hier ins Land

n-tv NACHRICHTEN: Polizei und Feuerwehr attackiert: Faeser fordert harte Bestrafung von Silvesterangreifern.
https://t.co/FbR7cA6MMY",1,-1,-1,1,1,1
"Lobbyist, aber kein Gesundheitsminister!

Seit Jan. 22 hat der Bund eine Million Therapieeinheiten Paxlovid beschafft. Rund 500 € verlangt Pfizer pro Einheit, für den Kauf flossen also Hunderte Millionen an Steuergeldern.",1,-1,-1,1,0,0
"Ich habe jetzt den Brief vom Gesundheitsamt erhalten. Sie drohen mir mit Zwangsgeld und Bußgeldverfahren und Betretungsverbot und Arbeitsverbot, wenn ich mich nicht bis 6.6. Impfen lasse oder wieder infiziert habe und genesen bin. Ich bin eine Verbrechern",1,-1,-1,1,1,1
"Die  ist auch eine klare Botschaft an UHBP @vanderbellen, der dem Volk vorschreiben wollte, was sie zu wählen haben!

Ein Bundespräsident, der im Vorhinein demokratisch gewählte Personen und Parteien ausschließt, handelt undemokratisch!",1,-1,-1,0,0,0
"Auf einem jüdischen Friedhof steht ein Denkmal für einen gefallenen Soldaten.
Frankenhaus Karl * 24.01.1878 in Ahaus, Wohnort Ahaus
1. Bal. Abw. Kann. Btt. E. Btl. Fußa. R. 20 + 21.02.1917

@hk1418de       https://t.co/8sYv8FCr0q",1,-1,-1,0,0,0
"Von den über 100 Milliarden, die die bay. Finanzämter jährlich einnehmen, bleibt weniger als die Hälfte in Bayern. 
Der bay. Beitrag zum  steigt Jahr für Jahr. 

   https://t.co/BHpLn4mcDw",1,-1,-1,0,0,0
"Eine brandgefährliche Kriminellen-Vereinigung 
aus   -  -  - 
Konzerne und Medien 

Powerful individuals, groups and large global organisations are at the forefront of a plan labeled ‘

https://t.co/ukaX4pPJn7",1,-1,-1,1,0,0
"Der Kanton Zürich braucht 2023-27 wieder eine verlässliche bürgerlich-liberale Politik.
Steuersenkung um 10% 
Abbau von Regulierungen um 20% 
Mehr Raum für den Privatsektor
Eine wirksame Klimapolitik
Mehr dazu im @SRF-Wahlinterview: https://t.co/1WkqAvLeJb",1,-1,-1,0,0,0
"https://t.co/JLBNpMHITw 
   und Drosten vor Gericht",1,-1,-1,1,0,0
"Gates 23972 Flexible Gasoline Fuel Filler Neck Hose-3' Length, Inner Diameter 2"" AQPAKQH

https://t.co/F4YSpEpv5e https://t.co/AmCIpUI8pv",1,-1,-1,0,0,0
Eilmeldung: Baerbock vor Gericht angezeigt! https://t.co/N6Px1M1vYg via @YouTube,1,-1,-1,1,0,0
"87  $4.19 (@ Costco Gasoline in San Diego, CA) https://t.co/tQqClbdc8K",1,-1,-1,0,0,0
"Auxico Resources, BYD, Nordex - Energiewende in Gefahr: Knappheit kritischer Rohstoffe           https://t.co/EeVpvt1tYG https://t.co/zpQJ2Fuxpr",1,-1,-1,1,0,0
"Trans Frauen sind biologische Männer, das einem Mantra gleich wiederholte Sprüchlein, dass dem nicht so sei, soll Frauenrechte zurückdrängen, Frauen sollen sich beugen, Rechte von Transpersonen zulasten von Frauen durchzusetzen ist kein Menschenrecht.",1,-1,-1,1,1,1
"wird gehyped wie eine Heilige.
-zwang Menschen zur -Impfung
-ließ  mit aller Härte verfolgen und verhaften
-verhängte Extrem-
Sie war eine der härtesten politischen .
Eine Schande für die  Demokratie.",1,-1,-1,1,1,1
"𝐒𝐞𝐢 𝐀𝐜𝐡𝐭𝐬𝐚𝐦:
 𝐉𝐄𝐓𝐙𝐓, 𝐬𝐞𝐢𝐭𝐞𝐧𝐬:












𝐞𝐭𝐜. 
𝐬𝐭𝐞𝐡𝐞𝐧 𝐢𝐧 𝐝𝐞𝐫 𝐀𝐠𝐞𝐧𝐝𝐚...",1,-1,-1,0,0,0
"In der Tat. Wir leben heute in einer Situation wie 1918. In einem Epochenumbruch: liberale Demokratie gegen Autoritarismus. Während die SPD die liberale Demokratie verteidigte, spaltete die KPD die Arbeiterklasse auf Anweisung Stalins mit der Sozialfaschismus-Theorie.",1,-1,-1,0,0,0
"für Professuren in  bleibt nahezu gleich: Bei W3-Professuren verdienen Wissenschaftlerinnen €660, bei W2-Professorinnen um €320 und bei W1-Professorinnen um €150 Euro geringer als ihre Kollegen.   https://t.co/OYY3g9q5fo",1,-1,-1,0,0,0
"Schon mal jemanden aufgefallen: das Thema Geburtenkontrolle wird total ausgeklammert, von allen Parteien, Kirchen, Medien ! Auch die AfD traut sich nicht... dabei wissen alle...dass ist der GRUND ALLER PROBLEME ! Vor 4Jahren , sprach jeder darüber https://t.co/k3uXXEK6y3",1,-1,-1,1,0,0
Seit ihrer Machtübernahme vor 16 Monaten haben die Taliban in Afghanistan Frauenrechte massiv eingeschränkt. Nun folgt die nächste drastische Maßnahme. https://t.co/F9sQnY5xmw,1,-1,-1,0,0,0
"Haben zur pw-Stunde n Vortrag über Frauenrechte und Feminismus im Iran und Afghanistan angehört... Also zunächst mal, die migrierten Kerle sind vor allem krass into it, die Frauen mit hijab eher unbeteiligt und so nach dem Motto mach ma hin, ich esse zeitig...",1,-1,-1,0,0,1
CDU und FDP spinnen weiter das Märchen von mehr Straßen = schnellerer Verkehr. Alle wissenschaftliche Erkenntnisse ignorierend.,1,-1,-1,1,0,1
"MOTOALL Valve Pump Petcock Gas Tank Fuel Switch for Chinese Gasoline Generator 5 5hp 6 5hp 7hp 8hp 9hp 11hp 13hp 14h 15hp 16h CNGBQCZ

https://t.co/swi0Hyd011 https://t.co/cmUp6kS1sc",1,-1,-1,0,0,0
Winterwahlkampf für einen Wechsel in Berlin w/ @MarenJasper @bastianroet,1,-1,-1,0,0,0
GASOLINE TUTS TUTS TUTS TUTS,1,-1,-1,0,0,0
"Wenn es  tatsächlich nur um Frauenrechte geht, warum versuchen sie ständig, die Rechte von Frauen zu beschneiden?
Warum arbeiten sie mit Rechten und Abtreibungsgegnern zusammen?
Das ist schon alles sehr merkwürdig.",1,-1,-1,0,0,0
Jung/Klöckner: Wirksamkeit des Preisdeckels fraglich - https://t.co/M9cuEmCOol – Bundestagsfraktion: Berlin (ots) – Ampel bekommt in Brüssel Quittung für Alleingänge Die EU hat sich auf einen Gaspreisdeckel geeinigt. Dazu erklären der klima- und energiepolitische Sprecher der ... https://t.co/S2gvMrgt1V,1,-1,-1,0,0,0
"+++ Update: Do., 16:15 Uhr +++ Kofferfund am Servatiiplatz. Sprengstoffspürhund und ein Entschärferteam sind zur Sicherheit für Überprüfungen im Einsatz. Der Bereich rund um den Koffer ist vorsorglich gesperrt.   https://t.co/XT7xXfYRTX",1,-1,-1,0,0,0
"Lützerath war auch im Landkreis Landshut Thema: Wut hat Frida Niedermeier aus Vilsheim motiviert, dort gegen den Kohleabbau zu protestieren. Für Evi Keil (Kreisvorsitzende Junge Liberale) ist diese Art von Aktivismus übertrieben.

https://t.co/HfEAuvZiqb",1,-1,-1,0,0,0
"+++ Pressemitteilung der AfD-Fraktion +++ AfD-Fraktion initiiert Vernehmung von Fluthelfern im Untersuchungsausschuss: Markus Wipperfürth und seine Mitstreiter gehören zu den großen Helden der Flutkatastrophe | AfDay
https://t.co/33uVz36nw0",1,-1,-1,0,0,0
"Wenn die selbst den Staat ""delegitimieren"" (lächerlich machen)-ist seit Auftreten der ""Querdenker"" ein mühsam gefundener Grund die freie Meinung zu unterdrücken-wer kann die überwachen &amp; sanktionieren ?? @NancyFaeser noch zusätzlich ?? @Bundeskanzler 
@GBA_b_BGH @BfV_Bund",1,-1,-1,0,0,0
"Heute ist der 308. Tag unseres -Vorsitzes. Und der 254. Tag des russischen Krieges. Jeder Tag ist eine Katastrophe. Und für Putin eine verpasste Chance, das einzig Richtige zu tun: den Krieg zu stoppen. Wir G7 sind daher in der Zeit zu einem Krisenbewältigungsteam geworden 1/2",1,-1,-1,0,0,0
"Das ist einfach nur absurd. Die  ist das Problem, nicht die Autobahnen.",1,-1,-1,0,0,1
